"Dataset","lh_inferiortemporal_thickness"
"ABIDE_I",2.628
"ABIDE_I",2.662
"ABIDE_I",2.494
"ABIDE_I",2.713
"ABIDE_I",2.69
"ABIDE_I",2.743
"ABIDE_I",2.732
"ABIDE_I",2.681
"ABIDE_I",2.672
"ABIDE_I",2.878
"ABIDE_I",2.434
"ABIDE_I",2.397
"ABIDE_I",2.685
"ABIDE_I",2.756
"ABIDE_I",2.627
"ABIDE_I",2.446
"ABIDE_I",2.606
"ABIDE_I",2.866
"ABIDE_I",2.322
"ABIDE_I",2.829
"ABIDE_I",2.726
"ABIDE_I",2.892
"ABIDE_I",2.44
"ABIDE_I",3.023
"ABIDE_I",2.575
"ABIDE_I",2.603
"ABIDE_I",2.588
"ABIDE_I",3.088
"ABIDE_I",2.739
"ABIDE_I",3.15
"ABIDE_I",2.973
"ABIDE_I",2.437
"ABIDE_I",2.527
"ABIDE_I",2.58
"ABIDE_I",2.436
"ABIDE_I",2.495
"ABIDE_I",2.885
"ABIDE_I",2.835
"ABIDE_I",2.457
"ABIDE_I",2.95
"ABIDE_I",2.716
"ABIDE_I",2.841
"ABIDE_I",2.876
"ABIDE_I",3.093
"ABIDE_I",3.125
"ABIDE_I",2.948
"ABIDE_I",2.917
"ABIDE_I",2.994
"ABIDE_I",2.886
"ABIDE_I",3.057
"ABIDE_I",2.983
"ABIDE_I",2.915
"ABIDE_I",2.887
"ABIDE_I",3.063
"ABIDE_I",2.994
"ABIDE_I",2.941
"ABIDE_I",2.834
"ABIDE_I",2.888
"ABIDE_I",2.986
"ABIDE_I",2.862
"ABIDE_I",2.691
"ABIDE_I",3.062
"ABIDE_I",2.179
"ABIDE_I",2.453
"ABIDE_I",2.971
"ABIDE_I",2.956
"ABIDE_I",2.612
"ABIDE_I",3.005
"ABIDE_I",2.84
"ABIDE_I",2.867
"ABIDE_I",2.714
"ABIDE_I",2.84
"ABIDE_I",2.862
"ABIDE_I",2.531
"ABIDE_I",2.904
"ABIDE_I",2.567
"ABIDE_I",2.858
"ABIDE_I",2.842
"ABIDE_I",2.664
"ABIDE_I",2.727
"ABIDE_I",2.976
"ABIDE_I",2.91
"ABIDE_I",2.768
"ABIDE_I",2.791
"ABIDE_I",2.719
"ABIDE_I",2.644
"ABIDE_I",2.727
"ABIDE_I",2.901
"ABIDE_I",2.812
"ABIDE_I",2.722
"ABIDE_I",2.702
"ABIDE_I",2.874
"ABIDE_I",2.404
"ABIDE_I",2.816
"ABIDE_I",2.649
"ABIDE_I",2.701
"ABIDE_I",2.448
"ABIDE_I",2.54
"ABIDE_I",2.479
"ABIDE_I",2.918
"ABIDE_I",2.668
"ABIDE_I",2.84
"ABIDE_I",2.596
"ABIDE_I",2.267
"ABIDE_I",2.516
"ABIDE_I",2.626
"ABIDE_I",2.428
"ABIDE_I",2.627
"ABIDE_I",2.598
"ABIDE_I",2.462
"ABIDE_I",2.549
"ABIDE_I",2.504
"ABIDE_I",2.318
"ABIDE_I",2.837
"ABIDE_I",2.916
"ABIDE_I",2.721
"ABIDE_I",2.418
"ABIDE_I",2.449
"ABIDE_I",2.623
"ABIDE_I",2.361
"ABIDE_I",2.51
"ABIDE_I",2.745
"ABIDE_I",2.623
"ABIDE_I",2.889
"ABIDE_I",2.657
"ABIDE_I",2.41
"ABIDE_I",2.531
"ABIDE_I",2.753
"ABIDE_I",2.662
"ABIDE_I",2.56
"ABIDE_I",2.698
"ABIDE_I",2.824
"ABIDE_I",2.659
"ABIDE_I",2.595
"ABIDE_I",2.742
"ABIDE_I",2.619
"ABIDE_I",2.542
"ABIDE_I",2.531
"ABIDE_I",2.723
"ABIDE_I",2.591
"ABIDE_I",2.683
"ABIDE_I",2.546
"ABIDE_I",2.717
"ABIDE_I",2.721
"ABIDE_I",2.52
"ABIDE_I",2.422
"ABIDE_I",2.674
"ABIDE_I",2.276
"ABIDE_I",2.67
"ABIDE_I",2.826
"ABIDE_I",2.742
"ABIDE_I",2.517
"ABIDE_I",2.769
"ABIDE_I",2.692
"ABIDE_I",2.505
"ABIDE_I",2.166
"ABIDE_I",2.417
"ABIDE_I",2.539
"ABIDE_I",2.294
"ABIDE_I",2.37
"ABIDE_I",2.423
"ABIDE_I",2.59
"ABIDE_I",2.539
"ABIDE_I",2.464
"ABIDE_I",2.906
"ABIDE_I",2.434
"ABIDE_I",2.474
"ABIDE_I",2.768
"ABIDE_I",2.917
"ABIDE_I",2.89
"ABIDE_I",3.043
"ABIDE_I",3.043
"ABIDE_I",2.863
"ABIDE_I",3.091
"ABIDE_I",2.673
"ABIDE_I",2.653
"ABIDE_I",3.023
"ABIDE_I",2.934
"ABIDE_I",2.895
"ABIDE_I",2.854
"ABIDE_I",3.01
"ABIDE_I",2.685
"ABIDE_I",2.898
"ABIDE_I",3.084
"ABIDE_I",2.726
"ABIDE_I",2.936
"ABIDE_I",2.968
"ABIDE_I",2.732
"ABIDE_I",3.07
"ABIDE_I",2.94
"ABIDE_I",2.677
"ABIDE_I",3.001
"ABIDE_I",2.936
"ABIDE_I",2.56
"ABIDE_I",2.735
"ABIDE_I",3.046
"ABIDE_I",2.952
"ABIDE_I",2.81
"ABIDE_I",2.828
"ABIDE_I",2.911
"ABIDE_I",2.725
"ABIDE_I",2.644
"ABIDE_I",2.76
"ABIDE_I",2.666
"ABIDE_I",2.869
"ABIDE_I",3.202
"ABIDE_I",2.777
"ABIDE_I",2.721
"ABIDE_I",2.788
"ABIDE_I",2.799
"ABIDE_I",2.744
"ABIDE_I",2.586
"ABIDE_I",2.796
"ABIDE_I",3.01
"ABIDE_I",2.238
"ABIDE_I",2.777
"ABIDE_I",2.743
"ABIDE_I",2.664
"ABIDE_I",2.334
"ABIDE_I",2.421
"ABIDE_I",2.629
"ABIDE_I",2.333
"ABIDE_I",2.475
"ABIDE_I",2.534
"ABIDE_I",2.615
"ABIDE_I",2.644
"ABIDE_I",2.686
"ABIDE_I",2.607
"ABIDE_I",2.462
"ABIDE_I",2.612
"ABIDE_I",2.556
"ABIDE_I",2.666
"ABIDE_I",2.692
"ABIDE_I",2.629
"ABIDE_I",2.372
"ABIDE_I",2.586
"ABIDE_I",2.652
"ABIDE_I",2.523
"ABIDE_I",2.749
"ABIDE_I",2.794
"ABIDE_I",2.7
"ABIDE_I",3.004
"ABIDE_I",2.958
"ABIDE_I",2.696
"ABIDE_I",2.845
"ABIDE_I",2.868
"ABIDE_I",2.861
"ABIDE_I",2.961
"ABIDE_I",2.96
"ABIDE_I",2.693
"ABIDE_I",2.673
"ABIDE_I",2.204
"ABIDE_I",2.709
"ABIDE_I",2.476
"ABIDE_I",2.678
"ABIDE_I",2.684
"ABIDE_I",2.603
"ABIDE_I",2.601
"ABIDE_I",2.638
"ABIDE_I",2.609
"ABIDE_I",2.559
"ABIDE_I",2.63
"ABIDE_I",2.515
"ABIDE_I",2.784
"ABIDE_I",2.664
"ABIDE_I",2.531
"ABIDE_I",2.888
"ABIDE_I",3.034
"ABIDE_I",2.732
"ABIDE_I",2.802
"ABIDE_I",2.871
"ABIDE_I",3.012
"ABIDE_I",2.973
"ABIDE_I",2.766
"ABIDE_I",2.871
"ABIDE_I",2.598
"ABIDE_I",2.906
"ABIDE_I",2.622
"ABIDE_I",2.825
"ABIDE_I",2.798
"ABIDE_I",2.923
"ABIDE_I",2.932
"ABIDE_I",2.691
"ABIDE_I",2.983
"ABIDE_I",2.883
"ABIDE_I",2.776
"ABIDE_I",2.939
"ABIDE_I",2.984
"ABIDE_I",2.943
"ABIDE_I",2.857
"ABIDE_I",3.098
"ABIDE_I",3.031
"ABIDE_I",3.052
"ABIDE_I",2.736
"ABIDE_I",2.841
"ABIDE_I",2.97
"ABIDE_I",3.168
"ABIDE_I",3.272
"ABIDE_I",2.97
"ABIDE_I",2.819
"ABIDE_I",2.83
"ABIDE_I",2.579
"ABIDE_I",2.999
"ABIDE_I",2.741
"ABIDE_I",2.934
"ABIDE_I",2.914
"ABIDE_I",2.821
"ABIDE_I",2.94
"ABIDE_I",2.702
"ABIDE_I",2.85
"ABIDE_I",2.757
"ABIDE_I",3.076
"ABIDE_I",2.741
"ABIDE_I",3.066
"ABIDE_I",2.8
"ABIDE_I",2.853
"ABIDE_I",2.877
"ABIDE_I",2.768
"ABIDE_I",2.719
"ABIDE_I",3.05
"ABIDE_I",2.892
"ABIDE_I",2.961
"ABIDE_I",2.735
"ABIDE_I",2.593
"ABIDE_I",2.63
"ABIDE_I",2.764
"ABIDE_I",2.909
"ABIDE_I",2.757
"ABIDE_I",2.693
"ABIDE_I",2.75
"ABIDE_I",2.638
"ABIDE_I",2.633
"ABIDE_I",2.716
"ABIDE_I",2.782
"ABIDE_I",2.668
"ABIDE_I",2.717
"ABIDE_I",2.783
"ABIDE_I",2.356
"ABIDE_I",2.579
"ABIDE_I",2.577
"ABIDE_I",2.637
"ABIDE_I",2.688
"ABIDE_I",2.614
"ABIDE_I",2.896
"ABIDE_I",2.95
"ABIDE_I",2.752
"ABIDE_I",2.64
"ABIDE_I",2.695
"ABIDE_I",2.903
"ABIDE_I",3.007
"ABIDE_I",2.641
"ABIDE_I",2.5
"ABIDE_I",2.466
"ABIDE_I",2.707
"ABIDE_I",2.619
"ABIDE_I",2.688
"ABIDE_I",2.702
"ABIDE_I",2.958
"ABIDE_I",2.739
"ABIDE_I",2.869
"ABIDE_I",2.627
"ABIDE_I",2.704
"ABIDE_I",2.739
"ABIDE_I",2.534
"ABIDE_I",3.049
"ABIDE_I",2.928
"ABIDE_I",2.889
"ABIDE_I",2.502
"ABIDE_I",2.646
"ABIDE_I",2.785
"ABIDE_I",3.079
"ABIDE_I",2.879
"ABIDE_I",2.513
"ABIDE_I",2.594
"ABIDE_I",2.687
"ABIDE_I",2.807
"ABIDE_I",2.934
"ABIDE_I",2.66
"ABIDE_I",2.74
"ABIDE_I",2.724
"ABIDE_I",2.96
"ABIDE_I",3.026
"ABIDE_I",2.552
"ABIDE_I",2.773
"ABIDE_I",2.704
"ABIDE_I",2.625
"ABIDE_I",2.666
"ABIDE_I",2.548
"ABIDE_I",2.732
"ABIDE_I",2.807
"ABIDE_I",2.398
"ABIDE_I",2.774
"ABIDE_I",2.636
"ABIDE_I",2.927
"ABIDE_I",2.649
"ABIDE_I",2.587
"ABIDE_I",2.489
"ABIDE_I",2.663
"ABIDE_I",2.63
"ABIDE_I",2.876
"ABIDE_I",2.548
"ABIDE_I",2.923
"ABIDE_I",2.862
"ABIDE_I",2.735
"ABIDE_I",2.601
"ABIDE_I",2.579
"ABIDE_I",2.695
"ABIDE_I",2.267
"ABIDE_I",2.615
"ABIDE_I",2.584
"ABIDE_I",2.736
"ABIDE_I",2.984
"ABIDE_I",3.001
"ABIDE_I",2.928
"ABIDE_I",2.547
"ABIDE_I",2.861
"ABIDE_I",2.763
"ABIDE_I",2.801
"ABIDE_I",2.795
"ABIDE_I",2.908
"ABIDE_I",2.861
"ABIDE_I",2.709
"ABIDE_I",2.766
"ABIDE_I",2.358
"ABIDE_I",2.673
"ABIDE_I",2.516
"ABIDE_I",2.659
"ABIDE_I",2.553
"ABIDE_I",2.735
"ABIDE_I",2.461
"ABIDE_I",2.324
"ABIDE_I",2.612
"ABIDE_I",2.754
"ABIDE_I",2.482
"ABIDE_I",2.558
"ABIDE_I",2.253
"ABIDE_I",2.568
"ABIDE_I",2.377
"ABIDE_I",2.434
"ABIDE_I",2.872
"ABIDE_I",2.242
"ABIDE_I",2.71
"ABIDE_I",2.516
"ABIDE_I",2.447
"ABIDE_I",2.585
"ABIDE_I",2.868
"ABIDE_I",2.425
"ABIDE_I",2.957
"ABIDE_I",2.366
"ABIDE_I",2.642
"ABIDE_I",2.777
"ABIDE_I",2.832
"ABIDE_I",2.556
"ABIDE_I",2.544
"ABIDE_I",2.676
"ABIDE_I",2.638
"ABIDE_I",2.805
"ABIDE_I",2.657
"ABIDE_I",2.546
"ABIDE_I",2.635
"ABIDE_I",2.779
"ABIDE_I",2.62
"ABIDE_I",2.675
"ABIDE_I",2.675
"ABIDE_I",2.887
"ABIDE_I",2.923
"ABIDE_I",2.578
"ABIDE_I",2.833
"ABIDE_I",2.988
"ABIDE_I",2.584
"ABIDE_I",2.683
"ABIDE_I",2.779
"ABIDE_I",2.886
"ABIDE_I",2.854
"ABIDE_I",2.743
"ABIDE_I",2.523
"ABIDE_I",2.795
"ABIDE_I",2.977
"ABIDE_I",2.811
"ABIDE_I",2.983
"ABIDE_I",2.94
"ABIDE_I",2.818
"ABIDE_I",2.697
"ABIDE_I",2.745
"ABIDE_I",3.067
"ABIDE_I",2.839
"ABIDE_I",2.76
"ABIDE_I",2.9
"ABIDE_I",2.673
"ABIDE_I",2.866
"ABIDE_I",2.826
"ABIDE_I",2.966
"ABIDE_I",2.684
"ABIDE_I",2.873
"ABIDE_I",2.5
"ABIDE_I",2.973
"ABIDE_I",2.641
"ABIDE_I",2.7
"ABIDE_I",2.515
"ABIDE_I",2.684
"ABIDE_I",2.72
"ABIDE_I",2.724
"ABIDE_I",2.856
"ABIDE_I",2.553
"ABIDE_I",2.573
"ABIDE_I",2.78
"ABIDE_I",2.898
"ABIDE_I",2.847
"ABIDE_I",2.693
"ABIDE_I",2.765
"ABIDE_I",2.732
"ABIDE_I",2.92
"ABIDE_I",2.965
"ABIDE_I",2.962
"ABIDE_I",2.906
"ABIDE_I",2.814
"ABIDE_I",2.601
"ABIDE_I",2.627
"ABIDE_I",2.547
"ABIDE_I",2.665
"ABIDE_I",2.661
"ABIDE_I",2.898
"ABIDE_I",2.634
"ABIDE_I",2.825
"ABIDE_I",2.507
"ABIDE_I",2.713
"ABIDE_I",2.802
"ABIDE_I",2.725
"ABIDE_I",2.668
"ABIDE_I",2.994
"ABIDE_I",2.702
"ABIDE_I",2.765
"ABIDE_I",2.711
"ABIDE_I",2.67
"ABIDE_I",2.613
"ABIDE_I",2.827
"ABIDE_I",2.926
"ABIDE_I",3.033
"ABIDE_I",2.804
"ABIDE_I",2.778
"ABIDE_I",2.799
"ABIDE_I",2.864
"ABIDE_I",2.754
"ABIDE_I",2.645
"ABIDE_I",2.741
"ABIDE_I",2.186
"ABIDE_I",2.839
"ABIDE_I",2.625
"ABIDE_I",2.472
"ABIDE_I",2.612
"ABIDE_I",2.41
"ABIDE_I",2.296
"ABIDE_I",2.638
"ABIDE_I",2.387
"ABIDE_I",2.414
"ABIDE_I",2.28
"ABIDE_I",2.429
"ABIDE_I",2.601
"ABIDE_I",2.487
"ABIDE_I",2.39
"ABIDE_I",2.693
"ABIDE_I",2.234
"ABIDE_I",2.286
"BCH",3.12
"BCH",2.914
"BCH",3.402
"BCH",3.182
"BCH",3.105
"BCH",3.064
"BCH",3.001
"BCH",1.46
"BCH",3.158
"BCH",3.255
"BCH",3.361
"BCH",3.161
"BCH",3.316
"BCH",3.148
"BCH",3.133
"BCH",3.343
"BCH",3.093
"BCH",3.049
"BCH",3.063
"BCH",3.065
"BCH",3.18
"BCH",2.987
"BCH",2.14
"BCH",3.045
"BCH",2.925
"BCH",3.207
"BCH",3.28
"BCH",3.195
"BCH",3.149
"BCH",2.989
"BCH",3.258
"BCH",2.93
"BCH",3.183
"BCH",3.379
"BCH",2.865
"BCH",3.015
"BCH",3.498
"BCH",2.83
"BCH",3.142
"BCH",3.271
"BCH",2.668
"BCH",2.23
"BCH",3.205
"BCH",3.327
"BCH",3.007
"BCH",2.891
"BCH",2.853
"BCH",2.13
"BCH",3.026
"BCH",3.004
"BCH",2.47
"BCH",2.999
"BCH",2.886
"BCH",2.938
"BCH",3.041
"BCH",3.075
"BCH",2.534
"BCH",2.808
"BCH",1.637
"BCH",3.109
"BCH",2.895
"BCH",1.743
"BCH",3.006
"BCH",2.845
"BCH",3.01
"BCH",3.391
"BCH",2.043
"BCH",1.987
"BCH",3.206
"BCH",1.715
"BCH",1.941
"BCH",2.982
"BCH",3.353
"BCH",3.028
"BCH",3.408
"BCH",3.024
"BCH",3.165
"BCH",3.231
"BCH",3.05
"BCH",2.487
"BCH",3.336
"BCH",3.159
"BCH",1.884
"BCH",3.193
"BCH",3.489
"BCH",3.068
"BCH",3.017
"BCH",3.334
"BCH",3.125
"BCH",1.402
"BCH",3.445
"BCH",3.023
"BCH",3.186
"BCH",3.311
"BCH",3.099
"BCH",1.738
"BCH",3.315
"BCH",2.032
"BCH",1.986
"BCH",3.096
"BCH",3.017
"BCH",2.847
"BCH",1.697
"BCH",1.609
"BGSP",2.846
"BGSP",2.835
"BGSP",2.92
"BGSP",2.589
"BGSP",2.895
"BGSP",2.823
"BGSP",2.75
"BGSP",2.801
"BGSP",2.797
"BGSP",2.889
"BGSP",2.731
"BGSP",2.775
"BGSP",2.552
"BGSP",2.751
"BGSP",2.81
"BGSP",2.598
"BGSP",2.776
"BGSP",2.738
"BGSP",2.566
"BGSP",2.688
"BGSP",2.668
"BGSP",2.948
"BGSP",2.804
"BGSP",2.579
"BGSP",2.695
"BGSP",2.715
"BGSP",2.901
"BGSP",2.713
"BGSP",2.564
"BGSP",2.774
"BGSP",2.62
"BGSP",2.714
"BGSP",2.79
"BGSP",2.675
"BGSP",2.748
"BGSP",2.807
"BGSP",2.605
"BGSP",2.807
"BGSP",2.674
"BGSP",2.579
"BGSP",2.773
"BGSP",2.606
"BGSP",2.449
"BGSP",2.818
"BGSP",2.693
"BGSP",2.86
"BGSP",2.606
"BGSP",2.504
"BGSP",2.524
"BGSP",2.699
"BGSP",2.765
"BGSP",2.559
"BGSP",2.724
"BGSP",2.735
"BGSP",2.643
"BGSP",2.799
"BGSP",2.761
"BGSP",2.382
"BGSP",2.762
"BGSP",2.856
"BGSP",2.801
"BGSP",2.719
"BGSP",2.9
"BGSP",2.674
"BGSP",2.716
"BGSP",2.699
"BGSP",2.958
"BGSP",2.596
"BGSP",2.692
"BGSP",2.613
"BGSP",2.512
"BGSP",2.604
"BGSP",2.684
"BGSP",2.682
"BGSP",2.904
"BGSP",2.775
"BGSP",2.579
"BGSP",2.601
"BGSP",2.675
"BGSP",3.013
"BGSP",2.742
"BGSP",2.624
"BGSP",2.413
"BGSP",2.548
"BGSP",2.498
"BGSP",2.788
"BGSP",2.826
"BGSP",2.446
"BGSP",2.644
"BGSP",2.643
"BGSP",2.664
"BGSP",2.686
"BGSP",3.003
"BGSP",2.589
"BGSP",2.652
"BGSP",2.702
"BGSP",2.763
"BGSP",2.596
"BGSP",2.483
"BGSP",2.554
"BGSP",2.587
"BGSP",2.658
"BGSP",2.713
"BGSP",2.483
"BGSP",2.83
"BGSP",2.608
"BGSP",2.553
"BGSP",2.678
"BGSP",2.547
"BGSP",2.627
"BGSP",2.677
"BGSP",2.747
"BGSP",2.636
"BGSP",2.816
"BGSP",2.609
"BGSP",2.646
"BGSP",2.645
"BGSP",2.803
"BGSP",2.716
"BGSP",2.72
"BGSP",2.775
"BGSP",2.673
"BGSP",2.884
"BGSP",2.563
"BGSP",2.794
"BGSP",2.692
"BGSP",2.702
"BGSP",2.507
"BGSP",2.636
"BGSP",2.707
"BGSP",2.736
"BGSP",2.679
"BGSP",2.927
"BGSP",2.735
"BGSP",2.718
"BGSP",2.668
"BGSP",2.714
"BGSP",2.731
"BGSP",2.756
"BGSP",2.7
"BGSP",2.551
"BGSP",2.562
"BGSP",2.658
"BGSP",2.687
"BGSP",2.674
"BGSP",2.533
"BGSP",2.606
"BGSP",2.747
"BGSP",2.636
"BGSP",2.7
"BGSP",2.67
"BGSP",2.523
"BGSP",2.654
"BGSP",2.66
"BGSP",2.792
"BGSP",2.876
"BGSP",2.807
"BGSP",2.7
"BGSP",2.753
"BGSP",2.807
"BGSP",2.791
"BGSP",2.58
"BGSP",2.986
"BGSP",2.775
"BGSP",2.759
"BGSP",2.774
"BGSP",2.7
"BGSP",2.638
"BGSP",2.696
"BGSP",2.851
"BGSP",2.708
"BGSP",2.661
"BGSP",2.69
"BGSP",2.746
"BGSP",2.535
"BGSP",2.713
"BGSP",2.744
"BGSP",2.849
"BGSP",2.858
"BGSP",2.693
"BGSP",2.56
"BGSP",2.826
"BGSP",2.854
"BGSP",2.814
"BGSP",2.653
"BGSP",2.821
"BGSP",2.777
"BGSP",2.732
"BGSP",2.882
"BGSP",2.677
"BGSP",2.785
"BGSP",2.621
"BGSP",2.613
"BGSP",2.826
"BGSP",2.559
"BGSP",2.612
"BGSP",2.727
"BGSP",2.599
"BGSP",2.668
"BGSP",2.822
"BGSP",2.709
"BGSP",2.587
"BGSP",2.828
"BGSP",2.659
"BGSP",2.676
"BGSP",2.608
"BGSP",2.61
"BGSP",2.721
"BGSP",2.503
"BGSP",2.721
"BGSP",2.576
"BGSP",2.532
"BGSP",2.712
"BGSP",2.728
"BGSP",2.927
"BGSP",2.673
"BGSP",2.594
"BGSP",2.647
"BGSP",2.764
"BGSP",2.784
"BGSP",2.625
"BGSP",2.778
"BGSP",2.885
"BGSP",2.827
"BGSP",2.6
"BGSP",2.696
"BGSP",2.723
"BGSP",2.705
"BGSP",2.55
"BGSP",2.626
"BGSP",2.715
"BGSP",2.589
"BGSP",2.74
"BGSP",2.594
"BGSP",2.783
"BGSP",2.747
"BGSP",2.555
"BGSP",2.624
"BGSP",2.633
"BGSP",2.584
"BGSP",2.754
"BGSP",2.9
"BGSP",2.643
"BGSP",2.543
"BGSP",2.622
"BGSP",2.554
"BGSP",2.605
"BGSP",2.853
"BGSP",2.816
"BGSP",2.5
"BGSP",2.679
"BGSP",2.593
"BGSP",2.845
"BGSP",2.925
"BGSP",2.723
"BGSP",2.546
"BGSP",2.472
"BGSP",2.68
"BGSP",2.586
"BGSP",2.628
"BGSP",2.784
"BGSP",2.566
"BGSP",2.764
"BGSP",2.736
"BGSP",2.517
"BGSP",2.737
"BGSP",2.664
"BGSP",2.688
"BGSP",2.752
"BGSP",2.455
"BGSP",2.851
"BGSP",2.732
"BGSP",2.469
"BGSP",2.643
"BGSP",2.815
"BGSP",2.902
"BGSP",2.628
"BGSP",2.583
"BGSP",2.755
"BGSP",2.618
"BGSP",2.863
"BGSP",3.158
"BGSP",2.857
"BGSP",2.489
"BGSP",2.752
"BGSP",2.511
"BGSP",2.816
"BGSP",2.759
"BGSP",2.716
"BGSP",2.518
"BGSP",2.67
"BGSP",2.795
"BGSP",2.59
"BGSP",2.508
"BGSP",2.618
"BGSP",2.545
"BGSP",2.508
"BGSP",2.695
"BGSP",2.613
"BGSP",2.79
"BGSP",2.592
"BGSP",2.627
"BGSP",2.563
"BGSP",2.73
"BGSP",2.631
"BGSP",2.662
"BGSP",2.764
"BGSP",2.578
"BGSP",2.525
"BGSP",2.512
"BGSP",2.852
"BGSP",2.593
"BGSP",2.696
"BGSP",2.558
"BGSP",2.805
"BGSP",2.574
"BGSP",2.988
"BGSP",2.896
"BGSP",2.457
"BGSP",2.909
"BGSP",2.807
"BGSP",2.63
"BGSP",2.691
"BGSP",2.746
"BGSP",2.816
"BGSP",2.448
"BGSP",2.628
"BGSP",2.501
"BGSP",2.779
"BGSP",2.765
"BGSP",2.746
"BGSP",2.59
"BGSP",2.767
"BGSP",2.683
"BGSP",2.818
"BGSP",2.71
"BGSP",2.622
"BGSP",2.805
"BGSP",2.707
"BGSP",2.65
"BGSP",2.754
"BGSP",2.804
"BGSP",2.823
"BGSP",2.701
"BGSP",2.675
"BGSP",2.715
"BGSP",2.638
"BGSP",2.789
"BGSP",2.563
"BGSP",2.586
"BGSP",2.698
"BGSP",2.49
"BGSP",2.7
"BGSP",2.62
"BGSP",2.727
"BGSP",2.744
"BGSP",2.479
"BGSP",2.555
"BGSP",2.584
"BGSP",2.743
"BGSP",2.701
"BGSP",2.666
"BGSP",2.826
"BGSP",2.72
"BGSP",2.606
"BGSP",2.688
"BGSP",2.532
"BGSP",2.69
"BGSP",2.835
"BGSP",2.714
"BGSP",2.691
"BGSP",2.914
"BGSP",2.886
"BGSP",2.543
"BGSP",2.705
"BGSP",2.496
"BGSP",2.646
"BGSP",2.657
"BGSP",2.607
"BGSP",2.604
"BGSP",2.372
"BGSP",2.701
"BGSP",2.707
"BGSP",2.73
"BGSP",2.673
"BGSP",2.645
"BGSP",2.674
"BGSP",2.571
"BGSP",2.419
"BGSP",2.411
"BGSP",2.577
"BGSP",2.689
"BGSP",2.829
"BGSP",2.698
"BGSP",2.645
"BGSP",2.653
"BGSP",2.57
"BGSP",2.67
"BGSP",2.871
"BGSP",2.859
"BGSP",2.73
"BGSP",2.7
"BGSP",2.488
"BGSP",2.722
"BGSP",2.866
"BGSP",2.614
"BGSP",2.72
"BGSP",2.574
"BGSP",2.69
"BGSP",2.891
"BGSP",2.736
"BGSP",2.82
"BGSP",2.704
"BGSP",2.556
"BGSP",2.708
"BGSP",2.825
"BGSP",2.913
"BGSP",2.632
"BGSP",2.708
"BGSP",2.492
"BGSP",2.743
"BGSP",2.684
"BGSP",2.616
"BGSP",2.698
"BGSP",2.685
"BGSP",2.651
"BGSP",2.596
"BGSP",2.52
"BGSP",2.726
"BGSP",2.609
"BGSP",2.684
"BGSP",2.572
"BGSP",2.634
"BGSP",2.699
"BGSP",2.838
"BGSP",2.787
"BGSP",2.683
"BGSP",2.633
"BGSP",2.824
"BGSP",2.696
"BGSP",2.708
"BGSP",2.829
"BGSP",2.572
"BGSP",2.77
"BGSP",2.656
"BGSP",2.58
"BGSP",2.66
"BGSP",2.826
"BGSP",2.994
"BGSP",2.638
"BGSP",2.798
"BGSP",2.795
"BGSP",2.471
"BGSP",2.737
"BGSP",2.835
"BGSP",2.694
"BGSP",2.771
"BGSP",2.87
"BGSP",2.779
"BGSP",2.728
"BGSP",2.827
"BGSP",2.592
"BGSP",2.753
"BGSP",2.476
"BGSP",2.765
"BGSP",2.669
"BGSP",2.77
"BGSP",2.572
"BGSP",2.683
"BGSP",2.709
"BGSP",2.561
"BGSP",2.794
"BGSP",2.844
"BGSP",2.67
"BGSP",2.55
"BGSP",2.718
"BGSP",2.789
"BGSP",2.573
"BGSP",2.703
"BGSP",2.739
"BGSP",2.811
"BGSP",2.47
"BGSP",2.822
"BGSP",2.596
"BGSP",2.553
"BGSP",2.709
"BGSP",2.818
"BGSP",2.647
"BGSP",2.94
"BGSP",2.779
"BGSP",2.775
"BGSP",2.72
"BGSP",2.971
"BGSP",2.862
"BGSP",2.634
"BGSP",2.571
"BGSP",2.759
"BGSP",2.578
"BGSP",2.791
"BGSP",2.675
"BGSP",2.809
"BGSP",2.514
"BGSP",2.796
"BGSP",2.757
"BGSP",2.438
"BGSP",2.818
"BGSP",2.562
"BGSP",2.683
"BGSP",2.631
"BGSP",2.621
"BGSP",2.819
"BGSP",2.787
"BGSP",2.694
"BGSP",2.708
"BGSP",2.539
"BGSP",2.762
"BGSP",2.659
"BGSP",2.653
"BGSP",2.741
"BGSP",2.364
"BGSP",2.653
"BGSP",2.612
"BGSP",2.557
"BGSP",2.882
"BGSP",2.741
"BGSP",2.726
"BGSP",2.745
"BGSP",2.688
"BGSP",2.751
"BGSP",2.635
"BGSP",2.806
"BGSP",2.785
"BGSP",2.731
"BGSP",2.626
"BGSP",2.705
"BGSP",2.619
"BGSP",2.758
"BGSP",2.881
"BGSP",2.713
"BGSP",2.645
"BGSP",2.702
"BGSP",2.65
"BGSP",2.801
"BGSP",2.795
"BGSP",2.708
"BGSP",2.488
"BGSP",2.514
"BGSP",2.583
"BGSP",2.771
"BGSP",2.925
"BGSP",2.762
"BGSP",2.747
"BGSP",2.691
"BGSP",2.51
"BGSP",2.646
"BGSP",2.745
"BGSP",2.709
"BGSP",2.617
"BGSP",2.766
"BGSP",2.769
"BGSP",2.6
"BGSP",2.706
"BGSP",2.752
"BGSP",2.488
"BGSP",2.386
"BGSP",2.847
"BGSP",2.594
"BGSP",2.85
"BGSP",2.786
"BGSP",2.571
"BGSP",2.644
"BGSP",2.804
"BGSP",2.587
"BGSP",2.711
"BGSP",2.67
"BGSP",2.65
"BGSP",2.861
"BGSP",2.576
"BGSP",2.52
"BGSP",2.69
"BGSP",2.721
"BGSP",2.539
"BGSP",2.668
"BGSP",2.638
"BGSP",2.766
"BGSP",2.708
"BGSP",2.762
"BGSP",2.534
"BGSP",2.761
"BGSP",2.693
"BGSP",2.734
"BGSP",2.717
"BGSP",2.796
"BGSP",2.578
"BGSP",2.713
"BGSP",2.861
"BGSP",2.744
"BGSP",2.49
"BGSP",2.82
"BGSP",2.761
"BGSP",2.598
"BGSP",2.386
"BGSP",2.569
"BGSP",2.612
"BGSP",2.636
"BGSP",2.817
"BGSP",2.617
"BGSP",2.687
"BGSP",2.846
"BGSP",2.613
"BGSP",2.828
"BGSP",2.656
"BGSP",2.51
"BGSP",3.012
"BGSP",2.625
"BGSP",2.83
"BGSP",2.587
"BGSP",3.01
"BGSP",2.583
"BGSP",2.654
"BGSP",2.69
"BGSP",2.597
"BGSP",2.76
"BGSP",2.516
"BGSP",2.697
"BGSP",2.614
"BGSP",2.581
"BGSP",2.813
"BGSP",2.631
"BGSP",2.769
"BGSP",2.809
"BGSP",2.542
"BGSP",2.673
"BGSP",2.653
"BGSP",2.433
"BGSP",2.831
"BGSP",2.639
"BGSP",2.74
"BGSP",2.651
"BGSP",2.651
"BGSP",2.931
"BGSP",2.7
"BGSP",2.866
"BGSP",2.675
"BGSP",2.8
"BGSP",2.864
"BGSP",2.523
"BGSP",2.774
"BGSP",2.591
"BGSP",2.724
"BGSP",2.62
"BGSP",2.678
"BGSP",2.751
"BGSP",2.691
"BGSP",2.724
"BGSP",2.792
"BGSP",2.578
"BGSP",2.68
"BGSP",2.633
"BGSP",2.636
"BGSP",2.695
"BGSP",2.873
"BGSP",2.735
"BGSP",2.82
"BGSP",2.726
"BGSP",2.844
"BGSP",2.534
"BGSP",2.724
"BGSP",2.702
"BGSP",2.731
"BGSP",2.676
"BGSP",2.674
"BGSP",2.676
"BGSP",2.711
"BGSP",2.691
"BGSP",2.634
"BGSP",2.931
"BGSP",2.687
"BGSP",2.726
"BGSP",2.666
"BGSP",2.964
"BGSP",2.64
"BGSP",2.839
"BGSP",2.656
"BGSP",2.636
"BGSP",2.462
"BGSP",2.583
"BGSP",2.715
"BGSP",2.654
"BGSP",2.621
"BGSP",2.684
"BGSP",2.804
"BGSP",2.694
"BGSP",2.706
"BGSP",2.804
"BGSP",2.476
"BGSP",2.756
"BGSP",2.388
"BGSP",2.757
"BGSP",3.032
"BGSP",2.717
"BGSP",2.795
"BGSP",2.939
"BGSP",2.567
"BGSP",2.517
"BGSP",2.836
"BGSP",2.963
"BGSP",2.571
"BGSP",2.655
"BGSP",2.624
"BGSP",2.806
"BGSP",2.723
"BGSP",2.696
"BGSP",2.532
"BGSP",2.665
"BGSP",2.617
"BGSP",2.722
"BGSP",2.585
"BGSP",2.673
"BGSP",2.698
"BGSP",2.755
"BGSP",2.745
"BGSP",2.821
"BGSP",2.626
"BGSP",2.631
"BGSP",2.552
"BGSP",2.768
"BGSP",2.798
"BGSP",2.839
"BGSP",2.791
"BGSP",2.822
"BGSP",2.825
"BGSP",2.627
"BGSP",2.451
"BGSP",2.847
"BGSP",2.805
"BGSP",2.681
"BGSP",2.851
"BGSP",2.841
"BGSP",2.744
"BGSP",2.754
"BGSP",2.68
"BGSP",2.763
"BGSP",2.47
"BGSP",2.877
"BGSP",2.63
"BGSP",2.587
"BGSP",2.597
"BGSP",2.661
"BGSP",2.454
"BGSP",2.944
"BGSP",2.571
"BGSP",2.63
"BGSP",2.645
"BGSP",2.928
"BGSP",2.635
"BGSP",2.74
"BGSP",2.549
"BGSP",2.608
"BGSP",2.737
"BGSP",2.824
"BGSP",2.944
"BGSP",2.723
"BGSP",2.685
"BGSP",2.802
"BGSP",2.675
"BGSP",2.508
"BGSP",2.671
"BGSP",2.593
"BGSP",2.724
"BGSP",2.698
"BGSP",2.838
"BGSP",2.737
"BGSP",2.816
"BGSP",2.693
"BGSP",2.635
"BGSP",2.957
"BGSP",2.369
"BGSP",2.512
"BGSP",2.613
"BGSP",2.82
"BGSP",2.636
"BGSP",2.717
"BGSP",2.697
"BGSP",2.477
"BGSP",2.612
"BGSP",2.832
"BGSP",2.866
"BGSP",2.777
"BGSP",2.771
"BGSP",2.711
"BGSP",2.683
"BGSP",2.831
"BGSP",2.769
"BGSP",2.564
"BGSP",2.627
"BGSP",2.709
"BGSP",2.757
"BGSP",2.656
"BGSP",2.697
"BGSP",2.81
"BGSP",2.712
"BGSP",2.821
"BGSP",2.863
"BGSP",2.533
"BGSP",2.607
"BGSP",2.724
"BGSP",2.634
"BGSP",2.611
"BGSP",2.626
"BGSP",2.846
"BGSP",2.961
"BGSP",2.688
"BGSP",2.656
"BGSP",2.784
"BGSP",2.602
"BGSP",2.602
"BGSP",2.93
"BGSP",2.711
"BGSP",2.55
"BGSP",2.872
"BGSP",2.961
"BGSP",2.828
"BGSP",2.64
"BGSP",2.585
"BGSP",2.941
"BGSP",2.762
"BGSP",2.694
"BGSP",2.96
"BGSP",2.792
"BGSP",2.796
"BGSP",2.678
"BGSP",2.902
"BGSP",2.479
"BGSP",2.697
"BGSP",2.52
"BGSP",2.535
"BGSP",2.757
"BGSP",2.744
"BGSP",2.626
"BGSP",2.635
"BGSP",2.759
"BGSP",2.836
"BGSP",2.858
"BGSP",2.756
"BGSP",2.712
"BGSP",2.704
"BGSP",2.678
"BGSP",2.935
"BGSP",2.591
"BGSP",2.619
"BGSP",2.621
"BGSP",2.534
"BGSP",2.568
"BGSP",2.734
"BGSP",2.799
"BGSP",2.764
"BGSP",2.85
"BGSP",2.502
"BGSP",2.832
"BGSP",2.916
"BGSP",2.817
"BGSP",2.658
"BGSP",2.758
"BGSP",2.837
"BGSP",2.47
"BGSP",2.535
"BGSP",2.77
"BGSP",2.733
"BGSP",2.724
"BGSP",2.574
"BGSP",2.63
"BGSP",2.706
"BGSP",2.837
"BGSP",2.834
"BGSP",2.757
"BGSP",2.652
"BGSP",2.634
"BGSP",2.74
"BGSP",2.766
"BGSP",2.758
"BGSP",2.666
"BGSP",2.871
"BGSP",2.737
"BGSP",2.885
"BGSP",2.707
"BGSP",2.429
"BGSP",2.711
"BGSP",2.674
"BGSP",2.632
"BGSP",2.674
"BGSP",2.691
"BGSP",2.564
"BGSP",2.749
"BGSP",2.59
"BGSP",2.733
"BGSP",2.77
"BGSP",2.562
"BGSP",2.521
"BGSP",2.566
"BGSP",2.679
"BGSP",2.607
"BGSP",2.582
"BGSP",2.705
"BGSP",2.74
"BGSP",2.776
"BGSP",2.616
"BGSP",2.588
"BGSP",2.647
"BGSP",2.67
"BGSP",2.66
"BGSP",2.607
"BGSP",2.815
"BGSP",2.646
"BGSP",2.703
"BGSP",2.856
"BGSP",2.623
"BGSP",2.76
"BGSP",2.592
"BGSP",2.638
"BGSP",2.687
"BGSP",2.591
"BGSP",2.718
"BGSP",2.531
"BGSP",2.75
"BGSP",2.704
"BGSP",2.688
"BGSP",2.744
"BGSP",2.773
"BGSP",2.632
"BGSP",2.608
"BGSP",2.676
"BGSP",2.717
"BGSP",2.84
"BGSP",2.813
"BGSP",2.524
"BGSP",2.769
"BGSP",2.837
"BGSP",2.683
"BGSP",2.677
"BGSP",2.795
"BGSP",2.647
"BGSP",2.705
"BGSP",2.593
"BGSP",2.644
"BGSP",2.8
"BGSP",2.543
"BGSP",2.505
"BGSP",2.886
"BGSP",2.749
"BGSP",2.642
"BGSP",2.863
"BGSP",2.643
"BGSP",2.68
"BGSP",2.745
"BGSP",2.705
"BGSP",2.656
"BGSP",2.834
"BGSP",2.531
"BGSP",2.822
"BGSP",2.672
"BGSP",2.61
"BGSP",2.594
"BGSP",2.619
"BGSP",2.708
"BGSP",2.712
"BGSP",2.589
"BGSP",2.883
"BGSP",2.561
"BGSP",2.628
"BGSP",2.59
"BGSP",2.614
"BGSP",2.728
"BGSP",2.667
"BGSP",2.768
"BGSP",2.832
"BGSP",2.61
"BGSP",2.901
"BGSP",2.709
"BGSP",2.499
"BGSP",2.655
"BGSP",2.811
"BGSP",2.509
"BGSP",2.763
"BGSP",2.508
"BGSP",2.615
"BGSP",2.679
"BGSP",2.626
"BGSP",2.639
"BGSP",2.617
"BGSP",2.664
"BGSP",2.838
"BGSP",2.827
"BGSP",2.751
"BGSP",2.737
"BGSP",2.857
"BGSP",2.79
"BGSP",2.664
"BGSP",2.785
"BGSP",2.773
"BGSP",2.601
"BGSP",2.489
"BGSP",2.819
"BGSP",2.802
"BGSP",2.753
"BGSP",2.896
"BGSP",2.588
"BGSP",2.781
"BGSP",2.663
"BGSP",2.603
"BGSP",2.793
"BGSP",2.784
"BGSP",2.604
"BGSP",2.693
"BGSP",2.743
"BGSP",2.612
"BGSP",2.964
"BGSP",2.657
"BGSP",2.661
"BGSP",2.607
"BGSP",2.679
"BGSP",2.824
"BGSP",2.716
"BGSP",2.497
"BGSP",2.754
"BGSP",2.805
"BGSP",2.511
"BGSP",2.601
"BGSP",2.762
"BGSP",2.799
"BGSP",2.549
"BGSP",2.677
"BGSP",2.664
"BGSP",2.751
"BGSP",2.68
"BGSP",2.652
"BGSP",2.776
"BGSP",2.628
"BGSP",2.675
"BGSP",2.489
"BGSP",2.583
"BGSP",2.657
"BGSP",2.693
"BGSP",2.884
"BGSP",2.814
"BGSP",2.6
"BGSP",2.614
"BGSP",2.767
"BGSP",2.551
"BGSP",2.743
"BGSP",2.541
"BGSP",2.556
"BGSP",2.745
"BGSP",2.647
"BGSP",2.686
"BGSP",2.685
"BGSP",2.816
"BGSP",2.75
"BGSP",2.73
"BGSP",2.782
"BGSP",2.706
"BGSP",2.566
"BGSP",2.6
"BGSP",2.727
"BGSP",2.697
"BGSP",2.662
"BGSP",2.642
"BGSP",2.914
"BGSP",2.645
"BGSP",2.648
"BGSP",2.733
"BGSP",2.615
"BGSP",2.881
"BGSP",2.707
"BGSP",2.645
"BGSP",2.61
"BGSP",2.581
"BGSP",2.926
"BGSP",2.615
"BGSP",2.729
"BGSP",2.734
"BGSP",2.542
"BGSP",2.685
"BGSP",2.798
"BGSP",2.656
"BGSP",2.809
"BGSP",2.601
"BGSP",2.859
"BGSP",2.753
"BGSP",2.721
"BGSP",2.647
"BGSP",2.712
"BGSP",2.716
"BGSP",2.569
"BGSP",2.542
"BGSP",2.569
"BGSP",2.512
"BGSP",2.607
"BGSP",2.505
"BGSP",2.564
"BGSP",3.022
"BGSP",2.858
"BGSP",2.633
"BGSP",2.656
"BGSP",2.845
"BGSP",2.751
"BGSP",2.625
"BGSP",2.755
"BGSP",2.763
"BGSP",2.82
"BGSP",2.658
"BGSP",2.657
"BGSP",2.641
"BGSP",2.87
"BGSP",2.604
"BGSP",2.739
"BGSP",2.908
"BGSP",2.731
"BGSP",2.818
"BGSP",2.835
"BGSP",2.793
"BGSP",2.831
"BGSP",2.933
"BGSP",2.718
"BGSP",2.758
"BGSP",2.83
"BGSP",2.727
"BGSP",2.651
"BGSP",2.719
"BGSP",2.643
"BGSP",2.658
"BGSP",2.638
"BGSP",2.658
"BGSP",2.817
"BGSP",2.678
"BGSP",2.593
"BGSP",2.635
"BGSP",2.777
"BGSP",2.723
"BGSP",2.745
"BGSP",2.756
"BGSP",2.713
"BGSP",2.689
"BGSP",2.724
"BGSP",2.634
"BGSP",2.748
"BGSP",2.596
"BGSP",2.534
"BGSP",2.659
"BGSP",2.739
"BGSP",2.683
"BGSP",2.735
"BGSP",2.592
"BGSP",2.754
"BGSP",2.641
"BGSP",2.609
"BGSP",2.804
"BGSP",2.597
"BGSP",2.56
"BGSP",2.694
"BGSP",2.618
"BGSP",2.615
"BGSP",2.672
"BGSP",2.51
"BGSP",2.713
"BGSP",2.7
"BGSP",2.804
"BGSP",2.745
"BGSP",2.877
"BGSP",2.726
"BGSP",2.688
"BGSP",2.689
"BGSP",2.689
"BGSP",2.572
"BGSP",2.568
"BGSP",2.66
"BGSP",2.514
"BGSP",2.97
"BGSP",2.579
"BGSP",2.655
"BGSP",2.684
"BGSP",2.702
"BGSP",2.732
"BGSP",2.439
"BGSP",2.938
"BGSP",2.681
"BGSP",2.637
"BGSP",2.794
"BGSP",2.478
"BGSP",2.844
"BGSP",2.91
"BGSP",2.629
"BGSP",2.638
"BGSP",2.529
"BGSP",2.622
"BGSP",2.696
"BGSP",2.569
"BGSP",2.729
"BGSP",2.936
"BGSP",2.571
"BGSP",2.62
"BGSP",2.82
"BGSP",2.6
"BGSP",2.943
"BGSP",2.694
"BGSP",2.758
"BGSP",2.818
"BGSP",2.594
"BGSP",2.806
"BGSP",2.699
"BGSP",2.558
"BGSP",2.728
"BGSP",2.581
"BGSP",2.585
"BGSP",2.761
"BGSP",2.652
"BGSP",2.759
"BGSP",2.879
"BGSP",2.851
"BGSP",2.952
"BGSP",2.76
"BGSP",2.505
"BGSP",2.567
"BGSP",2.608
"BGSP",2.794
"BGSP",2.708
"BGSP",2.651
"BGSP",2.572
"BGSP",2.885
"BGSP",2.597
"BGSP",2.676
"BGSP",2.367
"BGSP",2.583
"BGSP",2.907
"BGSP",2.696
"BGSP",2.954
"BGSP",2.738
"BGSP",2.791
"BGSP",2.666
"BGSP",2.929
"BGSP",2.466
"BGSP",2.629
"BGSP",2.709
"BGSP",2.771
"BGSP",2.555
"BGSP",2.704
"BGSP",2.953
"BGSP",2.465
"BGSP",2.494
"BGSP",2.743
"BGSP",2.63
"BGSP",2.927
"BGSP",2.81
"BGSP",2.694
"BGSP",2.473
"BGSP",2.627
"BGSP",2.732
"BGSP",2.559
"BGSP",2.764
"BGSP",2.73
"BGSP",2.665
"BGSP",2.733
"BGSP",2.642
"BGSP",3.012
"BGSP",2.683
"BGSP",2.755
"BGSP",2.54
"BGSP",2.835
"BGSP",2.718
"BGSP",2.594
"BGSP",2.78
"BGSP",2.824
"BGSP",2.777
"BGSP",2.748
"BGSP",2.618
"BGSP",2.614
"BGSP",2.704
"BGSP",2.867
"BGSP",2.635
"BGSP",2.78
"BGSP",2.569
"BGSP",2.89
"BGSP",2.583
"BGSP",2.771
"BGSP",2.972
"BGSP",2.627
"BGSP",2.86
"BGSP",2.778
"BGSP",2.581
"BGSP",2.684
"BGSP",2.772
"BGSP",2.677
"BGSP",2.751
"BGSP",2.719
"BGSP",2.506
"BGSP",2.758
"BGSP",2.787
"BGSP",2.746
"BGSP",2.707
"BGSP",2.55
"BGSP",2.832
"BGSP",2.854
"BGSP",2.63
"BGSP",2.852
"BGSP",2.753
"BGSP",2.988
"BGSP",2.608
"BGSP",2.464
"BGSP",2.789
"BGSP",2.847
"BGSP",2.838
"BGSP",2.714
"BGSP",2.796
"BGSP",2.573
"BGSP",2.515
"BGSP",2.862
"BGSP",2.6
"BGSP",2.643
"BGSP",2.765
"BGSP",2.706
"BGSP",2.616
"BGSP",2.692
"BGSP",2.791
"BGSP",3.019
"BGSP",2.775
"BGSP",2.874
"BGSP",2.615
"BGSP",2.737
"BGSP",2.642
"BGSP",2.682
"BGSP",2.695
"BGSP",2.685
"BGSP",2.634
"BGSP",2.677
"BGSP",2.808
"BGSP",2.673
"BGSP",2.871
"BGSP",2.829
"BGSP",2.716
"BGSP",2.683
"BGSP",2.664
"BGSP",2.635
"BGSP",2.596
"BGSP",2.56
"BGSP",2.54
"BGSP",2.689
"BGSP",2.789
"BGSP",2.713
"BGSP",2.757
"BGSP",2.773
"BGSP",2.726
"BGSP",2.681
"BGSP",2.881
"BGSP",2.706
"BGSP",2.585
"BGSP",2.732
"BGSP",2.585
"BGSP",2.603
"BGSP",2.686
"BGSP",2.765
"BGSP",2.643
"BGSP",2.694
"BGSP",2.711
"BGSP",2.72
"BGSP",2.472
"BGSP",2.811
"BGSP",2.689
"BGSP",2.969
"BGSP",2.801
"BGSP",2.683
"BGSP",2.794
"BGSP",2.546
"BGSP",2.669
"BGSP",2.711
"BGSP",2.504
"BGSP",2.69
"BGSP",2.75
"BGSP",2.786
"BGSP",2.833
"BGSP",2.659
"BGSP",2.59
"BGSP",2.656
"BGSP",2.925
"BGSP",2.699
"BGSP",2.609
"BGSP",2.533
"BGSP",2.684
"BGSP",2.798
"BGSP",2.676
"BGSP",2.93
"BGSP",2.675
"BGSP",2.6
"BGSP",2.819
"BGSP",2.756
"BGSP",2.722
"BGSP",2.888
"BGSP",2.861
"BGSP",2.665
"BGSP",2.715
"BGSP",2.735
"BGSP",2.686
"BGSP",2.654
"BGSP",2.782
"BGSP",2.815
"BGSP",2.524
"BGSP",2.652
"BGSP",2.836
"BGSP",2.608
"BGSP",2.618
"BGSP",2.755
"BGSP",2.776
"BGSP",2.865
"BGSP",2.75
"BGSP",2.762
"BGSP",2.658
"BGSP",2.798
"BGSP",2.567
"BGSP",2.697
"BGSP",2.686
"BGSP",2.68
"BGSP",2.46
"BGSP",2.608
"BGSP",2.762
"BGSP",2.723
"BGSP",2.585
"BGSP",2.659
"BGSP",2.542
"BGSP",2.602
"BGSP",2.765
"BGSP",2.543
"BGSP",2.529
"BGSP",2.493
"BGSP",2.662
"BGSP",2.709
"BGSP",2.736
"BGSP",2.589
"BGSP",2.655
"BGSP",2.564
"BGSP",2.683
"BGSP",2.673
"BGSP",2.831
"BGSP",2.805
"BGSP",2.824
"BGSP",2.669
"BGSP",2.786
"BGSP",2.772
"BGSP",2.764
"BGSP",2.747
"BGSP",2.676
"BGSP",2.502
"BGSP",2.585
"BGSP",2.791
"BGSP",2.657
"BGSP",2.954
"BGSP",2.706
"BGSP",3.019
"BGSP",2.685
"BGSP",2.543
"BGSP",2.762
"BGSP",2.624
"BGSP",2.591
"BGSP",2.726
"BGSP",2.647
"BGSP",2.445
"BGSP",2.749
"BGSP",2.655
"BGSP",2.552
"BGSP",2.699
"BGSP",2.998
"BGSP",2.927
"BGSP",2.788
"BGSP",2.68
"BGSP",2.652
"BGSP",2.702
"BGSP",2.724
"BGSP",2.697
"BGSP",2.735
"BGSP",2.542
"BGSP",2.652
"BGSP",2.583
"BGSP",2.773
"BGSP",2.734
"BGSP",3.012
"BGSP",2.621
"BGSP",2.8
"BGSP",2.736
"BGSP",2.804
"BGSP",2.646
"BGSP",2.752
"BGSP",2.719
"BGSP",2.678
"BGSP",2.773
"BGSP",2.952
"BGSP",2.742
"BGSP",2.471
"BGSP",2.827
"BGSP",2.711
"BGSP",2.498
"BGSP",2.723
"BGSP",2.714
"BGSP",2.649
"BGSP",2.777
"BGSP",2.6
"BGSP",2.708
"BGSP",2.482
"BGSP",2.703
"BGSP",2.756
"BGSP",2.854
"BGSP",2.937
"BGSP",2.749
"BGSP",2.756
"BGSP",2.563
"BGSP",2.583
"BGSP",2.54
"BGSP",2.715
"BGSP",2.625
"BGSP",2.675
"BGSP",2.886
"BGSP",2.557
"BGSP",2.915
"BGSP",2.652
"BGSP",2.88
"BGSP",2.715
"BGSP",2.449
"BGSP",2.551
"BGSP",2.675
"BGSP",2.695
"BGSP",2.58
"BGSP",2.581
"BGSP",2.702
"BGSP",2.78
"BGSP",2.614
"BGSP",2.461
"BGSP",2.561
"BGSP",2.773
"BGSP",2.67
"BGSP",2.742
"BGSP",2.526
"BGSP",2.626
"BGSP",2.455
"BGSP",2.853
"BGSP",2.54
"BGSP",2.74
"BGSP",2.76
"BGSP",2.72
"BGSP",2.798
"BGSP",2.766
"BGSP",2.752
"BGSP",2.88
"BGSP",2.747
"BGSP",2.718
"BGSP",2.966
"BGSP",2.582
"BGSP",2.855
"BGSP",2.688
"BGSP",2.608
"BGSP",2.946
"BGSP",2.519
"BGSP",2.54
"BGSP",2.627
"BGSP",2.616
"BGSP",2.566
"BGSP",2.696
"BGSP",2.646
"BGSP",2.577
"BGSP",2.699
"BGSP",2.695
"BGSP",2.699
"BGSP",2.697
"BGSP",2.763
"DLBS",2.654
"DLBS",2.866
"DLBS",2.991
"DLBS",2.778
"DLBS",2.63
"DLBS",2.59
"DLBS",2.776
"DLBS",2.688
"DLBS",2.571
"DLBS",2.772
"DLBS",2.591
"DLBS",2.796
"DLBS",2.997
"DLBS",2.716
"DLBS",2.843
"DLBS",2.851
"DLBS",2.704
"DLBS",2.463
"DLBS",2.675
"DLBS",2.78
"DLBS",2.849
"DLBS",2.631
"DLBS",2.669
"DLBS",2.541
"DLBS",2.831
"DLBS",2.73
"DLBS",2.615
"DLBS",2.707
"DLBS",2.756
"DLBS",2.663
"DLBS",3.138
"DLBS",2.829
"DLBS",2.588
"DLBS",2.573
"DLBS",2.658
"DLBS",2.587
"DLBS",2.913
"DLBS",2.982
"DLBS",2.887
"DLBS",3.105
"DLBS",2.895
"DLBS",2.801
"DLBS",2.608
"DLBS",2.616
"DLBS",2.738
"DLBS",2.609
"DLBS",2.668
"DLBS",2.77
"DLBS",2.648
"DLBS",2.887
"DLBS",2.869
"DLBS",2.42
"DLBS",2.758
"DLBS",2.589
"DLBS",2.441
"DLBS",2.83
"DLBS",2.706
"DLBS",2.575
"DLBS",2.858
"DLBS",2.571
"DLBS",2.629
"DLBS",2.723
"DLBS",2.519
"DLBS",2.682
"DLBS",2.664
"DLBS",2.508
"DLBS",2.591
"DLBS",2.809
"DLBS",2.912
"DLBS",2.573
"DLBS",2.749
"DLBS",2.852
"DLBS",2.595
"DLBS",2.649
"DLBS",2.763
"DLBS",2.852
"DLBS",2.756
"DLBS",2.739
"DLBS",2.785
"DLBS",2.556
"DLBS",2.684
"DLBS",2.729
"DLBS",2.624
"DLBS",2.841
"DLBS",2.664
"DLBS",2.514
"DLBS",2.87
"DLBS",2.626
"DLBS",2.708
"DLBS",2.696
"DLBS",2.572
"DLBS",2.709
"DLBS",2.535
"DLBS",2.727
"DLBS",2.649
"DLBS",2.679
"DLBS",2.721
"DLBS",2.775
"DLBS",2.829
"DLBS",3.073
"DLBS",2.595
"DLBS",2.758
"DLBS",2.718
"DLBS",2.684
"DLBS",2.619
"DLBS",2.806
"DLBS",2.672
"DLBS",2.629
"DLBS",2.604
"DLBS",2.805
"DLBS",2.709
"DLBS",2.618
"DLBS",2.8
"DLBS",2.871
"DLBS",2.835
"DLBS",2.793
"DLBS",2.726
"DLBS",2.684
"DLBS",2.649
"DLBS",2.706
"DLBS",2.525
"DLBS",2.635
"DLBS",2.673
"DLBS",2.514
"DLBS",2.678
"DLBS",2.584
"DLBS",2.896
"DLBS",2.689
"DLBS",2.707
"DLBS",2.625
"DLBS",2.929
"DLBS",2.606
"DLBS",2.76
"DLBS",2.892
"DLBS",2.643
"DLBS",2.661
"DLBS",2.49
"DLBS",2.621
"DLBS",2.532
"DLBS",2.685
"DLBS",2.733
"DLBS",2.669
"DLBS",2.671
"DLBS",2.486
"DLBS",2.641
"DLBS",2.772
"DLBS",2.725
"DLBS",2.643
"DLBS",2.506
"DLBS",2.745
"DLBS",2.803
"DLBS",2.736
"DLBS",2.508
"DLBS",2.752
"DLBS",2.538
"DLBS",2.708
"DLBS",2.854
"DLBS",2.797
"DLBS",2.655
"DLBS",2.55
"DLBS",2.766
"DLBS",2.525
"DLBS",2.765
"DLBS",2.495
"DLBS",2.521
"DLBS",2.84
"DLBS",2.713
"DLBS",2.725
"DLBS",2.742
"DLBS",2.52
"DLBS",3.034
"DLBS",2.565
"DLBS",2.69
"DLBS",2.581
"DLBS",2.812
"DLBS",2.637
"DLBS",2.574
"DLBS",2.85
"DLBS",2.975
"DLBS",2.665
"DLBS",2.806
"DLBS",2.721
"DLBS",2.868
"DLBS",2.744
"DLBS",2.626
"DLBS",2.642
"DLBS",2.658
"DLBS",3.022
"DLBS",2.875
"DLBS",2.561
"DLBS",2.79
"DLBS",2.747
"DLBS",2.798
"DLBS",2.821
"DLBS",2.692
"DLBS",2.782
"DLBS",2.96
"DLBS",2.823
"DLBS",2.764
"DLBS",2.885
"DLBS",2.731
"DLBS",2.58
"DLBS",2.559
"DLBS",2.736
"DLBS",3.05
"DLBS",2.867
"DLBS",2.554
"DLBS",2.65
"DLBS",2.946
"DLBS",2.635
"DLBS",2.727
"DLBS",2.858
"DLBS",2.74
"DLBS",2.654
"DLBS",2.83
"DLBS",2.624
"DLBS",2.681
"DLBS",2.563
"DLBS",2.702
"DLBS",2.781
"DLBS",2.415
"DLBS",2.739
"DLBS",2.967
"DLBS",2.797
"DLBS",2.687
"DLBS",2.838
"DLBS",2.904
"DLBS",2.811
"DLBS",2.543
"DLBS",2.881
"DLBS",2.723
"DLBS",2.857
"DLBS",2.926
"DLBS",2.854
"DLBS",2.797
"DLBS",2.698
"DLBS",2.588
"DLBS",2.651
"DLBS",2.52
"DLBS",2.986
"DLBS",2.859
"DLBS",2.935
"DLBS",2.705
"DLBS",2.468
"DLBS",2.818
"DLBS",2.756
"DLBS",2.721
"DLBS",2.878
"DLBS",2.552
"DLBS",2.976
"DLBS",2.682
"DLBS",2.633
"DLBS",3.087
"DLBS",2.641
"DLBS",2.787
"DLBS",2.747
"DLBS",2.776
"DLBS",2.73
"DLBS",2.532
"DLBS",2.836
"DLBS",2.719
"DLBS",2.89
"DLBS",2.754
"DLBS",2.835
"DLBS",2.646
"DLBS",2.689
"DLBS",3.079
"DLBS",2.558
"DLBS",2.453
"DLBS",2.838
"DLBS",2.817
"DLBS",2.561
"DLBS",2.804
"DLBS",2.776
"DLBS",2.503
"DLBS",2.605
"DLBS",2.828
"DLBS",2.716
"DLBS",2.797
"DLBS",2.54
"DLBS",2.875
"DLBS",2.431
"DLBS",2.391
"DLBS",2.614
"DLBS",2.847
"DLBS",2.67
"DLBS",2.787
"DLBS",3.189
"DLBS",2.32
"DLBS",2.722
"DLBS",2.655
"DLBS",2.79
"DLBS",2.506
"DLBS",2.739
"DLBS",2.733
"DLBS",2.854
"DLBS",2.779
"DLBS",2.672
"DLBS",2.74
"DLBS",2.775
"DLBS",2.855
"DLBS",2.598
"DLBS",2.868
"DLBS",2.57
"DLBS",2.777
"DLBS",2.805
"DLBS",2.641
"DLBS",2.739
"DLBS",2.77
"DLBS",2.761
"DLBS",2.983
"DLBS",2.864
"DLBS",2.68
"DLBS",2.846
"IXI_600",2.84
"IXI_600",2.699
"IXI_600",2.581
"IXI_600",2.516
"IXI_600",2.519
"IXI_600",2.79
"IXI_600",2.882
"IXI_600",2.87
"IXI_600",2.789
"IXI_600",2.784
"IXI_600",2.77
"IXI_600",2.848
"IXI_600",2.702
"IXI_600",2.924
"IXI_600",2.863
"IXI_600",2.989
"IXI_600",2.55
"IXI_600",2.649
"IXI_600",2.538
"IXI_600",2.658
"IXI_600",2.67
"IXI_600",2.691
"IXI_600",2.711
"IXI_600",2.814
"IXI_600",2.66
"IXI_600",2.789
"IXI_600",2.843
"IXI_600",2.611
"IXI_600",2.745
"IXI_600",2.742
"IXI_600",2.862
"IXI_600",2.656
"IXI_600",2.82
"IXI_600",2.81
"IXI_600",2.631
"IXI_600",2.475
"IXI_600",2.896
"IXI_600",2.775
"IXI_600",2.679
"IXI_600",2.792
"IXI_600",2.697
"IXI_600",2.593
"IXI_600",2.644
"IXI_600",2.615
"IXI_600",2.757
"IXI_600",2.531
"IXI_600",2.836
"IXI_600",2.522
"IXI_600",2.675
"IXI_600",2.69
"IXI_600",2.718
"IXI_600",2.758
"IXI_600",2.853
"IXI_600",2.644
"IXI_600",2.731
"IXI_600",2.811
"IXI_600",2.765
"IXI_600",2.907
"IXI_600",2.62
"IXI_600",2.531
"IXI_600",2.651
"IXI_600",2.543
"IXI_600",2.634
"IXI_600",2.781
"IXI_600",2.792
"IXI_600",2.464
"IXI_600",2.724
"IXI_600",2.867
"IXI_600",2.703
"IXI_600",2.728
"IXI_600",2.801
"IXI_600",2.967
"IXI_600",2.627
"IXI_600",2.788
"IXI_600",2.917
"IXI_600",2.741
"IXI_600",2.635
"IXI_600",2.571
"IXI_600",2.701
"IXI_600",2.712
"IXI_600",2.895
"IXI_600",2.867
"IXI_600",2.744
"IXI_600",2.903
"IXI_600",2.964
"IXI_600",2.709
"IXI_600",2.664
"IXI_600",2.761
"IXI_600",2.846
"IXI_600",2.822
"IXI_600",2.698
"IXI_600",2.76
"IXI_600",2.656
"IXI_600",2.653
"IXI_600",2.89
"IXI_600",2.834
"IXI_600",2.618
"IXI_600",2.718
"IXI_600",2.832
"IXI_600",2.66
"IXI_600",2.726
"IXI_600",2.745
"IXI_600",2.793
"IXI_600",2.772
"IXI_600",2.649
"IXI_600",2.7
"IXI_600",2.661
"IXI_600",2.613
"IXI_600",2.565
"IXI_600",2.798
"IXI_600",2.714
"IXI_600",2.501
"IXI_600",2.706
"IXI_600",2.72
"IXI_600",2.674
"IXI_600",2.93
"IXI_600",2.591
"IXI_600",2.704
"IXI_600",2.625
"IXI_600",2.777
"IXI_600",2.422
"IXI_600",2.846
"IXI_600",2.773
"IXI_600",2.861
"IXI_600",2.719
"IXI_600",2.697
"IXI_600",2.644
"IXI_600",2.676
"IXI_600",2.68
"IXI_600",2.656
"IXI_600",2.716
"IXI_600",2.877
"IXI_600",2.653
"IXI_600",2.844
"IXI_600",2.782
"IXI_600",2.546
"IXI_600",2.545
"IXI_600",2.527
"IXI_600",2.779
"IXI_600",2.758
"IXI_600",2.643
"IXI_600",2.849
"IXI_600",2.503
"IXI_600",2.722
"IXI_600",2.697
"IXI_600",2.747
"IXI_600",2.535
"IXI_600",2.649
"IXI_600",2.392
"IXI_600",2.037
"IXI_600",2.624
"IXI_600",2.712
"IXI_600",2.545
"IXI_600",2.795
"IXI_600",2.792
"IXI_600",2.667
"IXI_600",2.761
"IXI_600",2.645
"IXI_600",2.798
"IXI_600",2.495
"IXI_600",2.79
"IXI_600",2.742
"IXI_600",2.869
"IXI_600",2.501
"IXI_600",2.629
"IXI_600",2.759
"IXI_600",2.558
"IXI_600",2.642
"IXI_600",2.848
"IXI_600",2.787
"IXI_600",2.777
"IXI_600",2.757
"IXI_600",2.552
"IXI_600",2.7
"IXI_600",2.669
"IXI_600",2.61
"IXI_600",2.766
"IXI_600",2.474
"IXI_600",2.906
"IXI_600",2.701
"IXI_600",2.563
"IXI_600",2.528
"IXI_600",2.614
"IXI_600",2.492
"IXI_600",2.626
"IXI_600",2.652
"IXI_600",2.611
"IXI_600",2.586
"IXI_600",2.773
"IXI_600",3.004
"IXI_600",2.883
"IXI_600",2.492
"IXI_600",2.649
"IXI_600",2.635
"IXI_600",2.58
"IXI_600",2.267
"IXI_600",2.787
"IXI_600",2.613
"IXI_600",2.62
"IXI_600",2.978
"IXI_600",2.809
"IXI_600",2.917
"IXI_600",3.061
"IXI_600",2.691
"IXI_600",2.559
"IXI_600",2.868
"IXI_600",2.478
"IXI_600",2.717
"IXI_600",2.852
"IXI_600",2.687
"IXI_600",2.614
"IXI_600",2.581
"IXI_600",2.693
"IXI_600",2.422
"IXI_600",2.739
"IXI_600",2.747
"IXI_600",2.756
"IXI_600",2.72
"IXI_600",2.859
"IXI_600",2.782
"IXI_600",2.643
"IXI_600",2.634
"IXI_600",2.655
"IXI_600",2.614
"IXI_600",2.67
"IXI_600",2.723
"IXI_600",2.609
"IXI_600",2.551
"IXI_600",2.446
"IXI_600",2.69
"IXI_600",2.564
"IXI_600",2.696
"IXI_600",2.816
"IXI_600",2.754
"IXI_600",2.638
"IXI_600",2.091
"IXI_600",2.617
"IXI_600",2.723
"IXI_600",2.482
"IXI_600",2.658
"IXI_600",2.583
"IXI_600",2.682
"IXI_600",2.571
"IXI_600",2.513
"IXI_600",2.857
"IXI_600",2.781
"IXI_600",2.839
"IXI_600",2.481
"IXI_600",2.487
"IXI_600",2.953
"IXI_600",3.101
"IXI_600",2.657
"IXI_600",2.82
"IXI_600",3.1
"IXI_600",2.499
"IXI_600",2.614
"IXI_600",2.801
"IXI_600",2.766
"IXI_600",2.955
"IXI_600",2.76
"IXI_600",2.888
"IXI_600",2.696
"IXI_600",2.66
"IXI_600",3.063
"IXI_600",2.879
"IXI_600",3.12
"IXI_600",2.669
"IXI_600",2.824
"IXI_600",2.636
"IXI_600",2.567
"IXI_600",2.485
"IXI_600",2.693
"IXI_600",2.836
"IXI_600",2.812
"IXI_600",2.6
"IXI_600",2.587
"IXI_600",2.708
"IXI_600",2.462
"IXI_600",2.783
"IXI_600",2.693
"IXI_600",2.836
"IXI_600",2.81
"IXI_600",2.819
"IXI_600",2.662
"IXI_600",2.675
"IXI_600",2.446
"IXI_600",2.503
"IXI_600",2.809
"IXI_600",2.917
"IXI_600",2.679
"IXI_600",2.557
"IXI_600",2.852
"IXI_600",2.77
"IXI_600",2.583
"IXI_600",2.745
"IXI_600",2.757
"IXI_600",2.718
"IXI_600",2.692
"IXI_600",2.71
"IXI_600",2.602
"IXI_600",2.537
"IXI_600",2.821
"IXI_600",2.756
"IXI_600",2.63
"IXI_600",2.736
"IXI_600",2.805
"IXI_600",2.782
"IXI_600",2.769
"IXI_600",2.523
"IXI_600",2.695
"IXI_600",2.636
"IXI_600",2.713
"IXI_600",2.649
"IXI_600",2.518
"IXI_600",2.42
"IXI_600",3.018
"IXI_600",2.918
"IXI_600",3.025
"IXI_600",2.554
"IXI_600",2.49
"IXI_600",2.724
"IXI_600",2.697
"IXI_600",2.59
"IXI_600",2.686
"IXI_600",2.696
"IXI_600",2.941
"IXI_600",2.21
"IXI_600",2.26
"IXI_600",2.56
"IXI_600",2.735
"IXI_600",2.618
"IXI_600",2.99
"IXI_600",2.668
"IXI_600",2.814
"IXI_600",2.679
"IXI_600",2.735
"IXI_600",2.618
"IXI_600",2.709
"IXI_600",3.016
"IXI_600",2.559
"IXI_600",2.688
"IXI_600",2.808
"IXI_600",2.744
"IXI_600",2.56
"IXI_600",2.773
"IXI_600",2.719
"IXI_600",2.615
"IXI_600",2.801
"IXI_600",2.737
"IXI_600",2.624
"IXI_600",2.51
"IXI_600",2.553
"IXI_600",2.674
"IXI_600",2.665
"IXI_600",2.65
"IXI_600",2.601
"IXI_600",2.626
"IXI_600",2.575
"IXI_600",2.629
"IXI_600",2.642
"IXI_600",2.75
"IXI_600",2.793
"IXI_600",2.638
"IXI_600",2.632
"IXI_600",2.781
"IXI_600",3.133
"IXI_600",2.669
"IXI_600",2.983
"IXI_600",2.733
"IXI_600",2.646
"IXI_600",2.643
"IXI_600",2.831
"IXI_600",2.739
"IXI_600",2.914
"IXI_600",2.788
"IXI_600",2.593
"IXI_600",2.649
"IXI_600",2.612
"IXI_600",2.709
"IXI_600",2.623
"IXI_600",2.588
"IXI_600",2.68
"IXI_600",2.631
"IXI_600",2.741
"IXI_600",2.615
"IXI_600",2.462
"IXI_600",2.62
"IXI_600",2.523
"IXI_600",2.499
"IXI_600",2.63
"IXI_600",2.544
"IXI_600",2.65
"IXI_600",2.699
"IXI_600",2.645
"IXI_600",2.545
"IXI_600",2.702
"IXI_600",2.993
"IXI_600",2.532
"IXI_600",2.915
"IXI_600",2.512
"IXI_600",2.628
"IXI_600",2.939
"IXI_600",2.922
"IXI_600",2.863
"IXI_600",2.769
"IXI_600",2.799
"IXI_600",2.79
"IXI_600",2.348
"IXI_600",2.994
"IXI_600",2.906
"IXI_600",2.528
"IXI_600",2.521
"IXI_600",2.811
"IXI_600",2.578
"IXI_600",2.755
"IXI_600",2.687
"IXI_600",2.494
"IXI_600",2.618
"IXI_600",2.6
"IXI_600",2.556
"IXI_600",2.716
"IXI_600",2.715
"IXI_600",2.726
"IXI_600",2.63
"IXI_600",2.806
"IXI_600",2.622
"IXI_600",2.67
"IXI_600",2.637
"IXI_600",2.515
"IXI_600",2.783
"IXI_600",2.593
"IXI_600",2.622
"IXI_600",2.687
"IXI_600",2.718
"IXI_600",2.622
"IXI_600",2.793
"IXI_600",2.84
"IXI_600",2.904
"IXI_600",2.555
"IXI_600",2.543
"IXI_600",2.873
"IXI_600",2.611
"IXI_600",2.819
"IXI_600",2.757
"IXI_600",2.667
"IXI_600",3.109
"IXI_600",2.601
"IXI_600",2.794
"IXI_600",2.621
"IXI_600",2.611
"IXI_600",2.938
"IXI_600",2.819
"IXI_600",2.683
"IXI_600",2.531
"IXI_600",2.639
"IXI_600",2.779
"IXI_600",2.772
"IXI_600",2.993
"IXI_600",2.705
"IXI_600",2.649
"IXI_600",2.548
"IXI_600",2.777
"IXI_600",2.508
"IXI_600",2.6
"IXI_600",2.574
"IXI_600",2.871
"IXI_600",2.951
"IXI_600",2.462
"IXI_600",2.625
"IXI_600",2.746
"IXI_600",2.75
"IXI_600",2.637
"IXI_600",2.697
"IXI_600",2.689
"IXI_600",2.56
"IXI_600",3.025
"IXI_600",2.794
"IXI_600",2.527
"IXI_600",2.597
"IXI_600",2.416
"IXI_600",2.628
"IXI_600",2.58
"IXI_600",2.639
"IXI_600",2.957
"IXI_600",2.833
"IXI_600",2.943
"IXI_600",2.636
"IXI_600",2.659
"IXI_600",2.626
"IXI_600",2.627
"IXI_600",2.833
"IXI_600",2.706
"IXI_600",2.535
"IXI_600",2.635
"IXI_600",2.881
"IXI_600",2.454
"IXI_600",2.401
"IXI_600",2.67
"IXI_600",2.553
"IXI_600",2.938
"IXI_600",2.588
"IXI_600",2.757
"IXI_600",2.635
"IXI_600",2.549
"IXI_600",2.709
"IXI_600",2.772
"IXI_600",2.61
"IXI_600",2.742
"IXI_600",2.57
"IXI_600",2.6
"IXI_600",2.918
"IXI_600",2.836
"IXI_600",2.858
"IXI_600",2.666
"IXI_600",2.688
"IXI_600",2.705
"IXI_600",2.889
"IXI_600",2.605
"IXI_600",2.821
"IXI_600",2.946
"IXI_600",2.813
"IXI_600",2.556
"IXI_600",2.537
"IXI_600",2.695
"IXI_600",2.641
"IXI_600",2.688
"IXI_600",2.622
"IXI_600",2.449
"IXI_600",2.745
"IXI_600",2.728
"IXI_600",2.728
"IXI_600",2.879
"IXI_600",2.814
"IXI_600",2.723
"IXI_600",2.991
"IXI_600",2.663
"IXI_600",2.571
"IXI_600",2.612
"IXI_600",2.759
"IXI_600",2.497
"IXI_600",2.917
"IXI_600",2.726
"IXI_600",2.594
"IXI_600",2.761
"IXI_600",2.395
"IXI_600",2.667
"IXI_600",2.599
"IXI_600",2.671
"IXI_600",2.811
"IXI_600",2.681
"IXI_600",2.099
"IXI_600",2.716
"IXI_600",2.669
"IXI_600",2.703
"IXI_600",2.805
"IXI_600",2.627
"MGH",3.061
"MGH",3.119
"MGH",3.136
"MGH",3.205
"MGH",2.837
"MGH",3.193
"MGH",3.067
"MGH",3.094
"MGH",2.981
"MGH",3.104
"MGH",3.067
"MGH",3.072
"MGH",3.114
"MGH",2.336
"MGH",3.401
"MGH",2.135
"MGH",3.63
"MGH",2.844
"MGH",3.038
"MGH",2.967
"MGH",3.115
"MGH",3.206
"MGH",1.759
"MGH",3.132
"MGH",3.024
"MGH",3.114
"MGH",3.009
"MGH",3.171
"MGH",3.209
"MGH",2.968
"MGH",3.026
"MGH",3.228
"MGH",3.274
"MGH",3.019
"MGH",3.272
"MGH",2.837
"MGH",3.174
"MGH",2.999
"MGH",3.336
"MGH",3.154
"MGH",1.838
"MGH",3.123
"MGH",1.861
"MGH",3.262
"MGH",2.925
"MGH",3.337
"MGH",3.047
"MGH",3.104
"MGH",3.438
"MGH",3.055
"MGH",3.52
"MGH",3.225
"MGH",3.328
"MGH",3.079
"MGH",3.057
"MGH",3.025
"MGH",3.392
"MGH",2.881
"MGH",3.16
"MGH",3.138
"MGH",3.012
"MGH",3.091
"MGH",3.403
"MGH",3.544
"MGH",3.564
"MGH",2.985
"MGH",2.969
"MGH",3.242
"MGH",3.197
"MGH",2.937
"MGH",3.305
"MGH",3.083
"MGH",3.534
"MGH",3.217
"MGH",2.865
"MGH",3.455
"MGH",3.129
"MGH",3.147
"MGH",2.966
"MGH",2.731
"MGH",3.022
"MGH",3.288
"MGH",3.364
"MGH",2.658
"MGH",2.967
"MGH",3.008
"MGH",3.714
"MGH",3.199
"MGH",2.889
"MGH",3.628
"MGH",3.18
"MGH",3.515
"MGH",3.334
"MGH",2.848
"MGH",2.932
"MGH",3.353
"MGH",3.415
"MGH",3.077
"MGH",3.162
"MGH",3.042
"MGH",3.24
"MGH",3.415
"MGH",3.269
"MGH",2.969
"MGH",3.252
"MGH",3.687
"MGH",3.217
"MGH",3.466
"MGH",3.191
"MGH",3.108
"MGH",3.302
"MGH",3.293
"MGH",3.461
"MGH",2.705
"MGH",3.081
"MGH",2.892
"MGH",3.053
"MGH",1.741
"MGH",3.076
"MGH",3.166
"MGH",3.064
"MGH",3.201
"MGH",3.186
"MGH",3.821
"MGH",3.149
"MGH",2.047
"MGH",3.125
"MGH",3.219
"MGH",3.192
"MGH",3.019
"MGH",3.325
"MGH",3.489
"MGH",2.054
"MGH",3.091
"MGH",3.374
"MGH",3.511
"MGH",3.244
"MGH",3.191
"MGH",3.101
"MGH",3.301
"MGH",3.099
"MGH",3.17
"MGH",2.602
"MGH",3.02
"MGH",2.97
"MGH",3.208
"MGH",3.197
"MGH",3.057
"MGH",3.132
"MGH",0
"MGH",3.222
"MGH",3.133
"MGH",2.993
"MGH",3.448
"MGH",3.127
"MGH",3.384
"MGH",3.185
"MGH",2.982
"MGH",3.029
"MGH",2.96
"MGH",3.256
"MGH",3.423
"MGH",3.258
"MGH",3.093
"MGH",3.516
"MGH",3.427
"MGH",3.69
"MGH",2.614
"MGH",3.198
"MGH",3.106
"MGH",3.256
"MGH",3.271
"MGH",3.308
"MGH",3.103
"MGH",1.389
"MGH",3.479
"MGH",3.075
"MGH",3.348
"MGH",2.06
"MGH",3.252
"MGH",2.314
"MGH",1.585
"MGH",3.379
"MGH",2.943
"MGH",3.612
"MGH",3.008
"MGH",3.177
"MGH",3.213
"MGH",3.341
"MGH",3.108
"MGH",2.947
"MGH",2.203
"MGH",3.17
"MGH",3.164
"NIH_PD",2.971
"NIH_PD",3.017
"NIH_PD",2.979
"NIH_PD",2.841
"NIH_PD",2.795
"NIH_PD",2.477
"NIH_PD",2.879
"NIH_PD",2.859
"NIH_PD",2.766
"NIH_PD",2.882
"NIH_PD",2.788
"NIH_PD",2.879
"NIH_PD",2.778
"NIH_PD",3.004
"NIH_PD",3.061
"NIH_PD",2.866
"NIH_PD",2.849
"NIH_PD",2.816
"NIH_PD",2.768
"NIH_PD",2.976
"NIH_PD",2.74
"NIH_PD",2.568
"NIH_PD",3.023
"NIH_PD",2.879
"NIH_PD",2.881
"NIH_PD",2.853
"NIH_PD",2.467
"NIH_PD",2.842
"NIH_PD",2.727
"NIH_PD",2.859
"NIH_PD",2.97
"NIH_PD",2.875
"NIH_PD",2.878
"NIH_PD",2.864
"NIH_PD",2.75
"NIH_PD",2.746
"NIH_PD",2.925
"NIH_PD",2.417
"NIH_PD",2.993
"NIH_PD",2.722
"NIH_PD",3.139
"NIH_PD",2.876
"NIH_PD",3.082
"NIH_PD",2.582
"NIH_PD",2.729
"NIH_PD",2.738
"NIH_PD",3.019
"NIH_PD",2.89
"NIH_PD",2.905
"NIH_PD",2.987
"NIH_PD",2.904
"NIH_PD",2.923
"NIH_PD",2.7
"NIH_PD",2.622
"NIH_PD",2.812
"NIH_PD",2.637
"NIH_PD",2.653
"NIH_PD",2.816
"NIH_PD",2.743
"NIH_PD",2.662
"NIH_PD",2.698
"NIH_PD",3.203
"NIH_PD",3.196
"NIH_PD",2.969
"NIH_PD",2.942
"NIH_PD",3.005
"NIH_PD",2.766
"NIH_PD",2.777
"NIH_PD",2.846
"NIH_PD",2.865
"NIH_PD",2.839
"NIH_PD",2.583
"NIH_PD",2.94
"NIH_PD",2.934
"NIH_PD",2.635
"NIH_PD",2.935
"NIH_PD",2.945
"NIH_PD",2.869
"NIH_PD",2.846
"NIH_PD",2.771
"NIH_PD",3.014
"NIH_PD",3.107
"NIH_PD",3.027
"NIH_PD",2.684
"NIH_PD",2.487
"NIH_PD",3.115
"NIH_PD",3.085
"NIH_PD",2.758
"NIH_PD",2.947
"NIH_PD",2.794
"NIH_PD",2.833
"NIH_PD",2.969
"NIH_PD",2.842
"NIH_PD",2.812
"NIH_PD",2.844
"NIH_PD",2.901
"NIH_PD",2.931
"NIH_PD",3.062
"NIH_PD",3.034
"NIH_PD",2.938
"NIH_PD",3.154
"NIH_PD",2.989
"NIH_PD",2.955
"NIH_PD",2.992
"NIH_PD",2.928
"NIH_PD",2.771
"NIH_PD",2.797
"NIH_PD",2.599
"NIH_PD",2.734
"NIH_PD",2.769
"NIH_PD",2.906
"NIH_PD",2.903
"NIH_PD",2.708
"NIH_PD",2.766
"NIH_PD",2.711
"NIH_PD",2.772
"NIH_PD",2.446
"NIH_PD",2.894
"NIH_PD",2.928
"NIH_PD",2.917
"NIH_PD",2.713
"NIH_PD",2.714
"NIH_PD",2.838
"NIH_PD",2.766
"NIH_PD",2.764
"NIH_PD",3.091
"NIH_PD",2.589
"NIH_PD",2.954
"NIH_PD",2.866
"NIH_PD",2.755
"NIH_PD",2.74
"NIH_PD",2.504
"NIH_PD",3.042
"NIH_PD",2.983
"NIH_PD",2.855
"NIH_PD",2.919
"NIH_PD",2.543
"NIH_PD",2.722
"NIH_PD",2.635
"NIH_PD",2.722
"NIH_PD",2.873
"NIH_PD",2.925
"NIH_PD",2.904
"NIH_PD",3.134
"NIH_PD",3.142
"NIH_PD",3.048
"NIH_PD",3.056
"NIH_PD",3.169
"NIH_PD",3.221
"NIH_PD",3.163
"NIH_PD",2.983
"NIH_PD",2.903
"NIH_PD",3.024
"NIH_PD",3.19
"NIH_PD",3.123
"NIH_PD",2.797
"NIH_PD",2.905
"NIH_PD",2.996
"NIH_PD",2.882
"NIH_PD",2.767
"NIH_PD",2.741
"NIH_PD",2.925
"NIH_PD",2.876
"NIH_PD",2.869
"NIH_PD",2.755
"NIH_PD",2.895
"NIH_PD",2.777
"NIH_PD",2.797
"NIH_PD",2.964
"NIH_PD",2.794
"NIH_PD",2.827
"NIH_PD",2.877
"NIH_PD",2.794
"NIH_PD",2.597
"NIH_PD",3.107
"NIH_PD",3.122
"NIH_PD",3.019
"NIH_PD",3.161
"NIH_PD",3.012
"NIH_PD",2.957
"NIH_PD",2.666
"NIH_PD",3.05
"NIH_PD",2.946
"NIH_PD",3.206
"NIH_PD",3.188
"NIH_PD",2.958
"NIH_PD",2.759
"NIH_PD",2.843
"NIH_PD",2.51
"NIH_PD",3.146
"NIH_PD",2.901
"NIH_PD",3.021
"NIH_PD",2.951
"NIH_PD",2.943
"NIH_PD",3.005
"NIH_PD",2.861
"NIH_PD",2.856
"NIH_PD",3.117
"NIH_PD",2.907
"NIH_PD",3.092
"NIH_PD",2.991
"NIH_PD",3.196
"NIH_PD",2.436
"NIH_PD",2.748
"NIH_PD",2.565
"NIH_PD",2.848
"NIH_PD",2.809
"NIH_PD",2.762
"NIH_PD",2.726
"NIH_PD",2.512
"NIH_PD",2.955
"NIH_PD",3.026
"NIH_PD",3.199
"NIH_PD",3.139
"NIH_PD",2.82
"NIH_PD",2.716
"NIH_PD",2.843
"NIH_PD",2.798
"NIH_PD",2.997
"NIH_PD",2.988
"NIH_PD",2.99
"NIH_PD",2.579
"NIH_PD",2.882
"NIH_PD",3.022
"NIH_PD",2.956
"NIH_PD",2.579
"NIH_PD",2.881
"NIH_PD",2.824
"NIH_PD",2.725
"NIH_PD",2.648
"NIH_PD",2.841
"NIH_PD",3.233
"NIH_PD",2.968
"NIH_PD",3.003
"NIH_PD",3.146
"NIH_PD",3.001
"NIH_PD",2.933
"NIH_PD",3.13
"NIH_PD",2.771
"NIH_PD",2.883
"NIH_PD",2.82
"NIH_PD",3.215
"NIH_PD",3.064
"NIH_PD",2.603
"NIH_PD",2.8
"NIH_PD",2.724
"NIH_PD",2.923
"NIH_PD",2.889
"NIH_PD",2.653
"NIH_PD",2.073
"NIH_PD",3.034
"NIH_PD",3.174
"NIH_PD",3.176
"NIH_PD",3.033
"NIH_PD",2.802
"NIH_PD",2.904
"NIH_PD",2.7
"NIH_PD",2.994
"NIH_PD",2.921
"NIH_PD",2.883
"NIH_PD",3.037
"NIH_PD",2.789
"NIH_PD",3.116
"NIH_PD",2.688
"NIH_PD",2.255
"NIH_PD",2.721
"NIH_PD",2.756
"NIH_PD",2.962
"NIH_PD",3.02
"NIH_PD",2.854
"NIH_PD",2.832
"NIH_PD",2.655
"NIH_PD",2.774
"NIH_PD",2.908
"NIH_PD",2.908
"NIH_PD",2.837
"NIH_PD",2.964
"NIH_PD",2.988
"NIH_PD",2.97
"NIH_PD",2.589
"NIH_PD",2.809
"NIH_PD",2.976
"NIH_PD",2.722
"NIH_PD",2.669
"NIH_PD",2.677
"NIH_PD",2.564
"NIH_PD",2.828
"NIH_PD",2.915
"NIH_PD",2.985
"NIH_PD",2.816
"NIH_PD",3.131
"NIH_PD",3.019
"NIH_PD",2.806
"NIH_PD",2.825
"NIH_PD",2.808
"NIH_PD",2.77
"NIH_PD",2.826
"NIH_PD",2.99
"NIH_PD",2.825
"NIH_PD",2.968
"NIH_PD",3.107
"NIH_PD",3.134
"NIH_PD",2.938
"NIH_PD",3.085
"NIH_PD",2.986
"NIH_PD",2.863
"NIH_PD",2.816
"NIH_PD",2.992
"NIH_PD",2.941
"NIH_PD",3.027
"NIH_PD",2.973
"NIH_PD",3.086
"NIH_PD",3.098
"NIH_PD",2.509
"NIH_PD",2.985
"NIH_PD",2.823
"NIH_PD",2.991
"NIH_PD",3.065
"NIH_PD",2.07
"NIH_PD",2.665
"NIH_PD",2.668
"NIH_PD",3.185
"NIH_PD",3.084
"NIH_PD",2.942
"NIH_PD",2.916
"NIH_PD",2.853
"NIH_PD",2.964
"NIH_PD",2.948
"NIH_PD",2.46
"NIH_PD",2.881
"NIH_PD",2.867
"NIH_PD",2.912
"NIH_PD",2.827
"NIH_PD",2.623
"NIH_PD",2.973
"NIH_PD",2.66
"NIH_PD",2.89
"NIH_PD",2.961
"NIH_PD",3.037
"NIH_PD",2.855
"NIH_PD",2.754
"NIH_PD",2.976
"NIH_PD",2.857
"NIH_PD",2.812
"NIH_PD",2.734
"NIH_PD",2.953
"NIH_PD",2.745
"NIH_PD",2.989
"NIH_PD",2.808
"NIH_PD",2.825
"NIH_PD",2.79
"NIH_PD",3.121
"NIH_PD",3.024
"NIH_PD",2.278
"NIH_PD",2.82
"NIH_PD",2.82
"NIH_PD",2.767
"NIH_PD",2.599
"NIH_PD",2.622
"NIH_PD",2.589
"NIH_PD",2.791
"NIH_PD",2.872
"NIH_PD",2.672
"NIH_PD",2.81
"NIH_PD",2.866
"NIH_PD",3.06
"NIH_PD",2.952
"NIH_PD",3.013
"NIH_PD",3.093
"NIH_PD",3.052
"NIH_PD",2.895
"NIH_PD",2.907
"NIH_PD",2.846
"NIH_PD",2.973
"NIH_PD",3.02
"NIH_PD",3.073
"NIH_PD",2.291
"NIH_PD",3.086
"NIH_PD",2.934
"NIH_PD",3.139
"NIH_PD",3.099
"NIH_PD",2.74
"NIH_PD",2.879
"NIH_PD",3.014
"NIH_PD",2.997
"NIH_PD",2.901
"NIH_PD",2.823
"NIH_PD",2.986
"NIH_PD",2.857
"NIH_PD",2.855
"NIH_PD",3.005
"NIH_PD",3.044
"NIH_PD",2.951
"NIH_PD",2.859
"NIH_PD",2.84
"NIH_PD",2.731
"NIH_PD",2.723
"NIH_PD",2.79
"NIH_PD",2.759
"NIH_PD",2.736
"NIH_PD",2.642
"NIH_PD",2.663
"NIH_PD",3.029
"NIH_PD",2.944
"NIH_PD",3.003
"NIH_PD",2.992
"NIH_PD",3.11
"NIH_PD",2.707
"NIH_PD",3.009
"NIH_PD",2.917
"NIH_PD",2.946
"NIH_PD",2.609
"NIH_PD",2.848
"NIH_PD",2.856
"NIH_PD",2.743
"NIH_PD",2.825
"NIH_PD",2.965
"NIH_PD",2.946
"NIH_PD",2.738
"NIH_PD",2.496
"NIH_PD",2.859
"NIH_PD",2.984
"NIH_PD",2.997
"NIH_PD",3.243
"NIH_PD",3.055
"NIH_PD",2.869
"NIH_PD",3.009
"NIH_PD",2.887
"NIH_PD",2.762
"NIH_PD",2.86
"NIH_PD",2.881
"NIH_PD",2.495
"NIH_PD",2.978
"NIH_PD",2.928
"NIH_PD",2.525
"NIH_PD",2.841
"NIH_PD",2.756
"NIH_PD",2.695
"NIH_PD",2.616
"NIH_PD",2.694
"NIH_PD",2.559
"NIH_PD",2.605
"NIH_PD",2.739
"NIH_PD",2.951
"NIH_PD",2.878
"NIH_PD",2.96
"NIH_PD",2.936
"NIH_PD",2.859
"NIH_PD",2.765
"NIH_PD",2.942
"NIH_PD",2.981
"NIH_PD",2.655
"NIH_PD",2.494
"NIH_PD",2.666
"NIH_PD",2.692
"NIH_PD",3.072
"NIH_PD",3.127
"NIH_PD",2.672
"NIH_PD",2.735
"NIH_PD",2.566
"NIH_PD",2.809
"NIH_PD",2.814
"NIH_PD",2.66
"NIH_PD",3.081
"NIH_PD",2.873
"NIH_PD",2.833
"NIH_PD",2.638
"NIH_PD",2.39
"NIH_PD",2.901
"NIH_PD",2.81
"NIH_PD",2.478
"NIH_PD",2.728
"NIH_PD",2.778
"NIH_PD",2.7
"NIH_PD",3.058
"NIH_PD",3.036
"NIH_PD",2.881
"NIH_PD",2.892
"NIH_PD",2.895
"NIH_PD",2.988
"NIH_PD",2.8
"NIH_PD",2.792
"NIH_PD",2.818
"NIH_PD",2.873
"NIH_PD",2.964
"NIH_PD",2.93
"NIH_PD",2.465
"NIH_PD",3.371
"NIH_PD",3.22
"NIH_PD",2.988
"NIH_PD",2.946
"NIH_PD",2.898
"NIH_PD",2.767
"NIH_PD",2.781
"NIH_PD",2.903
"NIH_PD",2.638
"NIH_PD",2.847
"NIH_PD",2.83
"NIH_PD",2.812
"NIH_PD",2.873
"NIH_PD",3.158
"NIH_PD",3.276
"NIH_PD",2.773
"NIH_PD",2.934
"NIH_PD",2.878
"NIH_PD",2.926
"NIH_PD",2.82
"NIH_PD",2.868
"NIH_PD",2.438
"NIH_PD",2.889
"NIH_PD",3.027
"NIH_PD",2.776
"NIH_PD",2.961
"NIH_PD",2.844
"NIH_PD",2.609
"NIH_PD",3.038
"NIH_PD",2.887
"NIH_PD",2.749
"NIH_PD",3.045
"NIH_PD",3.067
"NIH_PD",2.564
"NIH_PD",2.689
"NIH_PD",2.767
"NIH_PD",2.743
"NIH_PD",2.784
"NIH_PD",2.706
"NIH_PD",2.655
"NIH_PD",3.127
"NIH_PD",3.027
"NIH_PD",2.891
"NIH_PD",2.836
"NIH_PD",3.067
"NIH_PD",3.242
"NIH_PD",3.092
"NIH_PD",3.026
"NIH_PD",3.089
"NIH_PD",3.025
"NIH_PD",2.49
"NIH_PD",3.119
"NIH_PD",2.973
"NIH_PD",2.934
"NIH_PD",2.866
"NIH_PD",3.015
"NIH_PD",3.001
"NIH_PD",2.971
"NIH_PD",2.773
"NIH_PD",2.644
"NIH_PD",2.649
"NIH_PD",2.916
"NIH_PD",3.03
"NIH_PD",3.044
"NIH_PD",2.823
"NIH_PD",2.891
"NIH_PD",2.577
"NIH_PD",2.697
"NIH_PD",2.985
"NIH_PD",2.992
"NIH_PD",2.786
"NIH_PD",2.765
"NIH_PD",2.572
"NIH_PD",2.7
"NIH_PD",2.864
"NIH_PD",2.929
"NIH_PD",2.886
"NIH_PD",2.75
"NIH_PD",2.747
"NIH_PD",3.157
"NIH_PD",2.351
"NIH_PD",2.912
"NIH_PD",2.837
"NIH_PD",3.104
"NIH_PD",2.72
"NIH_PD",2.924
"NIH_PD",2.79
"NIH_PD",2.743
"NIH_PD",2.963
"NIH_PD",2.667
"NIH_PD",2.66
"NIH_PD",2.583
"NIH_PD",3.006
"NIH_PD",3.043
"NIH_PD",3.236
"NIH_PD",3.172
"NIH_PD",2.481
"NIH_PD",2.652
"NIH_PD",2.913
"NIH_PD",2.833
"NIH_PD",2.905
"NIH_PD",2.884
"NIH_PD",3.086
"NIH_PD",2.76
"NIH_PD",3.104
"NIH_PD",2.942
"NIH_PD",2.924
"NIH_PD",2.821
"NIH_PD",2.785
"NIH_PD",2.781
"NIH_PD",2.893
"NIH_PD",2.762
"NIH_PD",2.748
"NIH_PD",2.731
"NIH_PD",2.957
"NIH_PD",2.96
"NIH_PD",3.062
"NIH_PD",2.945
"NIH_PD",2.917
"NIH_PD",2.814
"NIH_PD",2.718
"NIH_PD",2.961
"NIH_PD",2.83
"NIH_PD",2.795
"NIH_PD",2.978
"NIH_PD",2.624
"NIH_PD",2.705
"NIH_PD",2.63
"NIH_PD",2.66
"NIH_PD",3.152
"NIH_PD",3.074
"NIH_PD",2.813
"NIH_PD",2.935
"NIH_PD",2.855
"NIH_PD",2.705
"NIH_PD",3.049
"NIH_PD",2.957
"NIH_PD",2.976
"NIH_PD",2.85
"NIH_PD",2.821
"NIH_PD",2.811
"NIH_PD",2.804
"NIH_PD",2.887
"NIH_PD",2.862
"NIH_PD",2.112
"NIH_PD",2.874
"NIH_PD",2.727
"NIH_PD",2.764
"NIH_PD",2.799
"NIH_PD",2.994
"NIH_PD",2.891
"NIH_PD",2.694
"NIH_PD",2.536
"NIH_PD",2.927
"NIH_PD",2.725
"NIH_PD",2.717
"NIH_PD",2.928
"NIH_PD",2.88
"NIH_PD",2.851
"NIH_PD",2.66
"NIH_PD",2.925
"NIH_PD",2.982
"NIH_PD",2.921
"NIH_PD",2.5
"NIH_PD",2.595
"NIH_PD",2.599
"NIH_PD",2.528
"NIH_PD",2.933
"NIH_PD",2.919
"NIH_PD",2.936
"NIH_PD",2.777
"NIH_PD",2.762
"NIH_PD",2.885
"NIH_PD",2.761
"NIH_PD",2.863
"NIH_PD",2.781
"NIH_PD",2.645
"NIH_PD",2.69
"NIH_PD",3.041
"NIH_PD",2.874
"NIH_PD",3.126
"NIH_PD",3.014
"NIH_PD",3.117
"NIH_PD",2.475
"NIH_PD",3.013
"NIH_PD",2.937
"NIH_PD",3.026
"NIH_PD",2.946
"NIH_PD",2.862
"NIH_PD",2.892
"NIH_PD",3.13
"NIH_PD",3.161
"NIH_PD",3.073
"NIH_PD",2.942
"NIH_PD",2.646
"NIH_PD",2.779
"NIH_PD",2.031
"NIH_PD",2.824
"NIH_PD",2.463
"NIH_PD",2.804
"NIH_PD",2.989
"NIH_PD",2.922
"NIH_PD",2.763
"NIH_PD",3.116
"NIH_PD",2.434
"NIH_PD",2.492
"NIH_PD",2.657
"NIH_PD",3.101
"NIH_PD",3.121
"NIH_PD",2.811
"NIH_PD",2.731
"NIH_PD",2.696
"NIH_PD",2.719
"NIH_PD",2.861
"NIH_PD",2.684
"NIH_PD",2.684
"NIH_PD",3.001
"NIH_PD",3.063
"NIH_PD",3.232
"NIH_PD",3.16
"NIH_PD",2.785
"NIH_PD",2.923
"NIH_PD",3.025
"NIH_PD",3.065
"NIH_PD",3.184
"NIH_PD",2.924
"NIH_PD",2.927
"NIH_PD",2.975
"NIH_PD",2.997
"NIH_PD",2.811
"NIH_PD",2.637
"NIH_PD",2.823
"NIH_PD",2.712
"NIH_PD",2.936
"NIH_PD",2.825
"NIH_PD",2.868
"NIH_PD",2.838
"NIH_PD",2.791
"NIH_PD",2.29
"NIH_PD",2.836
"NIH_PD",2.677
"NIH_PD",2.923
"NIH_PD",2.578
"NIH_PD",2.692
"NIH_PD",2.954
"NIH_PD",2.971
"NIH_PD",2.251
"NIH_PD",2.95
"NIH_PD",3.042
"NIH_PD",2.998
"NIH_PD",3.007
"NIH_PD",2.732
"NIH_PD",2.842
"NIH_PD",2.664
"NIH_PD",2.821
"NIH_PD",2.796
"NIH_PD",2.668
"NIH_PD",2.553
"NIH_PD",2.963
"NIH_PD",2.93
"NIH_PD",2.657
"NIH_PD",3.09
"NIH_PD",2.227
"NIH_PD",2.798
"NIH_PD",2.837
"NIH_PD",3.06
"NIH_PD",2.951
"NIH_PD",2.717
"NIH_PD",2.844
"NIH_PD",2.929
"NIH_PD",3.096
"NIH_PD",2.896
"NIH_PD",3.022
"NIH_PD",2.987
"NIH_PD",2.955
"NIH_PD",3.028
"NIH_PD",2.354
"NIH_PD",3.089
"NIH_PD",3.101
"NIH_PD",2.806
"NIH_PD",2.729
"NIH_PD",2.796
"NIH_PD",2.889
"NIH_PD",2.983
"NIH_PD",2.85
"NIH_PD",2.889
"NIH_PD",2.933
"NIH_PD",2.962
"NIH_PD",2.991
"NIH_PD",3.027
"NIH_PD",3.051
"NIH_PD",3.058
"NIH_PD",2.743
"NIH_PD",2.635
"NIH_PD",2.448
"NIH_PD",2.698
"NIH_PD",3.277
"NIH_PD",2.797
"NIH_PD",2.913
"NIH_PD",2.866
"NIH_PD",2.897
"NIH_PD",2.961
"NIH_PD",2.876
"NIH_PD",2.746
"NIH_PD",3.438
"NIH_PD",2.596
"NIH_PD",2.677
"NIH_PD",2.687
"NIH_PD",2.348
"NIH_PD",2.776
"NIH_PD",2.818
"NIH_PD",2.988
"NIH_PD",2.87
"NIH_PD",2.887
"NIH_PD",2.885
"NIH_PD",3.163
"NIH_PD",3.039
"NIH_PD",3.1
"NIH_PD",2.869
"NIH_PD",2.852
"NIH_PD",2.827
"NIH_PD",2.668
"NIH_PD",2.929
"NIH_PD",3.13
"NIH_PD",2.852
"NIH_PD",2.839
"NIH_PD",2.777
"NIH_PD",2.793
"NIH_PD",2.685
"NIH_PD",2.889
"NIH_PD",2.729
"NIH_PD",2.631
"NIH_PD",2.505
"NIH_PD",2.981
"NIH_PD",2.897
"NIH_PD",3.09
"NIH_PD",2.985
"NIH_PD",2.901
"NIH_PD",2.799
"NIH_PD",2.653
"NIH_PD",2.469
"NIH_PD",3.025
"NIH_PD",2.919
"NIH_PD",3
"NIH_PD",3.044
"NIH_PD",3.046
"NIH_PD",2.893
"NIH_PD",2.884
"NIH_PD",2.75
"NIH_PD",2.853
"NIH_PD",3.068
"NIH_PD",2.897
"NIH_PD",2.931
"NIH_PD",2.746
"NIH_PD",2.849
"NIH_PD",2.786
"NIH_PD",2.747
"NIH_PD",3.226
"NIH_PD",3.113
"NIH_PD",2.951
"NIH_PD",2.733
"NIH_PD",2.653
"NIH_PD",2.665
"NIH_PD",2.917
"NIH_PD",3.011
"NIH_PD",3.241
"NIH_PD",3.153
"NIH_PD",2.956
"NIH_PD",2.512
"NIH_PD",2.804
"NIH_PD",2.757
"NIH_PD",2.805
"NIH_PD",3.154
"NIH_PD",3.115
"NIH_PD",3.087
"NIH_PD",2.859
"NIH_PD",2.827
"NIH_PD",2.989
"NIH_PD",3.006
"NIH_PD",2.862
"NIH_PD",2.458
"NIH_PD",2.598
"NIH_PD",2.776
"NIH_PD",2.876
"NIH_PD",2.541
"NIH_PD",2.856
"NIH_PD",2.35
"NIH_PD",2.468
"NIH_PD",2.888
"NIH_PD",3.268
"NIH_PD",2.74
"NIH_PD",2.102
"NIH_PD",3.206
"NIH_PD",3.082
"NIH_PD",3.012
"NIH_PD",3.146
"NIH_PD",2.859
"NIH_PD",2.998
"NIH_PD",2.911
"NIH_PD",2.919
"NIH_PD",2.806
"NIH_PD",3.311
"NIH_PD",3.021
"NIH_PD",3.03
"NIH_PD",2.831
"NIH_PD",1.401
"NIH_PD",2.006
"NIH_PD",3.299
"NIH_PD",3.059
"NIH_PD",2.546
"NIH_PD",2.572
"NIH_PD",2.85
"NIH_PD",3.598
"NIH_PD",2.865
"NIH_PD",3.172
"NIH_PD",2.677
"NIH_PD",2.964
"NIH_PD",2.723
"NIH_PD",3.082
"NIH_PD",2.738
"NIH_PD",2.895
"NIH_PD",2.927
"NIH_PD",2.772
"NIH_PD",2.837
"NIH_PD",2.986
"NIH_PD",2.487
"NIH_PD",2.476
"NIH_PD",1.952
"NIH_PD",2.753
"NIH_PD",3.278
"NIH_PD",2.983
"NIH_PD",3.231
"NIH_PD",3.065
"NIH_PD",2.944
"NIH_PD",2.752
"NIH_PD",2.732
"NIH_PD",2.648
"NIH_PD",2.846
"NIH_PD",2.911
"NIH_PD",2.859
"NIH_PD",2.673
"NIH_PD",3.106
"NIH_PD",3.037
"NIH_PD",3.304
"NIH_PD",2.873
"NIH_PD",3.197
"NIH_PD",3.19
"NIH_PD",2.683
"NIH_PD",3.407
"NIH_PD",3.312
"NIH_PD",3.361
"NIH_PD",3.068
"NIH_PD",2.959
"NIH_PD",3.088
"NIH_PD",1.879
"NIH_PD",3.033
"NIH_PD",2.583
"NIH_PD",2.685
"NIH_PD",2.276
"NIH_PD",2.368
"NIH_PD",2.439
"NIH_PD",2.954
"NIH_PD",2.721
"NIH_PD",2.841
"NIH_PD",2.946
"NIH_PD",2.896
"NIH_PD",1.729
"NIH_PD",2.335
"NIH_PD",2.614
"NIH_PD",2.886
"NIH_PD",3.056
"NIH_PD",2.754
"NIH_PD",2.981
"NIH_PD",1.559
"NIH_PD",2.149
"NIH_PD",3.034
"NIH_PD",2.874
"NIH_PD",2.265
"NIH_PD",2.781
"NIH_PD",2.876
"NIH_PD",2.034
"NIH_PD",2.139
"NIH_PD",2.816
"NIH_PD",1.876
"NIH_PD",1.895
"NIH_PD",2.488
"NIH_PD",2.673
"NIH_PD",2.563
"NIH_PD",3.085
"NIH_PD",2.699
"NIH_PD",2.851
"NIH_PD",3.395
"NIH_PD",3.232
"NIH_PD",3.637
"NIH_PD",2.757
"NIH_PD",0
"NIH_PD",3.141
"NIH_PD",3.219
"NIH_PD",2.956
"NIH_PD",3.084
"NIH_PD",3.185
"NIH_PD",3.032
"NIH_PD",3.135
"NIH_PD",1.656
"NIH_PD",2.59
"NIH_PD",2.834
"NIH_PD",3.056
"NIH_PD",2.757
"NIH_PD",3.208
"NIH_PD",3.071
"NIH_PD",3.179
"NIH_PD",3.097
"NIH_PD",2.905
"NIH_PD",1.775
"NIH_PD",3.16
"NIH_PD",3.029
"NIH_PD",2.616
"NIH_PD",2.929
"NIH_PD",2.772
"NIH_PD",2.329
"NIH_PD",3.041
"NIH_PD",3.171
"NIH_PD",1.51
"NIH_PD",2.704
"NIH_PD",3.044
"NIH_PD",2.964
"NIH_PD",3.025
"NIH_PD",2.886
"NIH_PD",2.282
"NIH_PD",2.739
"NIH_PD",2.296
"NIH_PD",2.86
"NIH_PD",3.143
"NIH_PD",3.056
"NIH_PD",3.102
"NIH_PD",3.179
"NIH_PD",2.83
"NIH_PD",2.603
"NIH_PD",3.005
"NIH_PD",2.572
"NIH_PD",2.887
"NIH_PD",2.843
"NIH_PD",3.263
"NIH_PD",3.027
"NIH_PD",3.135
"NIH_PD",1.877
"NIH_PD",2.455
"NIH_PD",2.988
"NIH_PD",2.776
"NIH_PD",3.106
"NIH_PD",2.778
"NIH_PD",2.295
"NIH_PD",2.69
"NIH_PD",2.921
"NIH_PD",2.046
"NIH_PD",2.272
"NIH_PD",2.565
"NIH_PD",2.332
"NIH_PD",2.568
"NIH_PD",3.01
"NIH_PD",2.917
"NIH_PD",2.729
"NIH_PD",3.101
"NIH_PD",2.954
"NIH_PD",3.079
"NIH_PD",2.167
"NIH_PD",2.789
"NIH_PD",1.807
"NIH_PD",1.951
"NIH_PD",3.55
"NIH_PD",3.379
"NIH_PD",3.204
"NIH_PD",3.472
"NIH_PD",1.829
"NIH_PD",2.643
"NIH_PD",2.716
"NIH_PD",2.989
"NIH_PD",2.787
"NIH_PD",3.374
"NIH_PD",2.938
"NIH_PD",2.819
"NIH_PD",3.037
"NIH_PD",2.776
"NIH_PD",3.015
"OASIS_3",2.701
"OASIS_3",2.807
"OASIS_3",2.722
"OASIS_3",2.739
"OASIS_3",2.73
"OASIS_3",2.718
"OASIS_3",2.703
"OASIS_3",2.728
"OASIS_3",2.622
"OASIS_3",2.631
"OASIS_3",2.724
"OASIS_3",2.586
"OASIS_3",2.615
"OASIS_3",2.71
"OASIS_3",2.78
"OASIS_3",2.693
"OASIS_3",2.642
"OASIS_3",2.807
"OASIS_3",2.986
"OASIS_3",2.859
"OASIS_3",2.848
"OASIS_3",2.888
"OASIS_3",2.668
"OASIS_3",2.604
"OASIS_3",2.495
"OASIS_3",2.485
"OASIS_3",2.585
"OASIS_3",2.579
"OASIS_3",2.785
"OASIS_3",2.676
"OASIS_3",2.649
"OASIS_3",2.784
"OASIS_3",2.874
"OASIS_3",2.814
"OASIS_3",2.548
"OASIS_3",2.726
"OASIS_3",2.645
"OASIS_3",2.734
"OASIS_3",2.642
"OASIS_3",2.69
"OASIS_3",2.689
"OASIS_3",2.606
"OASIS_3",2.673
"OASIS_3",2.843
"OASIS_3",2.682
"OASIS_3",2.718
"OASIS_3",2.427
"OASIS_3",2.631
"OASIS_3",2.638
"OASIS_3",2.673
"OASIS_3",2.737
"OASIS_3",2.676
"OASIS_3",2.688
"OASIS_3",2.703
"OASIS_3",2.642
"OASIS_3",2.664
"OASIS_3",2.684
"OASIS_3",2.705
"OASIS_3",2.505
"OASIS_3",2.579
"OASIS_3",2.599
"OASIS_3",2.436
"OASIS_3",2.691
"OASIS_3",2.574
"OASIS_3",2.728
"OASIS_3",2.68
"OASIS_3",2.725
"OASIS_3",2.67
"OASIS_3",2.688
"OASIS_3",2.678
"OASIS_3",2.613
"OASIS_3",2.698
"OASIS_3",2.674
"OASIS_3",2.634
"OASIS_3",2.647
"OASIS_3",2.702
"OASIS_3",2.787
"OASIS_3",2.718
"OASIS_3",2.779
"OASIS_3",2.72
"OASIS_3",2.675
"OASIS_3",2.843
"OASIS_3",2.637
"OASIS_3",2.473
"OASIS_3",2.586
"OASIS_3",2.654
"OASIS_3",2.603
"OASIS_3",2.821
"OASIS_3",2.729
"OASIS_3",2.579
"OASIS_3",2.577
"OASIS_3",2.573
"OASIS_3",2.507
"OASIS_3",2.483
"OASIS_3",2.454
"OASIS_3",2.443
"OASIS_3",2.462
"OASIS_3",2.524
"OASIS_3",2.575
"OASIS_3",2.484
"OASIS_3",2.504
"OASIS_3",2.638
"OASIS_3",2.597
"OASIS_3",2.439
"OASIS_3",2.5
"OASIS_3",2.683
"OASIS_3",2.673
"OASIS_3",2.593
"OASIS_3",2.763
"OASIS_3",2.755
"OASIS_3",2.453
"OASIS_3",2.536
"OASIS_3",2.523
"OASIS_3",2.776
"OASIS_3",2.51
"OASIS_3",2.882
"OASIS_3",2.746
"OASIS_3",2.661
"OASIS_3",2.658
"OASIS_3",2.729
"OASIS_3",2.735
"OASIS_3",2.734
"OASIS_3",2.725
"OASIS_3",2.626
"OASIS_3",2.546
"OASIS_3",2.771
"OASIS_3",2.555
"OASIS_3",2.682
"OASIS_3",2.635
"OASIS_3",2.721
"OASIS_3",2.792
"OASIS_3",2.798
"OASIS_3",2.782
"OASIS_3",2.895
"OASIS_3",2.542
"OASIS_3",2.619
"OASIS_3",2.582
"OASIS_3",2.329
"OASIS_3",2.428
"OASIS_3",2.367
"OASIS_3",2.712
"OASIS_3",2.63
"OASIS_3",2.614
"OASIS_3",2.542
"OASIS_3",2.81
"OASIS_3",2.769
"OASIS_3",2.735
"OASIS_3",2.755
"OASIS_3",2.619
"OASIS_3",2.715
"OASIS_3",2.677
"OASIS_3",2.659
"OASIS_3",2.584
"OASIS_3",2.305
"OASIS_3",2.576
"OASIS_3",2.811
"OASIS_3",2.67
"OASIS_3",2.36
"OASIS_3",2.569
"OASIS_3",2.762
"OASIS_3",2.551
"OASIS_3",2.548
"OASIS_3",2.567
"OASIS_3",2.53
"OASIS_3",2.646
"OASIS_3",2.839
"OASIS_3",2.771
"OASIS_3",2.801
"OASIS_3",2.832
"OASIS_3",2.44
"OASIS_3",2.462
"OASIS_3",2.931
"OASIS_3",2.775
"OASIS_3",2.769
"OASIS_3",2.901
"OASIS_3",2.763
"OASIS_3",2.807
"OASIS_3",2.878
"OASIS_3",2.821
"OASIS_3",2.421
"OASIS_3",2.484
"OASIS_3",2.556
"OASIS_3",2.424
"OASIS_3",2.69
"OASIS_3",2.661
"OASIS_3",2.728
"OASIS_3",2.636
"OASIS_3",2.744
"OASIS_3",2.682
"OASIS_3",2.749
"OASIS_3",2.82
"OASIS_3",2.81
"OASIS_3",2.734
"OASIS_3",2.563
"OASIS_3",1.938
"OASIS_3",2.715
"OASIS_3",2.663
"OASIS_3",2.691
"OASIS_3",2.683
"OASIS_3",2.495
"OASIS_3",2.631
"OASIS_3",2.697
"OASIS_3",2.688
"OASIS_3",3.203
"OASIS_3",3.067
"OASIS_3",2.706
"OASIS_3",2.686
"OASIS_3",2.556
"OASIS_3",2.689
"OASIS_3",2.592
"OASIS_3",2.579
"OASIS_3",2.66
"OASIS_3",2.606
"OASIS_3",2.668
"OASIS_3",2.605
"OASIS_3",2.566
"OASIS_3",2.578
"OASIS_3",2.584
"OASIS_3",2.58
"OASIS_3",2.623
"OASIS_3",2.591
"OASIS_3",2.601
"OASIS_3",2.568
"OASIS_3",2.569
"OASIS_3",2.562
"OASIS_3",2.699
"OASIS_3",2.537
"OASIS_3",2.536
"OASIS_3",2.437
"OASIS_3",2.401
"OASIS_3",2.506
"OASIS_3",2.995
"OASIS_3",2.932
"OASIS_3",2.568
"OASIS_3",2.685
"OASIS_3",2.677
"OASIS_3",1.614
"OASIS_3",2.814
"OASIS_3",2.638
"OASIS_3",2.611
"OASIS_3",2.756
"OASIS_3",2.688
"OASIS_3",2.469
"OASIS_3",2.628
"OASIS_3",2.69
"OASIS_3",2.599
"OASIS_3",2.471
"OASIS_3",2.589
"OASIS_3",2.77
"OASIS_3",2.688
"OASIS_3",2.468
"OASIS_3",2.486
"OASIS_3",2.536
"OASIS_3",2.623
"OASIS_3",2.695
"OASIS_3",2.52
"OASIS_3",2.667
"OASIS_3",2.349
"OASIS_3",2.803
"OASIS_3",2.476
"OASIS_3",2.529
"OASIS_3",2.47
"OASIS_3",2.512
"OASIS_3",2.639
"OASIS_3",2.632
"OASIS_3",2.547
"OASIS_3",2.628
"OASIS_3",2.614
"OASIS_3",2.495
"OASIS_3",2.651
"OASIS_3",2.705
"OASIS_3",2.698
"OASIS_3",2.654
"OASIS_3",2.598
"OASIS_3",2.586
"OASIS_3",2.637
"OASIS_3",2.572
"OASIS_3",2.609
"OASIS_3",2.573
"OASIS_3",2.657
"OASIS_3",2.672
"OASIS_3",2.61
"OASIS_3",2.683
"OASIS_3",2.638
"OASIS_3",2.616
"OASIS_3",2.605
"OASIS_3",2.665
"OASIS_3",2.584
"OASIS_3",2.608
"OASIS_3",2.586
"OASIS_3",2.577
"OASIS_3",2.561
"OASIS_3",2.672
"OASIS_3",2.664
"OASIS_3",2.744
"OASIS_3",2.765
"OASIS_3",2.669
"OASIS_3",2.685
"OASIS_3",2.685
"OASIS_3",2.614
"OASIS_3",2.556
"OASIS_3",2.697
"OASIS_3",2.655
"OASIS_3",2.621
"OASIS_3",2.625
"OASIS_3",2.544
"OASIS_3",2.512
"OASIS_3",2.581
"OASIS_3",2.618
"OASIS_3",2.635
"OASIS_3",2.558
"OASIS_3",2.553
"OASIS_3",2.431
"OASIS_3",2.646
"OASIS_3",2.762
"OASIS_3",2.688
"OASIS_3",2.387
"OASIS_3",2.468
"OASIS_3",2.554
"OASIS_3",2.641
"OASIS_3",2.671
"OASIS_3",2.658
"OASIS_3",2.621
"OASIS_3",2.668
"OASIS_3",2.678
"OASIS_3",2.706
"OASIS_3",2.776
"OASIS_3",2.781
"OASIS_3",2.766
"OASIS_3",2.828
"OASIS_3",2.387
"OASIS_3",2.435
"OASIS_3",2.802
"OASIS_3",2.813
"OASIS_3",2.589
"OASIS_3",2.702
"OASIS_3",2.662
"OASIS_3",2.653
"OASIS_3",2.751
"OASIS_3",2.812
"OASIS_3",2.769
"OASIS_3",2.633
"OASIS_3",2.987
"OASIS_3",2.928
"OASIS_3",2.636
"OASIS_3",2.45
"OASIS_3",2.741
"OASIS_3",2.64
"OASIS_3",2.662
"OASIS_3",2.642
"OASIS_3",2.809
"OASIS_3",2.665
"OASIS_3",2.59
"OASIS_3",2.603
"OASIS_3",2.542
"OASIS_3",2.579
"OASIS_3",2.545
"OASIS_3",2.541
"OASIS_3",2.61
"OASIS_3",2.575
"OASIS_3",2.599
"OASIS_3",2.543
"OASIS_3",2.552
"OASIS_3",2.723
"OASIS_3",2.584
"OASIS_3",2.638
"OASIS_3",2.579
"OASIS_3",2.572
"OASIS_3",2.641
"OASIS_3",2.538
"OASIS_3",2.614
"OASIS_3",2.523
"OASIS_3",2.384
"OASIS_3",2.702
"OASIS_3",2.638
"OASIS_3",2.684
"OASIS_3",2.632
"OASIS_3",2.616
"OASIS_3",2.598
"OASIS_3",2.667
"OASIS_3",2.64
"OASIS_3",2.672
"OASIS_3",2.777
"OASIS_3",2.717
"OASIS_3",2.401
"OASIS_3",2.321
"OASIS_3",2.362
"OASIS_3",2.793
"OASIS_3",2.498
"OASIS_3",2.516
"OASIS_3",2.475
"OASIS_3",2.642
"OASIS_3",2.653
"OASIS_3",2.491
"OASIS_3",2.564
"OASIS_3",2.571
"OASIS_3",2.358
"OASIS_3",2.739
"OASIS_3",2.62
"OASIS_3",2.762
"OASIS_3",2.362
"OASIS_3",2.682
"OASIS_3",2.716
"OASIS_3",2.772
"OASIS_3",2.788
"OASIS_3",2.513
"OASIS_3",2.512
"OASIS_3",2.512
"OASIS_3",2.609
"OASIS_3",2.586
"OASIS_3",2.573
"OASIS_3",2.621
"OASIS_3",2.713
"OASIS_3",2.69
"OASIS_3",2.74
"OASIS_3",2.729
"OASIS_3",2.742
"OASIS_3",2.609
"OASIS_3",2.634
"OASIS_3",2.672
"OASIS_3",2.488
"OASIS_3",2.35
"OASIS_3",2.425
"OASIS_3",2.691
"OASIS_3",2.613
"OASIS_3",2.837
"OASIS_3",2.582
"OASIS_3",2.406
"OASIS_3",2.193
"OASIS_3",2.825
"OASIS_3",2.853
"OASIS_3",2.67
"OASIS_3",2.402
"OASIS_3",2.634
"OASIS_3",2.548
"OASIS_3",2.548
"OASIS_3",2.458
"OASIS_3",2.694
"OASIS_3",2.704
"OASIS_3",2.713
"OASIS_3",2.785
"OASIS_3",2.797
"OASIS_3",2.617
"OASIS_3",2.577
"OASIS_3",2.445
"OASIS_3",2.58
"OASIS_3",2.478
"OASIS_3",2.595
"OASIS_3",2.619
"OASIS_3",2.618
"OASIS_3",2.639
"OASIS_3",2.669
"OASIS_3",2.589
"OASIS_3",2.633
"OASIS_3",2.619
"OASIS_3",2.651
"OASIS_3",2.582
"OASIS_3",2.561
"OASIS_3",2.748
"OASIS_3",2.585
"OASIS_3",2.696
"OASIS_3",2.65
"OASIS_3",2.662
"OASIS_3",2.603
"OASIS_3",2.563
"OASIS_3",2.585
"OASIS_3",2.62
"OASIS_3",2.836
"OASIS_3",2.777
"OASIS_3",2.927
"OASIS_3",2.883
"OASIS_3",2.287
"OASIS_3",2.708
"OASIS_3",2.494
"OASIS_3",2.509
"OASIS_3",2.465
"OASIS_3",2.807
"OASIS_3",2.762
"OASIS_3",2.598
"OASIS_3",2.582
"OASIS_3",2.818
"OASIS_3",2.803
"OASIS_3",2.477
"OASIS_3",2.703
"OASIS_3",2.72
"OASIS_3",2.605
"OASIS_3",2.653
"OASIS_3",2.447
"OASIS_3",2.498
"OASIS_3",2.575
"OASIS_3",2.542
"OASIS_3",1.451
"OASIS_3",2.401
"OASIS_3",2.438
"OASIS_3",2.458
"OASIS_3",2.787
"OASIS_3",2.83
"OASIS_3",2.79
"OASIS_3",2.827
"OASIS_3",2.547
"OASIS_3",2.53
"OASIS_3",2.601
"OASIS_3",2.586
"OASIS_3",2.546
"OASIS_3",2.844
"OASIS_3",2.828
"OASIS_3",2.692
"OASIS_3",2.871
"OASIS_3",2.503
"OASIS_3",2.472
"OASIS_3",2.598
"OASIS_3",2.57
"OASIS_3",2.717
"OASIS_3",2.434
"OASIS_3",2.362
"OASIS_3",2.414
"OASIS_3",2.893
"OASIS_3",2.866
"OASIS_3",2.709
"OASIS_3",2.733
"OASIS_3",2.731
"OASIS_3",2.623
"OASIS_3",2.639
"OASIS_3",2.49
"OASIS_3",2.453
"OASIS_3",2.625
"OASIS_3",2.593
"OASIS_3",2.673
"OASIS_3",2.695
"OASIS_3",2.661
"OASIS_3",2.731
"OASIS_3",2.436
"OASIS_3",2.391
"OASIS_3",2.426
"OASIS_3",2.401
"OASIS_3",2.598
"OASIS_3",2.574
"OASIS_3",2.534
"OASIS_3",2.458
"OASIS_3",2.847
"OASIS_3",2.851
"OASIS_3",2.204
"OASIS_3",2.686
"OASIS_3",2.744
"OASIS_3",2.697
"OASIS_3",2.666
"OASIS_3",2.595
"OASIS_3",2.66
"OASIS_3",2.583
"OASIS_3",2.607
"OASIS_3",2.884
"OASIS_3",2.923
"OASIS_3",2.747
"OASIS_3",2.737
"OASIS_3",2.777
"OASIS_3",2.65
"OASIS_3",2.542
"OASIS_3",2.881
"OASIS_3",2.812
"OASIS_3",2.808
"OASIS_3",2.578
"OASIS_3",2.719
"OASIS_3",2.478
"OASIS_3",2.502
"OASIS_3",2.605
"OASIS_3",2.665
"OASIS_3",2.685
"OASIS_3",2.648
"OASIS_3",2.707
"OASIS_3",2.526
"OASIS_3",2.691
"OASIS_3",2.611
"OASIS_3",2.614
"OASIS_3",2.709
"OASIS_3",2.604
"OASIS_3",2.732
"OASIS_3",2.61
"OASIS_3",2.569
"OASIS_3",2.513
"OASIS_3",2.453
"OASIS_3",2.635
"OASIS_3",2.655
"OASIS_3",2.714
"OASIS_3",2.936
"OASIS_3",2.921
"OASIS_3",2.825
"OASIS_3",2.852
"OASIS_3",2.871
"OASIS_3",2.609
"OASIS_3",2.555
"OASIS_3",2.781
"OASIS_3",2.57
"OASIS_3",2.864
"OASIS_3",2.798
"OASIS_3",2.697
"OASIS_3",2.655
"OASIS_3",2.752
"OASIS_3",2.621
"OASIS_3",2.632
"OASIS_3",2.555
"OASIS_3",2.499
"OASIS_3",2.447
"OASIS_3",2.618
"OASIS_3",2.641
"OASIS_3",2.557
"OASIS_3",2.651
"OASIS_3",2.597
"OASIS_3",2.542
"OASIS_3",2.537
"OASIS_3",2.638
"OASIS_3",2.567
"OASIS_3",2.582
"OASIS_3",2.659
"OASIS_3",2.539
"OASIS_3",2.686
"OASIS_3",2.664
"OASIS_3",2.586
"OASIS_3",2.542
"OASIS_3",2.666
"OASIS_3",2.622
"OASIS_3",2.584
"OASIS_3",2.579
"OASIS_3",2.498
"OASIS_3",2.636
"OASIS_3",2.659
"OASIS_3",2.586
"OASIS_3",2.615
"OASIS_3",2.569
"OASIS_3",2.589
"OASIS_3",2.635
"OASIS_3",2.617
"OASIS_3",2.87
"OASIS_3",2.75
"OASIS_3",2.492
"OASIS_3",2.592
"OASIS_3",2.687
"OASIS_3",2.668
"OASIS_3",2.747
"OASIS_3",2.639
"OASIS_3",2.598
"OASIS_3",2.581
"OASIS_3",2.602
"OASIS_3",2.688
"OASIS_3",2.685
"OASIS_3",2.737
"OASIS_3",2.857
"OASIS_3",2.787
"OASIS_3",2.478
"OASIS_3",2.917
"OASIS_3",2.785
"OASIS_3",3.112
"OASIS_3",2.846
"OASIS_3",2.869
"OASIS_3",2.891
"OASIS_3",2.798
"OASIS_3",2.893
"OASIS_3",2.556
"OASIS_3",2.544
"OASIS_3",2.802
"OASIS_3",2.735
"OASIS_3",2.622
"OASIS_3",2.815
"OASIS_3",2.59
"OASIS_3",2.615
"OASIS_3",2.57
"OASIS_3",2.834
"OASIS_3",2.735
"OASIS_3",2.728
"OASIS_3",2.789
"OASIS_3",2.47
"OASIS_3",2.502
"OASIS_3",2.59
"OASIS_3",2.65
"OASIS_3",2.465
"OASIS_3",2.614
"OASIS_3",2.639
"OASIS_3",2.575
"OASIS_3",2.62
"OASIS_3",2.653
"OASIS_3",2.489
"OASIS_3",2.768
"OASIS_3",2.767
"OASIS_3",2.696
"OASIS_3",2.736
"OASIS_3",2.673
"OASIS_3",2.68
"OASIS_3",2.695
"OASIS_3",2.691
"OASIS_3",2.786
"OASIS_3",2.71
"OASIS_3",2.653
"OASIS_3",2.751
"OASIS_3",2.94
"OASIS_3",2.918
"OASIS_3",2.955
"OASIS_3",2.819
"OASIS_3",2.809
"OASIS_3",2.793
"OASIS_3",2.643
"OASIS_3",2.676
"OASIS_3",2.79
"OASIS_3",2.672
"OASIS_3",2.423
"OASIS_3",2.437
"OASIS_3",2.59
"OASIS_3",2.403
"OASIS_3",2.585
"OASIS_3",2.474
"OASIS_3",2.47
"OASIS_3",2.614
"OASIS_3",2.602
"OASIS_3",2.877
"OASIS_3",2.786
"OASIS_3",2.811
"OASIS_3",2.683
"OASIS_3",2.706
"OASIS_3",2.444
"OASIS_3",2.766
"OASIS_3",2.782
"OASIS_3",2.832
"OASIS_3",2.705
"OASIS_3",2.671
"OASIS_3",2.554
"OASIS_3",2.512
"OASIS_3",2.632
"OASIS_3",2.532
"OASIS_3",2.707
"OASIS_3",2.761
"OASIS_3",2.716
"OASIS_3",2.697
"OASIS_3",2.725
"OASIS_3",2.623
"OASIS_3",2.659
"OASIS_3",2.686
"OASIS_3",2.62
"OASIS_3",2.514
"OASIS_3",2.602
"OASIS_3",2.579
"OASIS_3",2.546
"OASIS_3",2.742
"OASIS_3",2.692
"OASIS_3",2.555
"OASIS_3",2.581
"OASIS_3",2.684
"OASIS_3",2.748
"OASIS_3",2.91
"OASIS_3",2.857
"OASIS_3",2.652
"OASIS_3",1.994
"OASIS_3",2.665
"OASIS_3",2.614
"OASIS_3",2.728
"OASIS_3",2.714
"OASIS_3",2.689
"OASIS_3",2.547
"OASIS_3",2.406
"OASIS_3",2.534
"OASIS_3",2.724
"OASIS_3",2.433
"OASIS_3",2.488
"OASIS_3",2.351
"OASIS_3",2.745
"OASIS_3",2.691
"OASIS_3",2.809
"OASIS_3",2.685
"OASIS_3",2.686
"OASIS_3",2.695
"OASIS_3",2.788
"OASIS_3",2.792
"OASIS_3",2.862
"OASIS_3",2.721
"OASIS_3",2.823
"OASIS_3",2.839
"OASIS_3",2.756
"OASIS_3",2.407
"OASIS_3",2.695
"OASIS_3",2.591
"OASIS_3",2.575
"OASIS_3",2.534
"OASIS_3",2.569
"OASIS_3",2.554
"OASIS_3",2.633
"OASIS_3",2.453
"OASIS_3",2.391
"OASIS_3",2.592
"OASIS_3",2.565
"OASIS_3",2.553
"OASIS_3",2.565
"OASIS_3",2.537
"OASIS_3",2.798
"OASIS_3",2.508
"OASIS_3",2.467
"OASIS_3",2.626
"OASIS_3",2.492
"OASIS_3",2.526
"OASIS_3",2.509
"OASIS_3",2.807
"OASIS_3",2.537
"OASIS_3",2.527
"OASIS_3",2.567
"OASIS_3",2.516
"OASIS_3",2.434
"OASIS_3",2.506
"OASIS_3",2.547
"OASIS_3",2.688
"OASIS_3",2.761
"OASIS_3",2.767
"OASIS_3",2.561
"OASIS_3",2.658
"OASIS_3",2.59
"OASIS_3",2.618
"OASIS_3",2.473
"OASIS_3",2.398
"OASIS_3",2.469
"OASIS_3",2.355
"OASIS_3",3.025
"OASIS_3",2.678
"OASIS_3",2.713
"OASIS_3",2.553
"OASIS_3",2.582
"OASIS_3",2.565
"OASIS_3",2.543
"OASIS_3",2.522
"OASIS_3",2.487
"OASIS_3",2.478
"OASIS_3",2.51
"OASIS_3",2.544
"OASIS_3",2.947
"OASIS_3",2.777
"OASIS_3",2.901
"OASIS_3",2.643
"OASIS_3",2.519
"OASIS_3",2.622
"OASIS_3",2.555
"OASIS_3",2.823
"OASIS_3",2.683
"OASIS_3",2.816
"OASIS_3",2.746
"OASIS_3",2.586
"OASIS_3",2.647
"OASIS_3",2.556
"OASIS_3",2.619
"OASIS_3",2.601
"OASIS_3",2.62
"OASIS_3",2.743
"OASIS_3",2.622
"OASIS_3",2.93
"OASIS_3",2.813
"OASIS_3",2.806
"OASIS_3",2.78
"OASIS_3",2.824
"OASIS_3",2.748
"OASIS_3",2.701
"OASIS_3",2.674
"OASIS_3",2.737
"OASIS_3",2.616
"OASIS_3",2.676
"OASIS_3",2.441
"OASIS_3",2.492
"OASIS_3",2.487
"OASIS_3",2.594
"OASIS_3",2.443
"OASIS_3",2.424
"OASIS_3",2.615
"OASIS_3",2.639
"OASIS_3",2.329
"OASIS_3",2.746
"OASIS_3",2.761
"OASIS_3",2.642
"OASIS_3",2.777
"OASIS_3",2.878
"OASIS_3",2.779
"OASIS_3",2.459
"OASIS_3",2.838
"OASIS_3",2.791
"OASIS_3",2.871
"OASIS_3",2.845
"OASIS_3",2.786
"OASIS_3",2.651
"OASIS_3",2.589
"OASIS_3",2.661
"OASIS_3",2.791
"OASIS_3",2.518
"OASIS_3",2.929
"OASIS_3",2.91
"OASIS_3",2.865
"OASIS_3",2.789
"OASIS_3",2.479
"OASIS_3",2.666
"OASIS_3",2.732
"OASIS_3",2.637
"OASIS_3",2.534
"OASIS_3",2.516
"OASIS_3",2.866
"OASIS_3",2.794
"OASIS_3",2.531
"OASIS_3",2.542
"OASIS_3",2.447
"OASIS_3",2.725
"OASIS_3",2.799
"OASIS_3",1.566
"OASIS_3",2.747
"OASIS_3",2.623
"OASIS_3",2.802
"OASIS_3",2.747
"OASIS_3",2.759
"OASIS_3",2.531
"OASIS_3",2.88
"OASIS_3",2.815
"OASIS_3",2.493
"OASIS_3",2.6
"OASIS_3",2.65
"OASIS_3",2.704
"OASIS_3",2.684
"OASIS_3",2.567
"OASIS_3",2.672
"OASIS_3",2.591
"OASIS_3",2.832
"OASIS_3",2.556
"OASIS_3",2.543
"OASIS_3",2.577
"OASIS_3",2.61
"OASIS_3",2.634
"OASIS_3",2.844
"OASIS_3",2.642
"OASIS_3",2.614
"OASIS_3",2.687
"OASIS_3",2.661
"OASIS_3",2.726
"OASIS_3",2.681
"OASIS_3",2.624
"OASIS_3",2.542
"OASIS_3",2.753
"OASIS_3",2.697
"OASIS_3",2.742
"OASIS_3",2.651
"OASIS_3",2.652
"OASIS_3",2.654
"OASIS_3",2.59
"OASIS_3",2.607
"OASIS_3",2.673
"OASIS_3",2.607
"OASIS_3",2.468
"OASIS_3",2.611
"OASIS_3",2.457
"OASIS_3",2.505
"OASIS_3",2.67
"OASIS_3",2.757
"OASIS_3",3.27
"OASIS_3",2.69
"OASIS_3",2.674
"OASIS_3",2.69
"OASIS_3",2.598
"OASIS_3",2.677
"OASIS_3",3.006
"OASIS_3",3.004
"OASIS_3",2.596
"OASIS_3",2.542
"OASIS_3",2.518
"OASIS_3",2.625
"OASIS_3",2.656
"OASIS_3",2.721
"OASIS_3",2.645
"OASIS_3",2.879
"OASIS_3",2.728
"OASIS_3",2.611
"OASIS_3",2.544
"OASIS_3",2.529
"OASIS_3",2.649
"OASIS_3",2.805
"OASIS_3",2.699
"OASIS_3",2.631
"OASIS_3",2.575
"OASIS_3",2.778
"OASIS_3",2.779
"OASIS_3",2.768
"OASIS_3",2.687
"OASIS_3",2.652
"OASIS_3",2.55
"OASIS_3",2.636
"OASIS_3",2.556
"OASIS_3",2.714
"OASIS_3",2.675
"OASIS_3",2.674
"OASIS_3",2.688
"OASIS_3",2.631
"OASIS_3",2.662
"OASIS_3",2.661
"OASIS_3",2.617
"OASIS_3",2.618
"OASIS_3",2.693
"OASIS_3",2.6
"OASIS_3",2.766
"OASIS_3",2.769
"OASIS_3",2.681
"OASIS_3",2.603
"OASIS_3",2.618
"OASIS_3",2.665
"OASIS_3",2.588
"OASIS_3",2.766
"OASIS_3",2.808
"OASIS_3",2.653
"OASIS_3",2.612
"OASIS_3",2.453
"OASIS_3",2.713
"OASIS_3",2.725
"OASIS_3",2.618
"OASIS_3",2.536
"OASIS_3",2.657
"OASIS_3",2.759
"OASIS_3",2.647
"OASIS_3",2.694
"OASIS_3",2.773
"OASIS_3",2.7
"OASIS_3",2.607
"OASIS_3",2.551
"OASIS_3",2.555
"OASIS_3",2.726
"OASIS_3",2.792
"OASIS_3",2.639
"OASIS_3",2.572
"OASIS_3",2.62
"OASIS_3",2.611
"OASIS_3",2.529
"OASIS_3",2.622
"OASIS_3",2.631
"OASIS_3",2.914
"OASIS_3",2.99
"OASIS_3",2.695
"OASIS_3",2.624
"OASIS_3",2.619
"OASIS_3",2.623
"OASIS_3",2.697
"OASIS_3",2.93
"OASIS_3",2.979
"OASIS_3",2.959
"OASIS_3",2.958
"OASIS_3",3.015
"OASIS_3",2.705
"OASIS_3",2.692
"OASIS_3",2.617
"OASIS_3",2.779
"OASIS_3",2.575
"OASIS_3",2.514
"OASIS_3",2.705
"OASIS_3",2.648
"OASIS_3",2.781
"OASIS_3",2.799
"OASIS_3",2.42
"OASIS_3",2.709
"OASIS_3",2.67
"OASIS_3",2.687
"OASIS_3",2.654
"OASIS_3",2.638
"OASIS_3",2.638
"OASIS_3",2.814
"OASIS_3",2.779
"OASIS_3",2.8
"OASIS_3",2.64
"OASIS_3",2.669
"OASIS_3",2.383
"OASIS_3",2.62
"OASIS_3",2.729
"OASIS_3",2.755
"OASIS_3",2.547
"OASIS_3",2.978
"OASIS_3",2.891
"OASIS_3",2.685
"OASIS_3",2.647
"OASIS_3",2.61
"OASIS_3",2.651
"OASIS_3",2.623
"OASIS_3",2.635
"OASIS_3",2.637
"OASIS_3",2.54
"OASIS_3",2.414
"OASIS_3",2.448
"OASIS_3",2.373
"OASIS_3",2.293
"OASIS_3",2.92
"OASIS_3",2.822
"OASIS_3",2.674
"OASIS_3",2.659
"OASIS_3",2.724
"OASIS_3",2.529
"OASIS_3",2.684
"OASIS_3",2.974
"OASIS_3",2.575
"OASIS_3",2.569
"OASIS_3",2.509
"OASIS_3",2.624
"OASIS_3",2.809
"OASIS_3",2.95
"OASIS_3",2.787
"OASIS_3",2.827
"OASIS_3",2.702
"OASIS_3",2.761
"OASIS_3",2.804
"OASIS_3",2.765
"OASIS_3",2.449
"OASIS_3",2.814
"OASIS_3",2.756
"OASIS_3",2.604
"OASIS_3",2.864
"OASIS_3",2.742
"OASIS_3",2.482
"OASIS_3",2.627
"OASIS_3",2.587
"OASIS_3",2.704
"OASIS_3",2.624
"OASIS_3",2.599
"OASIS_3",2.647
"OASIS_3",2.557
"OASIS_3",2.662
"OASIS_3",2.524
"OASIS_3",2.695
"OASIS_3",2.669
"OASIS_3",2.633
"OASIS_3",2.484
"OASIS_3",2.515
"OASIS_3",2.551
"OASIS_3",2.636
"OASIS_3",2.733
"OASIS_3",2.722
"OASIS_3",2.616
"OASIS_3",2.679
"OASIS_3",2.536
"OASIS_3",2.472
"OASIS_3",2.592
"OASIS_3",2.491
"OASIS_3",2.539
"OASIS_3",2.911
"OASIS_3",2.591
"OASIS_3",2.585
"OASIS_3",2.664
"OASIS_3",2.703
"OASIS_3",2.608
"OASIS_3",2.599
"OASIS_3",2.612
"OASIS_3",2.588
"OASIS_3",2.689
"OASIS_3",2.705
"OASIS_3",2.594
"OASIS_3",2.656
"OASIS_3",2.752
"OASIS_3",2.712
"OASIS_3",2.869
"OASIS_3",2.742
"OASIS_3",2.831
"OASIS_3",2.724
"OASIS_3",2.698
"OASIS_3",2.68
"OASIS_3",2.691
"OASIS_3",2.663
"OASIS_3",2.675
"beijingEn",2.936
"beijingEn",2.754
"beijingEn",2.882
"beijingEn",2.817
"beijingEn",2.743
"beijingEn",2.655
"beijingEn",2.928
"beijingEn",2.926
"beijingEn",2.757
"beijingEn",2.808
"beijingEn",2.723
"beijingEn",2.696
"beijingEn",2.826
"beijingEn",2.708
"beijingEn",2.709
"beijingEn",2.759
"beijingEn",2.962
"beijingEn",2.76
"beijingEn",2.821
"beijingEn",2.782
"beijingEn",2.832
"beijingEn",2.525
"beijingEn",2.806
"beijingEn",2.745
"beijingEn",2.612
"beijingEn",2.638
"beijingEn",2.724
"beijingEn",2.982
"beijingEn",2.731
"beijingEn",2.754
"beijingEn",2.713
"beijingEn",2.776
"beijingEn",2.79
"beijingEn",2.639
"beijingEn",2.603
"beijingEn",2.806
"beijingEn",2.905
"beijingEn",2.805
"beijingEn",2.783
"beijingEn",2.753
"beijingEn",2.871
"beijingEn",2.743
"beijingEn",2.73
"beijingEn",2.7
"beijingEn",2.652
"beijingEn",2.701
"beijingEn",2.665
"beijingEn",2.756
"beijingEn",2.602
"beijingEn",2.819
"beijingEn",2.7
"beijingEn",2.754
"beijingEn",2.775
"beijingEn",2.658
"beijingEn",2.802
"beijingEn",2.991
"beijingEn",2.743
"beijingEn",2.926
"beijingEn",3.043
"beijingEn",2.632
"beijingEn",3.038
"beijingEn",2.868
"beijingEn",2.689
"beijingEn",2.803
"beijingEn",3.017
"beijingEn",2.716
"beijingEn",2.926
"beijingEn",2.688
"beijingEn",2.725
"beijingEn",2.984
"beijingEn",2.72
"beijingEn",2.864
"beijingEn",2.716
"beijingEn",2.841
"beijingEn",2.6
"beijingEn",2.809
"beijingEn",2.788
"beijingEn",2.836
"beijingEn",2.755
"beijingEn",2.944
"beijingEn",2.479
"beijingEn",2.912
"beijingEn",2.947
"beijingEn",2.739
"beijingEn",2.841
"beijingEn",2.747
"beijingEn",2.856
"beijingEn",2.764
"beijingEn",2.738
"beijingEn",2.696
"beijingEn",2.853
"beijingEn",2.708
"beijingEn",2.706
"beijingEn",2.688
"beijingEn",2.588
"beijingEn",2.879
"beijingEn",2.967
"beijingEn",2.736
"beijingEn",2.722
"beijingEn",2.681
"beijingEn",2.745
"beijingEn",2.88
"beijingEn",2.717
"beijingEn",2.763
"beijingEn",2.856
"beijingEn",2.941
"beijingEn",2.786
"beijingEn",2.813
"beijingEn",2.708
"beijingEn",2.619
"beijingEn",2.812
"beijingEn",2.705
"beijingEn",2.698
"beijingEn",2.722
"beijingEn",2.71
"beijingEn",2.95
"beijingEn",2.664
"beijingEn",2.767
"beijingEn",2.616
"beijingEn",2.572
"beijingEn",2.758
"beijingEn",2.686
"beijingEn",2.673
"beijingEn",2.689
"beijingEn",2.91
"beijingEn",2.759
"beijingEn",2.657
"beijingEn",2.669
"beijingEn",2.603
"beijingEn",2.677
"beijingEn",2.893
"beijingEn",2.919
"beijingEn",2.792
"beijingEn",2.87
"beijingEn",2.854
"beijingEn",2.801
"beijingEn",2.967
"beijingEn",2.816
"beijingEn",2.919
"beijingEn",2.767
"beijingEn",2.696
"beijingEn",2.688
"beijingEn",3.084
"beijingEn",2.872
"beijingEn",2.777
"beijingEn",2.752
"beijingEn",2.92
"beijingEn",2.715
"beijingEn",2.764
"beijingEn",2.778
"beijingEn",2.692
"beijingEn",2.909
"beijingEn",2.735
"beijingEn",2.975
"beijingEn",2.71
"beijingEn",2.795
"beijingEn",2.683
"beijingEn",2.668
"beijingEn",2.916
"beijingEn",2.839
"beijingEn",2.768
"beijingEn",2.604
"beijingEn",2.717
"beijingEn",2.839
"beijingEn",2.586
"beijingEn",2.724
"beijingEn",2.929
"beijingEn",2.501
"beijingEn",2.769
"beijingEn",2.71
"beijingEn",2.851
"beijingEn",2.71
"beijingEn",2.686
"beijingEn",2.862
"beijingEn",2.76
"beijingEn",2.821
"beijingEn",2.593
"beijingEn",2.689
"beijingEn",2.894
