"Dataset","lh_entorhinal_gauscurv"
"ABIDE_I",0.023
"ABIDE_I",0.027
"ABIDE_I",0.022
"ABIDE_I",0.041
"ABIDE_I",0.033
"ABIDE_I",0.036
"ABIDE_I",0.042
"ABIDE_I",0.029
"ABIDE_I",0.028
"ABIDE_I",0.03
"ABIDE_I",0.029
"ABIDE_I",0.053
"ABIDE_I",0.038
"ABIDE_I",0.029
"ABIDE_I",0.025
"ABIDE_I",0.022
"ABIDE_I",0.031
"ABIDE_I",0.023
"ABIDE_I",0.039
"ABIDE_I",0.025
"ABIDE_I",0.022
"ABIDE_I",0.015
"ABIDE_I",0.024
"ABIDE_I",0.039
"ABIDE_I",0.022
"ABIDE_I",0.041
"ABIDE_I",0.023
"ABIDE_I",0.047
"ABIDE_I",0.037
"ABIDE_I",0.023
"ABIDE_I",0.033
"ABIDE_I",0.052
"ABIDE_I",0.023
"ABIDE_I",0.043
"ABIDE_I",0.047
"ABIDE_I",0.043
"ABIDE_I",0.031
"ABIDE_I",0.029
"ABIDE_I",0.029
"ABIDE_I",0.029
"ABIDE_I",0.028
"ABIDE_I",0.037
"ABIDE_I",0.028
"ABIDE_I",0.035
"ABIDE_I",0.025
"ABIDE_I",0.033
"ABIDE_I",0.026
"ABIDE_I",0.033
"ABIDE_I",0.024
"ABIDE_I",0.03
"ABIDE_I",0.041
"ABIDE_I",0.025
"ABIDE_I",0.027
"ABIDE_I",0.017
"ABIDE_I",0.028
"ABIDE_I",0.038
"ABIDE_I",0.027
"ABIDE_I",0.035
"ABIDE_I",0.035
"ABIDE_I",0.043
"ABIDE_I",0.044
"ABIDE_I",0.039
"ABIDE_I",0.047
"ABIDE_I",0.049
"ABIDE_I",0.028
"ABIDE_I",0.05
"ABIDE_I",0.041
"ABIDE_I",0.023
"ABIDE_I",0.035
"ABIDE_I",0.038
"ABIDE_I",0.034
"ABIDE_I",0.034
"ABIDE_I",0.037
"ABIDE_I",0.045
"ABIDE_I",0.04
"ABIDE_I",0.044
"ABIDE_I",0.043
"ABIDE_I",0.026
"ABIDE_I",0.027
"ABIDE_I",0.052
"ABIDE_I",0.026
"ABIDE_I",0.03
"ABIDE_I",0.033
"ABIDE_I",0.02
"ABIDE_I",0.029
"ABIDE_I",0.021
"ABIDE_I",0.032
"ABIDE_I",0.056
"ABIDE_I",0.027
"ABIDE_I",0.031
"ABIDE_I",0.037
"ABIDE_I",0.026
"ABIDE_I",0.046
"ABIDE_I",0.022
"ABIDE_I",0.023
"ABIDE_I",0.042
"ABIDE_I",0.039
"ABIDE_I",0.057
"ABIDE_I",0.029
"ABIDE_I",0.045
"ABIDE_I",0.035
"ABIDE_I",0.04
"ABIDE_I",0.041
"ABIDE_I",0.034
"ABIDE_I",0.047
"ABIDE_I",0.039
"ABIDE_I",0.035
"ABIDE_I",0.04
"ABIDE_I",0.04
"ABIDE_I",0.053
"ABIDE_I",0.039
"ABIDE_I",0.039
"ABIDE_I",0.039
"ABIDE_I",0.049
"ABIDE_I",0.04
"ABIDE_I",0.03
"ABIDE_I",0.055
"ABIDE_I",0.041
"ABIDE_I",0.046
"ABIDE_I",0.042
"ABIDE_I",0.034
"ABIDE_I",0.048
"ABIDE_I",0.056
"ABIDE_I",0.045
"ABIDE_I",0.041
"ABIDE_I",0.049
"ABIDE_I",0.054
"ABIDE_I",0.047
"ABIDE_I",0.038
"ABIDE_I",0.04
"ABIDE_I",0.041
"ABIDE_I",0.048
"ABIDE_I",0.032
"ABIDE_I",0.046
"ABIDE_I",0.053
"ABIDE_I",0.02
"ABIDE_I",0.03
"ABIDE_I",0.045
"ABIDE_I",0.022
"ABIDE_I",0.026
"ABIDE_I",0.024
"ABIDE_I",0.018
"ABIDE_I",0.037
"ABIDE_I",0.028
"ABIDE_I",0.023
"ABIDE_I",0.025
"ABIDE_I",0.03
"ABIDE_I",0.023
"ABIDE_I",0.032
"ABIDE_I",0.024
"ABIDE_I",0.03
"ABIDE_I",0.022
"ABIDE_I",0.024
"ABIDE_I",0.026
"ABIDE_I",0.019
"ABIDE_I",0.023
"ABIDE_I",0.04
"ABIDE_I",0.02
"ABIDE_I",0.038
"ABIDE_I",0.026
"ABIDE_I",0.02
"ABIDE_I",0.028
"ABIDE_I",0.023
"ABIDE_I",0.018
"ABIDE_I",0.027
"ABIDE_I",0.022
"ABIDE_I",0.041
"ABIDE_I",0.018
"ABIDE_I",0.025
"ABIDE_I",0.028
"ABIDE_I",0.026
"ABIDE_I",0.035
"ABIDE_I",0.031
"ABIDE_I",0.02
"ABIDE_I",0.016
"ABIDE_I",0.019
"ABIDE_I",0.029
"ABIDE_I",0.035
"ABIDE_I",0.025
"ABIDE_I",0.019
"ABIDE_I",0.032
"ABIDE_I",0.042
"ABIDE_I",0.026
"ABIDE_I",0.027
"ABIDE_I",0.026
"ABIDE_I",0.03
"ABIDE_I",0.031
"ABIDE_I",0.042
"ABIDE_I",0.039
"ABIDE_I",0.038
"ABIDE_I",0.017
"ABIDE_I",0.027
"ABIDE_I",0.03
"ABIDE_I",0.023
"ABIDE_I",0.032
"ABIDE_I",0.022
"ABIDE_I",0.034
"ABIDE_I",0.029
"ABIDE_I",0.036
"ABIDE_I",0.021
"ABIDE_I",0.017
"ABIDE_I",0.023
"ABIDE_I",0.036
"ABIDE_I",0.023
"ABIDE_I",0.044
"ABIDE_I",0.031
"ABIDE_I",0.027
"ABIDE_I",0.048
"ABIDE_I",0.039
"ABIDE_I",0.034
"ABIDE_I",0.042
"ABIDE_I",0.043
"ABIDE_I",0.039
"ABIDE_I",0.044
"ABIDE_I",0.041
"ABIDE_I",0.032
"ABIDE_I",0.034
"ABIDE_I",0.03
"ABIDE_I",0.036
"ABIDE_I",0.036
"ABIDE_I",0.026
"ABIDE_I",0.02
"ABIDE_I",0.029
"ABIDE_I",0.027
"ABIDE_I",0.016
"ABIDE_I",0.017
"ABIDE_I",0.019
"ABIDE_I",0.032
"ABIDE_I",0.027
"ABIDE_I",0.013
"ABIDE_I",0.028
"ABIDE_I",0.028
"ABIDE_I",0.021
"ABIDE_I",0.022
"ABIDE_I",0.024
"ABIDE_I",0.02
"ABIDE_I",0.036
"ABIDE_I",0.033
"ABIDE_I",0.02
"ABIDE_I",0.019
"ABIDE_I",0.029
"ABIDE_I",0.025
"ABIDE_I",0.02
"ABIDE_I",0.022
"ABIDE_I",0.031
"ABIDE_I",0.019
"ABIDE_I",0.023
"ABIDE_I",0.024
"ABIDE_I",0.025
"ABIDE_I",0.026
"ABIDE_I",0.023
"ABIDE_I",0.024
"ABIDE_I",0.022
"ABIDE_I",0.025
"ABIDE_I",0.032
"ABIDE_I",0.028
"ABIDE_I",0.022
"ABIDE_I",0.041
"ABIDE_I",0.035
"ABIDE_I",0.027
"ABIDE_I",0.022
"ABIDE_I",0.051
"ABIDE_I",0.029
"ABIDE_I",0.033
"ABIDE_I",0.026
"ABIDE_I",0.024
"ABIDE_I",0.044
"ABIDE_I",0.048
"ABIDE_I",0.038
"ABIDE_I",0.05
"ABIDE_I",0.019
"ABIDE_I",0.036
"ABIDE_I",0.041
"ABIDE_I",0.024
"ABIDE_I",0.052
"ABIDE_I",0.027
"ABIDE_I",0.047
"ABIDE_I",0.039
"ABIDE_I",0.033
"ABIDE_I",0.044
"ABIDE_I",0.036
"ABIDE_I",0.028
"ABIDE_I",0.025
"ABIDE_I",0.041
"ABIDE_I",0.039
"ABIDE_I",0.024
"ABIDE_I",0.041
"ABIDE_I",0.054
"ABIDE_I",0.033
"ABIDE_I",0.034
"ABIDE_I",0.027
"ABIDE_I",0.023
"ABIDE_I",0.019
"ABIDE_I",0.023
"ABIDE_I",0.028
"ABIDE_I",0.023
"ABIDE_I",0.021
"ABIDE_I",0.018
"ABIDE_I",0.023
"ABIDE_I",0.024
"ABIDE_I",0.023
"ABIDE_I",0.033
"ABIDE_I",0.027
"ABIDE_I",0.019
"ABIDE_I",0.021
"ABIDE_I",0.024
"ABIDE_I",0.024
"ABIDE_I",0.024
"ABIDE_I",0.024
"ABIDE_I",0.024
"ABIDE_I",0.021
"ABIDE_I",0.023
"ABIDE_I",0.041
"ABIDE_I",0.026
"ABIDE_I",0.036
"ABIDE_I",0.053
"ABIDE_I",0.029
"ABIDE_I",0.029
"ABIDE_I",0.025
"ABIDE_I",0.026
"ABIDE_I",0.025
"ABIDE_I",0.027
"ABIDE_I",0.033
"ABIDE_I",0.033
"ABIDE_I",0.022
"ABIDE_I",0.028
"ABIDE_I",0.027
"ABIDE_I",0.031
"ABIDE_I",0.045
"ABIDE_I",0.044
"ABIDE_I",0.025
"ABIDE_I",0.039
"ABIDE_I",0.032
"ABIDE_I",0.041
"ABIDE_I",0.033
"ABIDE_I",0.023
"ABIDE_I",0.036
"ABIDE_I",0.026
"ABIDE_I",0.032
"ABIDE_I",0.024
"ABIDE_I",0.026
"ABIDE_I",0.018
"ABIDE_I",0.027
"ABIDE_I",0.036
"ABIDE_I",0.035
"ABIDE_I",0.017
"ABIDE_I",0.019
"ABIDE_I",0.022
"ABIDE_I",0.026
"ABIDE_I",0.019
"ABIDE_I",0.028
"ABIDE_I",0.025
"ABIDE_I",0.017
"ABIDE_I",0.026
"ABIDE_I",0.02
"ABIDE_I",0.03
"ABIDE_I",0.022
"ABIDE_I",0.019
"ABIDE_I",0.031
"ABIDE_I",0.021
"ABIDE_I",0.025
"ABIDE_I",0.022
"ABIDE_I",0.018
"ABIDE_I",0.028
"ABIDE_I",0.025
"ABIDE_I",0.036
"ABIDE_I",0.028
"ABIDE_I",0.027
"ABIDE_I",0.024
"ABIDE_I",0.016
"ABIDE_I",0.032
"ABIDE_I",0.028
"ABIDE_I",0.027
"ABIDE_I",0.024
"ABIDE_I",0.02
"ABIDE_I",0.029
"ABIDE_I",0.046
"ABIDE_I",0.031
"ABIDE_I",0.025
"ABIDE_I",0.044
"ABIDE_I",0.034
"ABIDE_I",0.037
"ABIDE_I",0.022
"ABIDE_I",0.017
"ABIDE_I",0.026
"ABIDE_I",0.036
"ABIDE_I",0.037
"ABIDE_I",0.022
"ABIDE_I",0.033
"ABIDE_I",0.019
"ABIDE_I",0.029
"ABIDE_I",0.027
"ABIDE_I",0.027
"ABIDE_I",0.022
"ABIDE_I",0.025
"ABIDE_I",0.026
"ABIDE_I",0.023
"ABIDE_I",0.041
"ABIDE_I",0.044
"ABIDE_I",0.03
"ABIDE_I",0.042
"ABIDE_I",0.057
"ABIDE_I",0.05
"ABIDE_I",0.055
"ABIDE_I",0.05
"ABIDE_I",0.039
"ABIDE_I",0.044
"ABIDE_I",0.049
"ABIDE_I",0.037
"ABIDE_I",0.057
"ABIDE_I",0.041
"ABIDE_I",0.028
"ABIDE_I",0.029
"ABIDE_I",0.031
"ABIDE_I",0.038
"ABIDE_I",0.017
"ABIDE_I",0.023
"ABIDE_I",0.041
"ABIDE_I",0.037
"ABIDE_I",0.052
"ABIDE_I",0.044
"ABIDE_I",0.04
"ABIDE_I",0.041
"ABIDE_I",0.025
"ABIDE_I",0.024
"ABIDE_I",0.028
"ABIDE_I",0.037
"ABIDE_I",0.034
"ABIDE_I",0.03
"ABIDE_I",0.032
"ABIDE_I",0.048
"ABIDE_I",0.026
"ABIDE_I",0.03
"ABIDE_I",0.029
"ABIDE_I",0.022
"ABIDE_I",0.021
"ABIDE_I",0.033
"ABIDE_I",0.023
"ABIDE_I",0.031
"ABIDE_I",0.038
"ABIDE_I",0.032
"ABIDE_I",0.029
"ABIDE_I",0.046
"ABIDE_I",0.024
"ABIDE_I",0.038
"ABIDE_I",0.024
"ABIDE_I",0.028
"ABIDE_I",0.035
"ABIDE_I",0.029
"ABIDE_I",0.046
"ABIDE_I",0.052
"ABIDE_I",0.038
"ABIDE_I",0.048
"ABIDE_I",0.057
"ABIDE_I",0.043
"ABIDE_I",0.054
"ABIDE_I",0.042
"ABIDE_I",0.045
"ABIDE_I",0.037
"ABIDE_I",0.037
"ABIDE_I",0.046
"ABIDE_I",0.037
"ABIDE_I",0.055
"ABIDE_I",0.04
"ABIDE_I",0.055
"ABIDE_I",0.033
"ABIDE_I",0.048
"ABIDE_I",0.054
"ABIDE_I",0.033
"ABIDE_I",0.035
"ABIDE_I",0.038
"ABIDE_I",0.035
"ABIDE_I",0.031
"ABIDE_I",0.034
"ABIDE_I",0.026
"ABIDE_I",0.053
"ABIDE_I",0.031
"ABIDE_I",0.024
"ABIDE_I",0.043
"ABIDE_I",0.027
"ABIDE_I",0.029
"ABIDE_I",0.02
"ABIDE_I",0.044
"ABIDE_I",0.029
"ABIDE_I",0.036
"ABIDE_I",0.038
"ABIDE_I",0.039
"ABIDE_I",0.03
"ABIDE_I",0.023
"ABIDE_I",0.031
"ABIDE_I",0.029
"ABIDE_I",0.026
"ABIDE_I",0.03
"ABIDE_I",0.027
"ABIDE_I",0.031
"ABIDE_I",0.032
"ABIDE_I",0.038
"ABIDE_I",0.041
"ABIDE_I",0.031
"ABIDE_I",0.024
"ABIDE_I",0.038
"ABIDE_I",0.027
"ABIDE_I",0.024
"ABIDE_I",0.044
"ABIDE_I",0.025
"ABIDE_I",0.034
"ABIDE_I",0.047
"ABIDE_I",0.021
"ABIDE_I",0.057
"ABIDE_I",0.025
"ABIDE_I",0.034
"BCH",0.024
"BCH",0.027
"BCH",0.03
"BCH",0.032
"BCH",0.026
"BCH",0.031
"BCH",0.05
"BCH",0.037
"BCH",0.044
"BCH",0.041
"BCH",0.041
"BCH",0.029
"BCH",0.035
"BCH",0.026
"BCH",0.031
"BCH",0.032
"BCH",0.03
"BCH",0.04
"BCH",0.052
"BCH",0.035
"BCH",0.036
"BCH",0.032
"BCH",0.036
"BCH",0.046
"BCH",0.02
"BCH",0.02
"BCH",0.027
"BCH",0.019
"BCH",0.027
"BCH",0.026
"BCH",0.023
"BCH",0.051
"BCH",0.035
"BCH",0.028
"BCH",0.035
"BCH",0.04
"BCH",0.051
"BCH",0.041
"BCH",0.041
"BCH",0.05
"BCH",0.04
"BCH",0.028
"BCH",0.039
"BCH",0.049
"BCH",0.019
"BCH",0.054
"BCH",0.044
"BCH",0.035
"BCH",0.044
"BCH",0.028
"BCH",0.033
"BCH",0.039
"BCH",0.038
"BCH",0.05
"BCH",0.039
"BCH",0.018
"BCH",0.03
"BCH",0.034
"BCH",0.021
"BCH",0.034
"BCH",0.051
"BCH",0.031
"BCH",0.039
"BCH",0.019
"BCH",0.041
"BCH",0.034
"BCH",0.03
"BCH",0.041
"BCH",0.028
"BCH",0.038
"BCH",0.052
"BCH",0.053
"BCH",0.051
"BCH",0.03
"BCH",0.034
"BCH",0.034
"BCH",0.042
"BCH",0.035
"BCH",0.032
"BCH",0.046
"BCH",0.053
"BGSP",0.019
"BGSP",0.026
"BGSP",0.035
"BGSP",0.037
"BGSP",0.028
"BGSP",0.021
"BGSP",0.031
"BGSP",0.027
"BGSP",0.03
"BGSP",0.031
"BGSP",0.033
"BGSP",0.032
"BGSP",0.031
"BGSP",0.029
"BGSP",0.026
"BGSP",0.028
"BGSP",0.023
"BGSP",0.026
"BGSP",0.038
"BGSP",0.037
"BGSP",0.038
"BGSP",0.023
"BGSP",0.033
"BGSP",0.026
"BGSP",0.028
"BGSP",0.03
"BGSP",0.033
"BGSP",0.025
"BGSP",0.027
"BGSP",0.027
"BGSP",0.024
"BGSP",0.031
"BGSP",0.025
"BGSP",0.025
"BGSP",0.021
"BGSP",0.027
"BGSP",0.02
"BGSP",0.047
"BGSP",0.027
"BGSP",0.025
"BGSP",0.028
"BGSP",0.026
"BGSP",0.026
"BGSP",0.022
"BGSP",0.026
"BGSP",0.031
"BGSP",0.017
"BGSP",0.029
"BGSP",0.03
"BGSP",0.038
"BGSP",0.04
"BGSP",0.031
"BGSP",0.036
"BGSP",0.034
"BGSP",0.037
"BGSP",0.035
"BGSP",0.018
"BGSP",0.023
"BGSP",0.027
"BGSP",0.029
"BGSP",0.029
"BGSP",0.029
"BGSP",0.024
"BGSP",0.029
"BGSP",0.022
"BGSP",0.026
"BGSP",0.024
"BGSP",0.022
"BGSP",0.022
"BGSP",0.024
"BGSP",0.032
"BGSP",0.02
"BGSP",0.023
"BGSP",0.032
"BGSP",0.018
"BGSP",0.027
"BGSP",0.03
"BGSP",0.039
"BGSP",0.023
"BGSP",0.033
"BGSP",0.017
"BGSP",0.029
"BGSP",0.025
"BGSP",0.029
"BGSP",0.025
"BGSP",0.031
"BGSP",0.027
"BGSP",0.047
"BGSP",0.035
"BGSP",0.02
"BGSP",0.024
"BGSP",0.025
"BGSP",0.022
"BGSP",0.027
"BGSP",0.041
"BGSP",0.03
"BGSP",0.027
"BGSP",0.026
"BGSP",0.029
"BGSP",0.024
"BGSP",0.031
"BGSP",0.03
"BGSP",0.031
"BGSP",0.044
"BGSP",0.029
"BGSP",0.022
"BGSP",0.019
"BGSP",0.029
"BGSP",0.023
"BGSP",0.027
"BGSP",0.03
"BGSP",0.03
"BGSP",0.022
"BGSP",0.031
"BGSP",0.021
"BGSP",0.027
"BGSP",0.019
"BGSP",0.018
"BGSP",0.028
"BGSP",0.028
"BGSP",0.021
"BGSP",0.03
"BGSP",0.022
"BGSP",0.027
"BGSP",0.034
"BGSP",0.033
"BGSP",0.022
"BGSP",0.028
"BGSP",0.026
"BGSP",0.031
"BGSP",0.021
"BGSP",0.031
"BGSP",0.025
"BGSP",0.016
"BGSP",0.018
"BGSP",0.024
"BGSP",0.025
"BGSP",0.029
"BGSP",0.02
"BGSP",0.02
"BGSP",0.024
"BGSP",0.022
"BGSP",0.023
"BGSP",0.024
"BGSP",0.03
"BGSP",0.024
"BGSP",0.033
"BGSP",0.04
"BGSP",0.031
"BGSP",0.018
"BGSP",0.034
"BGSP",0.035
"BGSP",0.025
"BGSP",0.038
"BGSP",0.031
"BGSP",0.037
"BGSP",0.026
"BGSP",0.027
"BGSP",0.031
"BGSP",0.023
"BGSP",0.026
"BGSP",0.02
"BGSP",0.026
"BGSP",0.023
"BGSP",0.025
"BGSP",0.031
"BGSP",0.025
"BGSP",0.025
"BGSP",0.027
"BGSP",0.028
"BGSP",0.025
"BGSP",0.024
"BGSP",0.043
"BGSP",0.033
"BGSP",0.028
"BGSP",0.022
"BGSP",0.028
"BGSP",0.03
"BGSP",0.031
"BGSP",0.04
"BGSP",0.022
"BGSP",0.032
"BGSP",0.025
"BGSP",0.035
"BGSP",0.024
"BGSP",0.023
"BGSP",0.029
"BGSP",0.027
"BGSP",0.023
"BGSP",0.029
"BGSP",0.029
"BGSP",0.029
"BGSP",0.02
"BGSP",0.022
"BGSP",0.025
"BGSP",0.033
"BGSP",0.028
"BGSP",0.023
"BGSP",0.027
"BGSP",0.027
"BGSP",0.032
"BGSP",0.033
"BGSP",0.022
"BGSP",0.03
"BGSP",0.021
"BGSP",0.034
"BGSP",0.03
"BGSP",0.029
"BGSP",0.034
"BGSP",0.025
"BGSP",0.028
"BGSP",0.031
"BGSP",0.026
"BGSP",0.023
"BGSP",0.026
"BGSP",0.023
"BGSP",0.035
"BGSP",0.03
"BGSP",0.028
"BGSP",0.028
"BGSP",0.015
"BGSP",0.025
"BGSP",0.034
"BGSP",0.021
"BGSP",0.033
"BGSP",0.019
"BGSP",0.029
"BGSP",0.027
"BGSP",0.026
"BGSP",0.025
"BGSP",0.019
"BGSP",0.043
"BGSP",0.03
"BGSP",0.023
"BGSP",0.03
"BGSP",0.033
"BGSP",0.02
"BGSP",0.022
"BGSP",0.035
"BGSP",0.034
"BGSP",0.034
"BGSP",0.033
"BGSP",0.026
"BGSP",0.021
"BGSP",0.031
"BGSP",0.025
"BGSP",0.038
"BGSP",0.034
"BGSP",0.023
"BGSP",0.025
"BGSP",0.029
"BGSP",0.031
"BGSP",0.029
"BGSP",0.032
"BGSP",0.025
"BGSP",0.021
"BGSP",0.024
"BGSP",0.019
"BGSP",0.023
"BGSP",0.023
"BGSP",0.028
"BGSP",0.036
"BGSP",0.027
"BGSP",0.028
"BGSP",0.035
"BGSP",0.03
"BGSP",0.022
"BGSP",0.032
"BGSP",0.032
"BGSP",0.026
"BGSP",0.024
"BGSP",0.022
"BGSP",0.034
"BGSP",0.033
"BGSP",0.025
"BGSP",0.026
"BGSP",0.03
"BGSP",0.022
"BGSP",0.027
"BGSP",0.03
"BGSP",0.029
"BGSP",0.039
"BGSP",0.029
"BGSP",0.032
"BGSP",0.039
"BGSP",0.021
"BGSP",0.026
"BGSP",0.029
"BGSP",0.026
"BGSP",0.039
"BGSP",0.029
"BGSP",0.031
"BGSP",0.032
"BGSP",0.032
"BGSP",0.024
"BGSP",0.036
"BGSP",0.025
"BGSP",0.018
"BGSP",0.025
"BGSP",0.023
"BGSP",0.024
"BGSP",0.029
"BGSP",0.032
"BGSP",0.024
"BGSP",0.02
"BGSP",0.021
"BGSP",0.022
"BGSP",0.045
"BGSP",0.042
"BGSP",0.03
"BGSP",0.033
"BGSP",0.02
"BGSP",0.036
"BGSP",0.03
"BGSP",0.025
"BGSP",0.024
"BGSP",0.022
"BGSP",0.025
"BGSP",0.021
"BGSP",0.037
"BGSP",0.033
"BGSP",0.02
"BGSP",0.027
"BGSP",0.025
"BGSP",0.03
"BGSP",0.019
"BGSP",0.021
"BGSP",0.036
"BGSP",0.018
"BGSP",0.019
"BGSP",0.031
"BGSP",0.028
"BGSP",0.027
"BGSP",0.029
"BGSP",0.023
"BGSP",0.024
"BGSP",0.04
"BGSP",0.035
"BGSP",0.024
"BGSP",0.019
"BGSP",0.03
"BGSP",0.031
"BGSP",0.027
"BGSP",0.026
"BGSP",0.027
"BGSP",0.031
"BGSP",0.026
"BGSP",0.029
"BGSP",0.027
"BGSP",0.021
"BGSP",0.025
"BGSP",0.036
"BGSP",0.024
"BGSP",0.029
"BGSP",0.03
"BGSP",0.035
"BGSP",0.03
"BGSP",0.024
"BGSP",0.035
"BGSP",0.026
"BGSP",0.026
"BGSP",0.027
"BGSP",0.031
"BGSP",0.037
"BGSP",0.031
"BGSP",0.028
"BGSP",0.026
"BGSP",0.023
"BGSP",0.02
"BGSP",0.029
"BGSP",0.032
"BGSP",0.026
"BGSP",0.02
"BGSP",0.033
"BGSP",0.029
"BGSP",0.024
"BGSP",0.017
"BGSP",0.027
"BGSP",0.031
"BGSP",0.027
"BGSP",0.022
"BGSP",0.03
"BGSP",0.017
"BGSP",0.035
"BGSP",0.017
"BGSP",0.023
"BGSP",0.028
"BGSP",0.025
"BGSP",0.027
"BGSP",0.03
"BGSP",0.029
"BGSP",0.044
"BGSP",0.018
"BGSP",0.024
"BGSP",0.026
"BGSP",0.031
"BGSP",0.032
"BGSP",0.037
"BGSP",0.028
"BGSP",0.026
"BGSP",0.025
"BGSP",0.026
"BGSP",0.031
"BGSP",0.031
"BGSP",0.023
"BGSP",0.027
"BGSP",0.029
"BGSP",0.025
"BGSP",0.02
"BGSP",0.033
"BGSP",0.029
"BGSP",0.024
"BGSP",0.033
"BGSP",0.021
"BGSP",0.028
"BGSP",0.046
"BGSP",0.028
"BGSP",0.021
"BGSP",0.025
"BGSP",0.028
"BGSP",0.025
"BGSP",0.026
"BGSP",0.029
"BGSP",0.015
"BGSP",0.021
"BGSP",0.026
"BGSP",0.024
"BGSP",0.029
"BGSP",0.026
"BGSP",0.021
"BGSP",0.027
"BGSP",0.021
"BGSP",0.029
"BGSP",0.027
"BGSP",0.026
"BGSP",0.042
"BGSP",0.024
"BGSP",0.031
"BGSP",0.046
"BGSP",0.027
"BGSP",0.028
"BGSP",0.047
"BGSP",0.027
"BGSP",0.024
"BGSP",0.025
"BGSP",0.025
"BGSP",0.049
"BGSP",0.026
"BGSP",0.018
"BGSP",0.025
"BGSP",0.032
"BGSP",0.032
"BGSP",0.026
"BGSP",0.03
"BGSP",0.038
"BGSP",0.021
"BGSP",0.029
"BGSP",0.028
"BGSP",0.025
"BGSP",0.031
"BGSP",0.027
"BGSP",0.026
"BGSP",0.024
"BGSP",0.024
"BGSP",0.027
"BGSP",0.029
"BGSP",0.033
"BGSP",0.023
"BGSP",0.033
"BGSP",0.035
"BGSP",0.021
"BGSP",0.022
"BGSP",0.031
"BGSP",0.026
"BGSP",0.03
"BGSP",0.021
"BGSP",0.023
"BGSP",0.027
"BGSP",0.023
"BGSP",0.023
"BGSP",0.038
"BGSP",0.031
"BGSP",0.026
"BGSP",0.034
"BGSP",0.038
"BGSP",0.025
"BGSP",0.022
"BGSP",0.037
"BGSP",0.026
"BGSP",0.022
"BGSP",0.035
"BGSP",0.03
"BGSP",0.026
"BGSP",0.03
"BGSP",0.026
"BGSP",0.018
"BGSP",0.029
"BGSP",0.028
"BGSP",0.021
"BGSP",0.031
"BGSP",0.024
"BGSP",0.029
"BGSP",0.025
"BGSP",0.024
"BGSP",0.032
"BGSP",0.026
"BGSP",0.027
"BGSP",0.026
"BGSP",0.047
"BGSP",0.035
"BGSP",0.025
"BGSP",0.02
"BGSP",0.032
"BGSP",0.023
"BGSP",0.024
"BGSP",0.022
"BGSP",0.025
"BGSP",0.025
"BGSP",0.025
"BGSP",0.027
"BGSP",0.025
"BGSP",0.033
"BGSP",0.027
"BGSP",0.039
"BGSP",0.037
"BGSP",0.03
"BGSP",0.024
"BGSP",0.022
"BGSP",0.031
"BGSP",0.022
"BGSP",0.024
"BGSP",0.025
"BGSP",0.029
"BGSP",0.023
"BGSP",0.03
"BGSP",0.021
"BGSP",0.029
"BGSP",0.03
"BGSP",0.024
"BGSP",0.025
"BGSP",0.033
"BGSP",0.02
"BGSP",0.034
"BGSP",0.034
"BGSP",0.025
"BGSP",0.028
"BGSP",0.027
"BGSP",0.022
"BGSP",0.024
"BGSP",0.035
"BGSP",0.023
"BGSP",0.027
"BGSP",0.033
"BGSP",0.045
"BGSP",0.031
"BGSP",0.029
"BGSP",0.034
"BGSP",0.026
"BGSP",0.038
"BGSP",0.028
"BGSP",0.033
"BGSP",0.024
"BGSP",0.03
"BGSP",0.029
"BGSP",0.026
"BGSP",0.029
"BGSP",0.035
"BGSP",0.021
"BGSP",0.026
"BGSP",0.021
"BGSP",0.027
"BGSP",0.024
"BGSP",0.03
"BGSP",0.029
"BGSP",0.028
"BGSP",0.032
"BGSP",0.028
"BGSP",0.029
"BGSP",0.025
"BGSP",0.026
"BGSP",0.027
"BGSP",0.044
"BGSP",0.028
"BGSP",0.026
"BGSP",0.028
"BGSP",0.03
"BGSP",0.037
"BGSP",0.037
"BGSP",0.03
"BGSP",0.028
"BGSP",0.03
"BGSP",0.016
"BGSP",0.023
"BGSP",0.022
"BGSP",0.027
"BGSP",0.039
"BGSP",0.022
"BGSP",0.031
"BGSP",0.023
"BGSP",0.018
"BGSP",0.02
"BGSP",0.036
"BGSP",0.02
"BGSP",0.025
"BGSP",0.027
"BGSP",0.024
"BGSP",0.024
"BGSP",0.029
"BGSP",0.037
"BGSP",0.033
"BGSP",0.032
"BGSP",0.024
"BGSP",0.022
"BGSP",0.027
"BGSP",0.029
"BGSP",0.024
"BGSP",0.024
"BGSP",0.022
"BGSP",0.026
"BGSP",0.027
"BGSP",0.024
"BGSP",0.028
"BGSP",0.029
"BGSP",0.033
"BGSP",0.029
"BGSP",0.022
"BGSP",0.033
"BGSP",0.018
"BGSP",0.029
"BGSP",0.028
"BGSP",0.025
"BGSP",0.039
"BGSP",0.025
"BGSP",0.029
"BGSP",0.031
"BGSP",0.034
"BGSP",0.03
"BGSP",0.025
"BGSP",0.024
"BGSP",0.027
"BGSP",0.027
"BGSP",0.03
"BGSP",0.032
"BGSP",0.037
"BGSP",0.033
"BGSP",0.031
"BGSP",0.03
"BGSP",0.039
"BGSP",0.041
"BGSP",0.033
"BGSP",0.026
"BGSP",0.036
"BGSP",0.026
"BGSP",0.03
"BGSP",0.027
"BGSP",0.025
"BGSP",0.03
"BGSP",0.023
"BGSP",0.026
"BGSP",0.032
"BGSP",0.027
"BGSP",0.021
"BGSP",0.036
"BGSP",0.034
"BGSP",0.038
"BGSP",0.022
"BGSP",0.024
"BGSP",0.019
"BGSP",0.031
"BGSP",0.023
"BGSP",0.029
"BGSP",0.032
"BGSP",0.028
"BGSP",0.029
"BGSP",0.035
"BGSP",0.023
"BGSP",0.025
"BGSP",0.022
"BGSP",0.023
"BGSP",0.026
"BGSP",0.025
"BGSP",0.024
"BGSP",0.029
"BGSP",0.029
"BGSP",0.03
"BGSP",0.035
"BGSP",0.038
"BGSP",0.023
"BGSP",0.025
"BGSP",0.032
"BGSP",0.019
"BGSP",0.034
"BGSP",0.023
"BGSP",0.034
"BGSP",0.034
"BGSP",0.035
"BGSP",0.036
"BGSP",0.031
"BGSP",0.031
"BGSP",0.024
"BGSP",0.022
"BGSP",0.028
"BGSP",0.039
"BGSP",0.032
"BGSP",0.024
"BGSP",0.036
"BGSP",0.02
"BGSP",0.023
"BGSP",0.025
"BGSP",0.022
"BGSP",0.032
"BGSP",0.032
"BGSP",0.02
"BGSP",0.022
"BGSP",0.031
"BGSP",0.027
"BGSP",0.019
"BGSP",0.026
"BGSP",0.023
"BGSP",0.023
"BGSP",0.029
"BGSP",0.02
"BGSP",0.027
"BGSP",0.023
"BGSP",0.024
"BGSP",0.025
"BGSP",0.022
"BGSP",0.026
"BGSP",0.031
"BGSP",0.031
"BGSP",0.034
"BGSP",0.032
"BGSP",0.022
"BGSP",0.024
"BGSP",0.018
"BGSP",0.024
"BGSP",0.034
"BGSP",0.03
"BGSP",0.033
"BGSP",0.025
"BGSP",0.024
"BGSP",0.039
"BGSP",0.025
"BGSP",0.036
"BGSP",0.029
"BGSP",0.031
"BGSP",0.025
"BGSP",0.023
"BGSP",0.034
"BGSP",0.028
"BGSP",0.038
"BGSP",0.03
"BGSP",0.029
"BGSP",0.02
"BGSP",0.026
"BGSP",0.025
"BGSP",0.023
"BGSP",0.024
"BGSP",0.023
"BGSP",0.022
"BGSP",0.034
"BGSP",0.019
"BGSP",0.03
"BGSP",0.032
"BGSP",0.026
"BGSP",0.033
"BGSP",0.023
"BGSP",0.025
"BGSP",0.035
"BGSP",0.029
"BGSP",0.024
"BGSP",0.03
"BGSP",0.026
"BGSP",0.021
"BGSP",0.02
"BGSP",0.03
"BGSP",0.043
"BGSP",0.043
"BGSP",0.033
"BGSP",0.029
"BGSP",0.028
"BGSP",0.022
"BGSP",0.051
"BGSP",0.022
"BGSP",0.016
"BGSP",0.026
"BGSP",0.021
"BGSP",0.034
"BGSP",0.025
"BGSP",0.036
"BGSP",0.04
"BGSP",0.023
"BGSP",0.028
"BGSP",0.024
"BGSP",0.026
"BGSP",0.035
"BGSP",0.029
"BGSP",0.038
"BGSP",0.024
"BGSP",0.025
"BGSP",0.028
"BGSP",0.036
"BGSP",0.032
"BGSP",0.025
"BGSP",0.028
"BGSP",0.031
"BGSP",0.03
"BGSP",0.032
"BGSP",0.023
"BGSP",0.025
"BGSP",0.019
"BGSP",0.025
"BGSP",0.034
"BGSP",0.027
"BGSP",0.037
"BGSP",0.024
"BGSP",0.027
"BGSP",0.027
"BGSP",0.032
"BGSP",0.036
"BGSP",0.023
"BGSP",0.031
"BGSP",0.03
"BGSP",0.027
"BGSP",0.04
"BGSP",0.037
"BGSP",0.038
"BGSP",0.03
"BGSP",0.025
"BGSP",0.036
"BGSP",0.036
"BGSP",0.045
"BGSP",0.024
"BGSP",0.03
"BGSP",0.025
"BGSP",0.025
"BGSP",0.031
"BGSP",0.027
"BGSP",0.034
"BGSP",0.036
"BGSP",0.035
"BGSP",0.024
"BGSP",0.028
"BGSP",0.028
"BGSP",0.041
"BGSP",0.027
"BGSP",0.021
"BGSP",0.033
"BGSP",0.021
"BGSP",0.024
"BGSP",0.017
"BGSP",0.023
"BGSP",0.035
"BGSP",0.031
"BGSP",0.023
"BGSP",0.028
"BGSP",0.029
"BGSP",0.031
"BGSP",0.029
"BGSP",0.023
"BGSP",0.022
"BGSP",0.031
"BGSP",0.023
"BGSP",0.022
"BGSP",0.02
"BGSP",0.029
"BGSP",0.023
"BGSP",0.035
"BGSP",0.024
"BGSP",0.023
"BGSP",0.026
"BGSP",0.029
"BGSP",0.023
"BGSP",0.023
"BGSP",0.029
"BGSP",0.022
"BGSP",0.022
"BGSP",0.022
"BGSP",0.021
"BGSP",0.024
"BGSP",0.023
"BGSP",0.026
"BGSP",0.028
"BGSP",0.03
"BGSP",0.024
"BGSP",0.037
"BGSP",0.026
"BGSP",0.031
"BGSP",0.035
"BGSP",0.02
"BGSP",0.021
"BGSP",0.03
"BGSP",0.025
"BGSP",0.025
"BGSP",0.026
"BGSP",0.028
"BGSP",0.016
"BGSP",0.039
"BGSP",0.025
"BGSP",0.029
"BGSP",0.031
"BGSP",0.032
"BGSP",0.027
"BGSP",0.033
"BGSP",0.024
"BGSP",0.026
"BGSP",0.029
"BGSP",0.03
"BGSP",0.022
"BGSP",0.033
"BGSP",0.024
"BGSP",0.025
"BGSP",0.027
"BGSP",0.026
"BGSP",0.028
"BGSP",0.019
"BGSP",0.039
"BGSP",0.029
"BGSP",0.035
"BGSP",0.035
"BGSP",0.019
"BGSP",0.028
"BGSP",0.027
"BGSP",0.022
"BGSP",0.026
"BGSP",0.03
"BGSP",0.029
"BGSP",0.026
"BGSP",0.027
"BGSP",0.024
"BGSP",0.03
"BGSP",0.02
"BGSP",0.024
"BGSP",0.028
"BGSP",0.031
"BGSP",0.022
"BGSP",0.033
"BGSP",0.024
"BGSP",0.027
"BGSP",0.035
"BGSP",0.023
"BGSP",0.027
"BGSP",0.035
"BGSP",0.023
"BGSP",0.026
"BGSP",0.035
"BGSP",0.026
"BGSP",0.038
"BGSP",0.027
"BGSP",0.024
"BGSP",0.029
"BGSP",0.021
"BGSP",0.027
"BGSP",0.029
"BGSP",0.028
"BGSP",0.034
"BGSP",0.044
"BGSP",0.022
"BGSP",0.039
"BGSP",0.037
"BGSP",0.027
"BGSP",0.028
"BGSP",0.024
"BGSP",0.019
"BGSP",0.024
"BGSP",0.028
"BGSP",0.037
"BGSP",0.02
"BGSP",0.029
"BGSP",0.025
"BGSP",0.033
"BGSP",0.029
"BGSP",0.051
"BGSP",0.035
"BGSP",0.02
"BGSP",0.037
"BGSP",0.032
"BGSP",0.031
"BGSP",0.027
"BGSP",0.027
"BGSP",0.024
"BGSP",0.025
"BGSP",0.039
"BGSP",0.023
"BGSP",0.037
"BGSP",0.03
"BGSP",0.035
"BGSP",0.025
"BGSP",0.022
"BGSP",0.023
"BGSP",0.023
"BGSP",0.029
"BGSP",0.029
"BGSP",0.028
"BGSP",0.028
"BGSP",0.023
"BGSP",0.039
"BGSP",0.029
"BGSP",0.029
"BGSP",0.036
"BGSP",0.027
"BGSP",0.031
"BGSP",0.024
"BGSP",0.023
"BGSP",0.018
"BGSP",0.032
"BGSP",0.022
"BGSP",0.027
"BGSP",0.037
"BGSP",0.024
"BGSP",0.03
"BGSP",0.025
"BGSP",0.029
"BGSP",0.025
"BGSP",0.031
"BGSP",0.027
"BGSP",0.025
"BGSP",0.032
"BGSP",0.03
"BGSP",0.028
"BGSP",0.035
"BGSP",0.035
"BGSP",0.025
"BGSP",0.036
"BGSP",0.023
"BGSP",0.039
"BGSP",0.029
"BGSP",0.025
"BGSP",0.028
"BGSP",0.03
"BGSP",0.042
"BGSP",0.029
"BGSP",0.023
"BGSP",0.027
"BGSP",0.025
"BGSP",0.032
"BGSP",0.027
"BGSP",0.026
"BGSP",0.024
"BGSP",0.02
"BGSP",0.032
"BGSP",0.027
"BGSP",0.032
"BGSP",0.029
"BGSP",0.034
"BGSP",0.028
"BGSP",0.038
"BGSP",0.034
"BGSP",0.025
"BGSP",0.044
"BGSP",0.031
"BGSP",0.022
"BGSP",0.026
"BGSP",0.023
"BGSP",0.042
"BGSP",0.028
"BGSP",0.029
"BGSP",0.025
"BGSP",0.03
"BGSP",0.034
"BGSP",0.041
"BGSP",0.023
"BGSP",0.022
"BGSP",0.02
"BGSP",0.026
"BGSP",0.022
"BGSP",0.022
"BGSP",0.026
"BGSP",0.029
"BGSP",0.029
"BGSP",0.032
"BGSP",0.031
"BGSP",0.022
"BGSP",0.022
"BGSP",0.026
"BGSP",0.027
"BGSP",0.025
"BGSP",0.021
"BGSP",0.027
"BGSP",0.028
"BGSP",0.023
"BGSP",0.023
"BGSP",0.026
"BGSP",0.026
"BGSP",0.034
"BGSP",0.023
"BGSP",0.02
"BGSP",0.026
"BGSP",0.028
"BGSP",0.029
"BGSP",0.027
"BGSP",0.022
"BGSP",0.031
"BGSP",0.03
"BGSP",0.024
"BGSP",0.029
"BGSP",0.034
"BGSP",0.027
"BGSP",0.024
"BGSP",0.027
"BGSP",0.032
"BGSP",0.024
"BGSP",0.029
"BGSP",0.031
"BGSP",0.03
"BGSP",0.019
"BGSP",0.028
"BGSP",0.022
"BGSP",0.024
"BGSP",0.02
"BGSP",0.032
"BGSP",0.025
"BGSP",0.024
"BGSP",0.024
"BGSP",0.027
"BGSP",0.019
"BGSP",0.028
"BGSP",0.021
"BGSP",0.039
"BGSP",0.028
"BGSP",0.031
"BGSP",0.031
"BGSP",0.028
"BGSP",0.021
"BGSP",0.028
"BGSP",0.025
"BGSP",0.026
"BGSP",0.025
"BGSP",0.022
"BGSP",0.023
"BGSP",0.042
"BGSP",0.026
"BGSP",0.03
"BGSP",0.027
"BGSP",0.026
"BGSP",0.022
"BGSP",0.032
"BGSP",0.027
"BGSP",0.032
"BGSP",0.027
"BGSP",0.027
"BGSP",0.025
"BGSP",0.031
"BGSP",0.024
"BGSP",0.027
"BGSP",0.035
"BGSP",0.031
"BGSP",0.028
"BGSP",0.041
"BGSP",0.029
"BGSP",0.037
"BGSP",0.03
"BGSP",0.025
"BGSP",0.023
"BGSP",0.028
"BGSP",0.027
"BGSP",0.03
"BGSP",0.022
"BGSP",0.037
"BGSP",0.032
"BGSP",0.029
"BGSP",0.029
"BGSP",0.026
"BGSP",0.026
"BGSP",0.024
"BGSP",0.034
"BGSP",0.024
"BGSP",0.023
"BGSP",0.026
"BGSP",0.028
"BGSP",0.02
"BGSP",0.021
"BGSP",0.027
"BGSP",0.031
"BGSP",0.027
"BGSP",0.03
"BGSP",0.026
"BGSP",0.026
"BGSP",0.029
"BGSP",0.035
"BGSP",0.029
"BGSP",0.026
"BGSP",0.034
"BGSP",0.035
"BGSP",0.03
"BGSP",0.03
"BGSP",0.019
"BGSP",0.034
"BGSP",0.033
"BGSP",0.04
"BGSP",0.02
"BGSP",0.025
"BGSP",0.028
"BGSP",0.042
"BGSP",0.032
"BGSP",0.034
"BGSP",0.026
"BGSP",0.029
"BGSP",0.027
"BGSP",0.023
"BGSP",0.027
"BGSP",0.035
"BGSP",0.021
"BGSP",0.034
"BGSP",0.025
"BGSP",0.018
"BGSP",0.034
"BGSP",0.036
"BGSP",0.021
"BGSP",0.028
"BGSP",0.03
"BGSP",0.029
"BGSP",0.025
"BGSP",0.024
"BGSP",0.026
"BGSP",0.033
"BGSP",0.022
"BGSP",0.024
"BGSP",0.026
"BGSP",0.03
"BGSP",0.026
"BGSP",0.032
"BGSP",0.026
"BGSP",0.023
"BGSP",0.028
"BGSP",0.031
"BGSP",0.024
"BGSP",0.028
"BGSP",0.025
"BGSP",0.035
"BGSP",0.032
"BGSP",0.022
"BGSP",0.031
"BGSP",0.035
"BGSP",0.031
"BGSP",0.026
"BGSP",0.027
"BGSP",0.033
"BGSP",0.04
"BGSP",0.038
"BGSP",0.022
"BGSP",0.031
"BGSP",0.026
"BGSP",0.024
"BGSP",0.033
"BGSP",0.035
"BGSP",0.021
"BGSP",0.042
"BGSP",0.025
"BGSP",0.021
"BGSP",0.026
"BGSP",0.024
"BGSP",0.03
"BGSP",0.029
"BGSP",0.03
"BGSP",0.028
"BGSP",0.024
"BGSP",0.023
"BGSP",0.034
"BGSP",0.026
"BGSP",0.028
"BGSP",0.026
"BGSP",0.029
"BGSP",0.023
"BGSP",0.028
"BGSP",0.019
"BGSP",0.027
"BGSP",0.024
"BGSP",0.039
"BGSP",0.031
"BGSP",0.026
"BGSP",0.028
"BGSP",0.033
"BGSP",0.025
"BGSP",0.037
"BGSP",0.026
"BGSP",0.026
"BGSP",0.026
"BGSP",0.032
"BGSP",0.029
"BGSP",0.026
"BGSP",0.025
"BGSP",0.028
"BGSP",0.034
"BGSP",0.025
"BGSP",0.024
"BGSP",0.032
"BGSP",0.024
"BGSP",0.028
"BGSP",0.025
"BGSP",0.027
"BGSP",0.025
"BGSP",0.035
"BGSP",0.036
"BGSP",0.03
"BGSP",0.026
"BGSP",0.033
"BGSP",0.035
"BGSP",0.032
"BGSP",0.026
"BGSP",0.031
"BGSP",0.032
"BGSP",0.021
"BGSP",0.027
"BGSP",0.019
"BGSP",0.027
"BGSP",0.022
"BGSP",0.036
"BGSP",0.027
"BGSP",0.026
"BGSP",0.023
"BGSP",0.026
"BGSP",0.03
"BGSP",0.024
"BGSP",0.025
"BGSP",0.026
"BGSP",0.023
"BGSP",0.029
"BGSP",0.028
"BGSP",0.029
"BGSP",0.034
"BGSP",0.021
"BGSP",0.036
"BGSP",0.032
"BGSP",0.028
"BGSP",0.032
"BGSP",0.024
"BGSP",0.029
"BGSP",0.034
"BGSP",0.036
"BGSP",0.021
"BGSP",0.027
"BGSP",0.025
"BGSP",0.032
"BGSP",0.02
"BGSP",0.029
"BGSP",0.027
"BGSP",0.031
"BGSP",0.034
"BGSP",0.028
"BGSP",0.029
"BGSP",0.035
"BGSP",0.03
"BGSP",0.026
"BGSP",0.032
"BGSP",0.025
"BGSP",0.024
"BGSP",0.024
"BGSP",0.018
"BGSP",0.025
"BGSP",0.043
"BGSP",0.024
"BGSP",0.026
"BGSP",0.041
"BGSP",0.027
"BGSP",0.04
"BGSP",0.026
"BGSP",0.03
"BGSP",0.031
"BGSP",0.024
"BGSP",0.017
"BGSP",0.037
"BGSP",0.026
"BGSP",0.024
"BGSP",0.026
"BGSP",0.023
"BGSP",0.027
"BGSP",0.039
"BGSP",0.033
"BGSP",0.03
"BGSP",0.033
"BGSP",0.02
"BGSP",0.023
"BGSP",0.025
"BGSP",0.029
"BGSP",0.024
"BGSP",0.025
"BGSP",0.025
"BGSP",0.026
"BGSP",0.027
"BGSP",0.025
"BGSP",0.029
"BGSP",0.023
"BGSP",0.023
"BGSP",0.031
"BGSP",0.026
"BGSP",0.03
"BGSP",0.025
"BGSP",0.031
"BGSP",0.03
"BGSP",0.025
"BGSP",0.038
"BGSP",0.032
"BGSP",0.025
"BGSP",0.029
"BGSP",0.033
"BGSP",0.03
"BGSP",0.029
"BGSP",0.037
"BGSP",0.038
"BGSP",0.025
"BGSP",0.029
"BGSP",0.039
"BGSP",0.023
"BGSP",0.02
"BGSP",0.025
"BGSP",0.034
"BGSP",0.021
"BGSP",0.02
"BGSP",0.025
"BGSP",0.038
"BGSP",0.024
"BGSP",0.041
"BGSP",0.028
"BGSP",0.03
"BGSP",0.019
"BGSP",0.023
"BGSP",0.032
"BGSP",0.037
"BGSP",0.028
"BGSP",0.025
"BGSP",0.043
"BGSP",0.025
"BGSP",0.022
"BGSP",0.032
"BGSP",0.022
"BGSP",0.024
"BGSP",0.027
"BGSP",0.022
"BGSP",0.032
"BGSP",0.025
"BGSP",0.029
"BGSP",0.033
"BGSP",0.03
"BGSP",0.027
"BGSP",0.031
"BGSP",0.033
"BGSP",0.027
"BGSP",0.023
"BGSP",0.021
"BGSP",0.023
"BGSP",0.027
"BGSP",0.043
"BGSP",0.022
"BGSP",0.03
"BGSP",0.031
"BGSP",0.028
"BGSP",0.04
"BGSP",0.026
"BGSP",0.023
"BGSP",0.025
"BGSP",0.019
"BGSP",0.03
"BGSP",0.031
"BGSP",0.027
"BGSP",0.029
"BGSP",0.028
"BGSP",0.036
"BGSP",0.031
"BGSP",0.024
"BGSP",0.027
"BGSP",0.028
"BGSP",0.028
"BGSP",0.036
"BGSP",0.024
"BGSP",0.033
"BGSP",0.038
"BGSP",0.028
"BGSP",0.03
"BGSP",0.027
"BGSP",0.027
"BGSP",0.034
"BGSP",0.028
"BGSP",0.022
"BGSP",0.035
"BGSP",0.022
"BGSP",0.029
"BGSP",0.028
"BGSP",0.041
"BGSP",0.031
"BGSP",0.024
"BGSP",0.029
"BGSP",0.026
"BGSP",0.023
"BGSP",0.031
"BGSP",0.025
"BGSP",0.031
"BGSP",0.017
"BGSP",0.023
"BGSP",0.022
"BGSP",0.034
"BGSP",0.026
"BGSP",0.036
"BGSP",0.029
"BGSP",0.025
"BGSP",0.035
"BGSP",0.028
"BGSP",0.026
"BGSP",0.031
"BGSP",0.025
"BGSP",0.025
"BGSP",0.02
"BGSP",0.028
"BGSP",0.043
"BGSP",0.028
"BGSP",0.028
"BGSP",0.017
"BGSP",0.018
"BGSP",0.028
"BGSP",0.042
"BGSP",0.019
"BGSP",0.032
"BGSP",0.034
"BGSP",0.034
"BGSP",0.028
"BGSP",0.025
"BGSP",0.031
"BGSP",0.023
"BGSP",0.027
"BGSP",0.033
"BGSP",0.03
"BGSP",0.024
"BGSP",0.022
"BGSP",0.022
"BGSP",0.026
"BGSP",0.018
"BGSP",0.021
"BGSP",0.032
"BGSP",0.025
"BGSP",0.033
"BGSP",0.031
"BGSP",0.027
"BGSP",0.032
"BGSP",0.026
"BGSP",0.025
"BGSP",0.026
"BGSP",0.03
"BGSP",0.029
"BGSP",0.035
"BGSP",0.03
"BGSP",0.035
"BGSP",0.025
"BGSP",0.028
"BGSP",0.031
"BGSP",0.02
"BGSP",0.033
"BGSP",0.037
"BGSP",0.035
"BGSP",0.029
"BGSP",0.028
"BGSP",0.025
"BGSP",0.021
"BGSP",0.025
"BGSP",0.039
"BGSP",0.033
"BGSP",0.022
"BGSP",0.02
"BGSP",0.023
"BGSP",0.035
"BGSP",0.019
"BGSP",0.019
"BGSP",0.028
"BGSP",0.024
"BGSP",0.031
"BGSP",0.038
"BGSP",0.025
"BGSP",0.029
"BGSP",0.031
"BGSP",0.037
"DLBS",0.035
"DLBS",0.023
"DLBS",0.034
"DLBS",0.027
"DLBS",0.045
"DLBS",0.043
"DLBS",0.026
"DLBS",0.037
"DLBS",0.031
"DLBS",0.028
"DLBS",0.037
"DLBS",0.037
"DLBS",0.02
"DLBS",0.04
"DLBS",0.049
"DLBS",0.017
"DLBS",0.025
"DLBS",0.043
"DLBS",0.026
"DLBS",0.028
"DLBS",0.035
"DLBS",0.028
"DLBS",0.025
"DLBS",0.024
"DLBS",0.034
"DLBS",0.031
"DLBS",0.03
"DLBS",0.04
"DLBS",0.048
"DLBS",0.033
"DLBS",0.053
"DLBS",0.042
"DLBS",0.033
"DLBS",0.028
"DLBS",0.025
"DLBS",0.04
"DLBS",0.022
"DLBS",0.025
"DLBS",0.028
"DLBS",0.027
"DLBS",0.029
"DLBS",0.02
"DLBS",0.038
"DLBS",0.027
"DLBS",0.023
"DLBS",0.037
"DLBS",0.029
"DLBS",0.029
"DLBS",0.027
"DLBS",0.025
"DLBS",0.022
"DLBS",0.029
"DLBS",0.034
"DLBS",0.035
"DLBS",0.043
"DLBS",0.047
"DLBS",0.035
"DLBS",0.029
"DLBS",0.025
"DLBS",0.026
"DLBS",0.026
"DLBS",0.038
"DLBS",0.024
"DLBS",0.024
"DLBS",0.025
"DLBS",0.025
"DLBS",0.025
"DLBS",0.024
"DLBS",0.026
"DLBS",0.024
"DLBS",0.031
"DLBS",0.029
"DLBS",0.031
"DLBS",0.019
"DLBS",0.037
"DLBS",0.029
"DLBS",0.048
"DLBS",0.041
"DLBS",0.056
"DLBS",0.048
"DLBS",0.033
"DLBS",0.016
"DLBS",0.033
"DLBS",0.024
"DLBS",0.037
"DLBS",0.022
"DLBS",0.034
"DLBS",0.036
"DLBS",0.028
"DLBS",0.027
"DLBS",0.033
"DLBS",0.035
"DLBS",0.04
"DLBS",0.017
"DLBS",0.022
"DLBS",0.032
"DLBS",0.032
"DLBS",0.028
"DLBS",0.024
"DLBS",0.022
"DLBS",0.024
"DLBS",0.023
"DLBS",0.028
"DLBS",0.033
"DLBS",0.021
"DLBS",0.022
"DLBS",0.031
"DLBS",0.038
"DLBS",0.029
"DLBS",0.031
"DLBS",0.022
"DLBS",0.054
"DLBS",0.032
"DLBS",0.033
"DLBS",0.033
"DLBS",0.023
"DLBS",0.029
"DLBS",0.031
"DLBS",0.023
"DLBS",0.023
"DLBS",0.039
"DLBS",0.036
"DLBS",0.038
"DLBS",0.022
"DLBS",0.021
"DLBS",0.034
"DLBS",0.026
"DLBS",0.058
"DLBS",0.022
"DLBS",0.028
"DLBS",0.024
"DLBS",0.027
"DLBS",0.029
"DLBS",0.033
"DLBS",0.027
"DLBS",0.039
"DLBS",0.049
"DLBS",0.029
"DLBS",0.04
"DLBS",0.025
"DLBS",0.017
"DLBS",0.037
"DLBS",0.022
"DLBS",0.034
"DLBS",0.036
"DLBS",0.023
"DLBS",0.029
"DLBS",0.036
"DLBS",0.025
"DLBS",0.024
"DLBS",0.035
"DLBS",0.03
"DLBS",0.023
"DLBS",0.019
"DLBS",0.036
"DLBS",0.022
"DLBS",0.03
"DLBS",0.035
"DLBS",0.022
"DLBS",0.038
"DLBS",0.042
"DLBS",0.034
"DLBS",0.045
"DLBS",0.028
"DLBS",0.024
"DLBS",0.031
"DLBS",0.032
"DLBS",0.048
"DLBS",0.019
"DLBS",0.033
"DLBS",0.033
"DLBS",0.028
"DLBS",0.021
"DLBS",0.037
"DLBS",0.041
"DLBS",0.034
"DLBS",0.038
"DLBS",0.042
"DLBS",0.04
"DLBS",0.031
"DLBS",0.023
"DLBS",0.022
"DLBS",0.025
"DLBS",0.025
"DLBS",0.028
"DLBS",0.027
"DLBS",0.019
"DLBS",0.034
"DLBS",0.035
"DLBS",0.039
"DLBS",0.031
"DLBS",0.031
"DLBS",0.04
"DLBS",0.026
"DLBS",0.025
"DLBS",0.028
"DLBS",0.026
"DLBS",0.023
"DLBS",0.023
"DLBS",0.023
"DLBS",0.039
"DLBS",0.023
"DLBS",0.027
"DLBS",0.026
"DLBS",0.028
"DLBS",0.029
"DLBS",0.033
"DLBS",0.032
"DLBS",0.02
"DLBS",0.039
"DLBS",0.02
"DLBS",0.02
"DLBS",0.032
"DLBS",0.035
"DLBS",0.038
"DLBS",0.041
"DLBS",0.03
"DLBS",0.027
"DLBS",0.028
"DLBS",0.024
"DLBS",0.029
"DLBS",0.033
"DLBS",0.017
"DLBS",0.035
"DLBS",0.021
"DLBS",0.037
"DLBS",0.033
"DLBS",0.026
"DLBS",0.046
"DLBS",0.027
"DLBS",0.032
"DLBS",0.015
"DLBS",0.026
"DLBS",0.023
"DLBS",0.029
"DLBS",0.035
"DLBS",0.029
"DLBS",0.026
"DLBS",0.034
"DLBS",0.024
"DLBS",0.019
"DLBS",0.018
"DLBS",0.056
"DLBS",0.029
"DLBS",0.028
"DLBS",0.026
"DLBS",0.031
"DLBS",0.023
"DLBS",0.029
"DLBS",0.034
"DLBS",0.027
"DLBS",0.017
"DLBS",0.03
"DLBS",0.037
"DLBS",0.035
"DLBS",0.026
"DLBS",0.031
"DLBS",0.041
"DLBS",0.029
"DLBS",0.036
"DLBS",0.025
"DLBS",0.04
"DLBS",0.034
"DLBS",0.032
"DLBS",0.039
"DLBS",0.026
"DLBS",0.023
"DLBS",0.034
"DLBS",0.031
"DLBS",0.024
"DLBS",0.019
"DLBS",0.035
"DLBS",0.022
"DLBS",0.025
"DLBS",0.017
"DLBS",0.032
"DLBS",0.051
"DLBS",0.034
"DLBS",0.021
"DLBS",0.043
"DLBS",0.032
"DLBS",0.033
"DLBS",0.028
"DLBS",0.024
"DLBS",0.043
"DLBS",0.051
"DLBS",0.016
"DLBS",0.023
"DLBS",0.035
"DLBS",0.031
"DLBS",0.035
"DLBS",0.046
"DLBS",0.018
"DLBS",0.02
"DLBS",0.04
"DLBS",0.03
"DLBS",0.033
"DLBS",0.028
"DLBS",0.038
"DLBS",0.045
"DLBS",0.038
"DLBS",0.023
"DLBS",0.021
"DLBS",0.028
"DLBS",0.022
"DLBS",0.05
"DLBS",0.015
"DLBS",0.025
"DLBS",0.034
"DLBS",0.032
"DLBS",0.018
"IXI_600",0.018
"IXI_600",0.014
"IXI_600",0.024
"IXI_600",0.041
"IXI_600",0.041
"IXI_600",0.035
"IXI_600",0.025
"IXI_600",0.024
"IXI_600",0.017
"IXI_600",0.018
"IXI_600",0.023
"IXI_600",0.021
"IXI_600",0.02
"IXI_600",0.024
"IXI_600",0.028
"IXI_600",0.023
"IXI_600",0.037
"IXI_600",0.039
"IXI_600",0.02
"IXI_600",0.02
"IXI_600",0.028
"IXI_600",0.023
"IXI_600",0.028
"IXI_600",0.019
"IXI_600",0.019
"IXI_600",0.032
"IXI_600",0.021
"IXI_600",0.025
"IXI_600",0.034
"IXI_600",0.019
"IXI_600",0.025
"IXI_600",0.027
"IXI_600",0.022
"IXI_600",0.033
"IXI_600",0.023
"IXI_600",0.018
"IXI_600",0.025
"IXI_600",0.018
"IXI_600",0.024
"IXI_600",0.023
"IXI_600",0.027
"IXI_600",0.02
"IXI_600",0.028
"IXI_600",0.02
"IXI_600",0.028
"IXI_600",0.027
"IXI_600",0.02
"IXI_600",0.032
"IXI_600",0.019
"IXI_600",0.02
"IXI_600",0.02
"IXI_600",0.018
"IXI_600",0.037
"IXI_600",0.016
"IXI_600",0.018
"IXI_600",0.019
"IXI_600",0.022
"IXI_600",0.024
"IXI_600",0.018
"IXI_600",0.024
"IXI_600",0.016
"IXI_600",0.024
"IXI_600",0.026
"IXI_600",0.016
"IXI_600",0.033
"IXI_600",0.032
"IXI_600",0.023
"IXI_600",0.018
"IXI_600",0.02
"IXI_600",0.022
"IXI_600",0.027
"IXI_600",0.021
"IXI_600",0.026
"IXI_600",0.026
"IXI_600",0.025
"IXI_600",0.016
"IXI_600",0.029
"IXI_600",0.021
"IXI_600",0.018
"IXI_600",0.035
"IXI_600",0.019
"IXI_600",0.024
"IXI_600",0.026
"IXI_600",0.022
"IXI_600",0.027
"IXI_600",0.029
"IXI_600",0.033
"IXI_600",0.023
"IXI_600",0.019
"IXI_600",0.021
"IXI_600",0.031
"IXI_600",0.025
"IXI_600",0.022
"IXI_600",0.019
"IXI_600",0.017
"IXI_600",0.019
"IXI_600",0.031
"IXI_600",0.023
"IXI_600",0.018
"IXI_600",0.026
"IXI_600",0.025
"IXI_600",0.035
"IXI_600",0.028
"IXI_600",0.024
"IXI_600",0.023
"IXI_600",0.031
"IXI_600",0.025
"IXI_600",0.031
"IXI_600",0.021
"IXI_600",0.024
"IXI_600",0.043
"IXI_600",0.016
"IXI_600",0.022
"IXI_600",0.022
"IXI_600",0.023
"IXI_600",0.032
"IXI_600",0.021
"IXI_600",0.029
"IXI_600",0.019
"IXI_600",0.024
"IXI_600",0.018
"IXI_600",0.021
"IXI_600",0.022
"IXI_600",0.017
"IXI_600",0.02
"IXI_600",0.025
"IXI_600",0.038
"IXI_600",0.031
"IXI_600",0.018
"IXI_600",0.042
"IXI_600",0.017
"IXI_600",0.029
"IXI_600",0.019
"IXI_600",0.037
"IXI_600",0.027
"IXI_600",0.044
"IXI_600",0.047
"IXI_600",0.032
"IXI_600",0.021
"IXI_600",0.021
"IXI_600",0.023
"IXI_600",0.031
"IXI_600",0.025
"IXI_600",0.023
"IXI_600",0.022
"IXI_600",0.023
"IXI_600",0.019
"IXI_600",0.024
"IXI_600",0.026
"IXI_600",0.025
"IXI_600",0.018
"IXI_600",0.02
"IXI_600",0.022
"IXI_600",0.022
"IXI_600",0.018
"IXI_600",0.024
"IXI_600",0.023
"IXI_600",0.024
"IXI_600",0.026
"IXI_600",0.016
"IXI_600",0.021
"IXI_600",0.019
"IXI_600",0.027
"IXI_600",0.022
"IXI_600",0.02
"IXI_600",0.019
"IXI_600",0.026
"IXI_600",0.021
"IXI_600",0.023
"IXI_600",0.023
"IXI_600",0.031
"IXI_600",0.017
"IXI_600",0.025
"IXI_600",0.037
"IXI_600",0.043
"IXI_600",0.028
"IXI_600",0.027
"IXI_600",0.029
"IXI_600",0.02
"IXI_600",0.024
"IXI_600",0.019
"IXI_600",0.027
"IXI_600",0.025
"IXI_600",0.026
"IXI_600",0.023
"IXI_600",0.026
"IXI_600",0.02
"IXI_600",0.032
"IXI_600",0.016
"IXI_600",0.027
"IXI_600",0.023
"IXI_600",0.029
"IXI_600",0.021
"IXI_600",0.036
"IXI_600",0.039
"IXI_600",0.02
"IXI_600",0.02
"IXI_600",0.031
"IXI_600",0.033
"IXI_600",0.018
"IXI_600",0.045
"IXI_600",0.027
"IXI_600",0.02
"IXI_600",0.023
"IXI_600",0.023
"IXI_600",0.028
"IXI_600",0.021
"IXI_600",0.023
"IXI_600",0.021
"IXI_600",0.024
"IXI_600",0.019
"IXI_600",0.028
"IXI_600",0.015
"IXI_600",0.025
"IXI_600",0.024
"IXI_600",0.021
"IXI_600",0.04
"IXI_600",0.025
"IXI_600",0.03
"IXI_600",0.022
"IXI_600",0.034
"IXI_600",0.03
"IXI_600",0.018
"IXI_600",0.036
"IXI_600",0.026
"IXI_600",0.032
"IXI_600",0.027
"IXI_600",0.03
"IXI_600",0.019
"IXI_600",0.023
"IXI_600",0.022
"IXI_600",0.019
"IXI_600",0.025
"IXI_600",0.031
"IXI_600",0.036
"IXI_600",0.029
"IXI_600",0.026
"IXI_600",0.044
"IXI_600",0.038
"IXI_600",0.03
"IXI_600",0.039
"IXI_600",0.023
"IXI_600",0.031
"IXI_600",0.022
"IXI_600",0.021
"IXI_600",0.016
"IXI_600",0.021
"IXI_600",0.03
"IXI_600",0.019
"IXI_600",0.016
"IXI_600",0.029
"IXI_600",0.018
"IXI_600",0.04
"IXI_600",0.03
"IXI_600",0.029
"IXI_600",0.025
"IXI_600",0.017
"IXI_600",0.024
"IXI_600",0.025
"IXI_600",0.023
"IXI_600",0.023
"IXI_600",0.018
"IXI_600",0.02
"IXI_600",0.034
"IXI_600",0.024
"IXI_600",0.022
"IXI_600",0.035
"IXI_600",0.025
"IXI_600",0.025
"IXI_600",0.02
"IXI_600",0.037
"IXI_600",0.016
"IXI_600",0.025
"IXI_600",0.054
"IXI_600",0.024
"IXI_600",0.023
"IXI_600",0.021
"IXI_600",0.028
"IXI_600",0.022
"IXI_600",0.022
"IXI_600",0.024
"IXI_600",0.022
"IXI_600",0.023
"IXI_600",0.018
"IXI_600",0.035
"IXI_600",0.043
"IXI_600",0.019
"IXI_600",0.029
"IXI_600",0.021
"IXI_600",0.028
"IXI_600",0.02
"IXI_600",0.028
"IXI_600",0.029
"IXI_600",0.02
"IXI_600",0.021
"IXI_600",0.023
"IXI_600",0.022
"IXI_600",0.022
"IXI_600",0.033
"IXI_600",0.03
"IXI_600",0.028
"IXI_600",0.035
"IXI_600",0.021
"IXI_600",0.023
"IXI_600",0.023
"IXI_600",0.022
"IXI_600",0.038
"IXI_600",0.042
"IXI_600",0.025
"IXI_600",0.021
"IXI_600",0.02
"IXI_600",0.018
"IXI_600",0.018
"IXI_600",0.024
"IXI_600",0.032
"IXI_600",0.031
"IXI_600",0.016
"IXI_600",0.02
"IXI_600",0.024
"IXI_600",0.027
"IXI_600",0.028
"IXI_600",0.018
"IXI_600",0.021
"IXI_600",0.019
"IXI_600",0.033
"IXI_600",0.027
"IXI_600",0.038
"IXI_600",0.021
"IXI_600",0.032
"IXI_600",0.028
"IXI_600",0.021
"IXI_600",0.028
"IXI_600",0.014
"IXI_600",0.023
"IXI_600",0.027
"IXI_600",0.016
"IXI_600",0.023
"IXI_600",0.041
"IXI_600",0.039
"IXI_600",0.022
"IXI_600",0.019
"IXI_600",0.027
"IXI_600",0.024
"IXI_600",0.02
"IXI_600",0.018
"IXI_600",0.018
"IXI_600",0.019
"IXI_600",0.021
"IXI_600",0.023
"IXI_600",0.026
"IXI_600",0.029
"IXI_600",0.019
"IXI_600",0.024
"IXI_600",0.024
"IXI_600",0.021
"IXI_600",0.023
"IXI_600",0.021
"IXI_600",0.025
"IXI_600",0.049
"IXI_600",0.022
"IXI_600",0.02
"IXI_600",0.022
"IXI_600",0.017
"IXI_600",0.03
"IXI_600",0.044
"IXI_600",0.029
"IXI_600",0.037
"IXI_600",0.018
"IXI_600",0.024
"IXI_600",0.026
"IXI_600",0.033
"IXI_600",0.02
"IXI_600",0.026
"IXI_600",0.042
"IXI_600",0.019
"IXI_600",0.027
"IXI_600",0.033
"IXI_600",0.025
"IXI_600",0.01
"IXI_600",0.023
"IXI_600",0.021
"IXI_600",0.015
"IXI_600",0.019
"IXI_600",0.038
"IXI_600",0.023
"IXI_600",0.033
"IXI_600",0.022
"IXI_600",0.02
"IXI_600",0.049
"IXI_600",0.023
"IXI_600",0.021
"IXI_600",0.022
"IXI_600",0.025
"IXI_600",0.026
"IXI_600",0.036
"IXI_600",0.036
"IXI_600",0.028
"IXI_600",0.022
"IXI_600",0.02
"IXI_600",0.029
"IXI_600",0.026
"IXI_600",0.031
"IXI_600",0.031
"IXI_600",0.014
"IXI_600",0.036
"IXI_600",0.033
"IXI_600",0.035
"IXI_600",0.015
"IXI_600",0.024
"IXI_600",0.024
"IXI_600",0.03
"IXI_600",0.023
"IXI_600",0.041
"IXI_600",0.032
"IXI_600",0.016
"IXI_600",0.023
"IXI_600",0.022
"IXI_600",0.026
"IXI_600",0.029
"IXI_600",0.025
"IXI_600",0.029
"IXI_600",0.022
"IXI_600",0.026
"IXI_600",0.028
"IXI_600",0.019
"IXI_600",0.046
"IXI_600",0.022
"IXI_600",0.032
"IXI_600",0.022
"IXI_600",0.021
"IXI_600",0.032
"IXI_600",0.019
"IXI_600",0.026
"IXI_600",0.019
"IXI_600",0.023
"IXI_600",0.031
"IXI_600",0.031
"IXI_600",0.026
"IXI_600",0.018
"IXI_600",0.02
"IXI_600",0.021
"IXI_600",0.036
"IXI_600",0.025
"IXI_600",0.036
"IXI_600",0.034
"IXI_600",0.028
"IXI_600",0.024
"IXI_600",0.034
"IXI_600",0.034
"IXI_600",0.028
"IXI_600",0.03
"IXI_600",0.022
"IXI_600",0.028
"IXI_600",0.035
"IXI_600",0.046
"IXI_600",0.021
"IXI_600",0.036
"IXI_600",0.029
"IXI_600",0.024
"IXI_600",0.035
"IXI_600",0.033
"IXI_600",0.038
"IXI_600",0.044
"IXI_600",0.018
"IXI_600",0.035
"IXI_600",0.025
"IXI_600",0.035
"IXI_600",0.021
"IXI_600",0.027
"IXI_600",0.035
"IXI_600",0.026
"IXI_600",0.014
"IXI_600",0.032
"IXI_600",0.033
"IXI_600",0.024
"IXI_600",0.04
"IXI_600",0.033
"IXI_600",0.04
"IXI_600",0.02
"IXI_600",0.033
"IXI_600",0.018
"IXI_600",0.028
"IXI_600",0.021
"IXI_600",0.037
"IXI_600",0.014
"IXI_600",0.03
"IXI_600",0.028
"IXI_600",0.021
"IXI_600",0.022
"IXI_600",0.027
"IXI_600",0.021
"IXI_600",0.03
"IXI_600",0.021
"IXI_600",0.029
"IXI_600",0.028
"IXI_600",0.03
"IXI_600",0.028
"IXI_600",0.03
"IXI_600",0.024
"IXI_600",0.027
"IXI_600",0.03
"IXI_600",0.045
"IXI_600",0.023
"IXI_600",0.023
"IXI_600",0.025
"IXI_600",0.03
"IXI_600",0.025
"IXI_600",0.027
"IXI_600",0.027
"IXI_600",0.039
"IXI_600",0.018
"IXI_600",0.039
"IXI_600",0.038
"IXI_600",0.033
"IXI_600",0.038
"IXI_600",0.026
"IXI_600",0.041
"IXI_600",0.025
"IXI_600",0.041
"IXI_600",0.031
"IXI_600",0.014
"IXI_600",0.035
"IXI_600",0.039
"IXI_600",0.022
"IXI_600",0.027
"IXI_600",0.025
"IXI_600",0.032
"IXI_600",0.024
"IXI_600",0.026
"IXI_600",0.024
"IXI_600",0.023
"IXI_600",0.03
"IXI_600",0.029
"IXI_600",0.023
"IXI_600",0.041
"IXI_600",0.028
"IXI_600",0.024
"IXI_600",0.027
"IXI_600",0.057
"IXI_600",0.04
"IXI_600",0.028
"IXI_600",0.025
"IXI_600",0.032
"IXI_600",0.017
"IXI_600",0.022
"IXI_600",0.021
"IXI_600",0.038
"IXI_600",0.023
"IXI_600",0.019
"IXI_600",0.031
"IXI_600",0.023
"IXI_600",0.024
"MGH",0.026
"MGH",0.021
"MGH",0.033
"MGH",0.019
"MGH",0.02
"MGH",0.046
"MGH",0.041
"MGH",0.021
"MGH",0.028
"MGH",0.039
"MGH",0.023
"MGH",0.031
"MGH",0.039
"MGH",0.039
"MGH",0.027
"MGH",0.033
"MGH",0.031
"MGH",0.027
"MGH",0.037
"MGH",0.048
"MGH",0.048
"MGH",0.035
"MGH",0.018
"MGH",0.037
"MGH",0.028
"MGH",0.026
"MGH",0.026
"MGH",0.044
"MGH",0.03
"MGH",0.026
"MGH",0.041
"MGH",0.046
"MGH",0.023
"MGH",0.027
"MGH",0.024
"MGH",0.027
"MGH",0.042
"MGH",0.022
"MGH",0.026
"MGH",0.046
"MGH",0.023
"MGH",0.025
"MGH",0.024
"MGH",0.041
"MGH",0.038
"MGH",0.037
"MGH",0.036
"MGH",0.018
"MGH",0.023
"MGH",0.053
"MGH",0.057
"MGH",0.023
"MGH",0.021
"MGH",0.036
"MGH",0.053
"MGH",0.035
"MGH",0.021
"MGH",0.027
"MGH",0.039
"MGH",0.036
"MGH",0.013
"MGH",0.032
"MGH",0.027
"MGH",0.02
"MGH",0.043
"MGH",0.058
"MGH",0.03
"MGH",0.046
"MGH",0.035
"MGH",0.053
"MGH",0.041
"MGH",0.016
"MGH",0.04
"MGH",0.033
"MGH",0.053
"MGH",0.028
"MGH",0.022
"MGH",0.035
"MGH",0.02
"MGH",0.021
"MGH",0.027
"MGH",0.033
"MGH",0.038
"MGH",0.038
"MGH",0.018
"MGH",0.034
"MGH",0.036
"MGH",0.019
"MGH",0.052
"MGH",0.029
"MGH",0.033
"MGH",0.031
"MGH",0.035
"MGH",0.045
"MGH",0.036
"MGH",0.03
"MGH",0.025
"MGH",0.033
"MGH",0.046
"MGH",0.051
"MGH",0.018
"MGH",0.022
"MGH",0.036
"MGH",0.039
"MGH",0.039
"MGH",0.03
"MGH",0.035
"MGH",0.057
"MGH",0.021
"MGH",0.033
"MGH",0.051
"MGH",0.035
"MGH",0.034
"MGH",0.036
"MGH",0.051
"MGH",0.021
"MGH",0.024
"MGH",0.04
"MGH",0.023
"MGH",0.041
"MGH",0.05
"MGH",0.043
"MGH",0.038
"MGH",0.022
"MGH",0.032
"MGH",0.056
"MGH",0.041
"MGH",0.022
"MGH",0.032
"MGH",0.022
"MGH",0.026
"MGH",0.055
"MGH",0.024
"MGH",0.026
"MGH",0.028
"MGH",0.042
"MGH",0.054
"MGH",0.01
"MGH",0.025
"MGH",0.052
"MGH",0.03
"MGH",0.023
"MGH",0.048
"MGH",0.041
"MGH",0.056
"MGH",0.034
"MGH",0.026
"MGH",0.045
"MGH",0.019
"MGH",0.038
"MGH",0.019
"MGH",0.048
"MGH",0.024
"MGH",0.027
"MGH",0.054
"MGH",0.047
"MGH",0.02
"MGH",0.043
"MGH",0.03
"MGH",0.031
"MGH",0.038
"MGH",0.029
"MGH",0.036
"MGH",0.024
"MGH",0.02
"MGH",0.055
"MGH",0.026
"NIH_PD",0.058
"NIH_PD",0.032
"NIH_PD",0.048
"NIH_PD",0.044
"NIH_PD",0.046
"NIH_PD",0.032
"NIH_PD",0.052
"NIH_PD",0.04
"NIH_PD",0.039
"NIH_PD",0.034
"NIH_PD",0.045
"NIH_PD",0.036
"NIH_PD",0.045
"NIH_PD",0.047
"NIH_PD",0.045
"NIH_PD",0.032
"NIH_PD",0.047
"NIH_PD",0.032
"NIH_PD",0.041
"NIH_PD",0.037
"NIH_PD",0.044
"NIH_PD",0.052
"NIH_PD",0.058
"NIH_PD",0.057
"NIH_PD",0.049
"NIH_PD",0.051
"NIH_PD",0.037
"NIH_PD",0.034
"NIH_PD",0.036
"NIH_PD",0.034
"NIH_PD",0.046
"NIH_PD",0.043
"NIH_PD",0.043
"NIH_PD",0.038
"NIH_PD",0.035
"NIH_PD",0.033
"NIH_PD",0.047
"NIH_PD",0.047
"NIH_PD",0.039
"NIH_PD",0.058
"NIH_PD",0.046
"NIH_PD",0.037
"NIH_PD",0.037
"NIH_PD",0.03
"NIH_PD",0.046
"NIH_PD",0.026
"NIH_PD",0.055
"NIH_PD",0.048
"NIH_PD",0.052
"NIH_PD",0.028
"NIH_PD",0.029
"NIH_PD",0.03
"NIH_PD",0.038
"NIH_PD",0.045
"NIH_PD",0.038
"NIH_PD",0.036
"NIH_PD",0.042
"NIH_PD",0.051
"NIH_PD",0.047
"NIH_PD",0.037
"NIH_PD",0.047
"NIH_PD",0.036
"NIH_PD",0.042
"NIH_PD",0.048
"NIH_PD",0.037
"NIH_PD",0.04
"NIH_PD",0.036
"NIH_PD",0.02
"NIH_PD",0.04
"NIH_PD",0.051
"NIH_PD",0.042
"NIH_PD",0.039
"NIH_PD",0.041
"NIH_PD",0.047
"NIH_PD",0.054
"NIH_PD",0.049
"NIH_PD",0.056
"NIH_PD",0.034
"NIH_PD",0.047
"NIH_PD",0.039
"NIH_PD",0.044
"NIH_PD",0.027
"NIH_PD",0.047
"NIH_PD",0.042
"NIH_PD",0.031
"NIH_PD",0.039
"NIH_PD",0.039
"NIH_PD",0.045
"NIH_PD",0.028
"NIH_PD",0.032
"NIH_PD",0.031
"NIH_PD",0.037
"NIH_PD",0.048
"NIH_PD",0.026
"NIH_PD",0.047
"NIH_PD",0.041
"NIH_PD",0.039
"NIH_PD",0.057
"NIH_PD",0.029
"NIH_PD",0.04
"NIH_PD",0.048
"NIH_PD",0.039
"NIH_PD",0.026
"NIH_PD",0.032
"NIH_PD",0.041
"NIH_PD",0.026
"NIH_PD",0.025
"NIH_PD",0.034
"NIH_PD",0.027
"NIH_PD",0.055
"NIH_PD",0.052
"NIH_PD",0.044
"NIH_PD",0.044
"NIH_PD",0.044
"NIH_PD",0.051
"NIH_PD",0.057
"NIH_PD",0.057
"NIH_PD",0.033
"NIH_PD",0.048
"NIH_PD",0.037
"NIH_PD",0.033
"NIH_PD",0.049
"NIH_PD",0.058
"NIH_PD",0.028
"NIH_PD",0.055
"NIH_PD",0.042
"NIH_PD",0.04
"NIH_PD",0.033
"NIH_PD",0.043
"NIH_PD",0.049
"NIH_PD",0.046
"NIH_PD",0.049
"NIH_PD",0.038
"NIH_PD",0.023
"NIH_PD",0.024
"NIH_PD",0.046
"NIH_PD",0.055
"NIH_PD",0.035
"NIH_PD",0.034
"NIH_PD",0.042
"NIH_PD",0.035
"NIH_PD",0.025
"NIH_PD",0.046
"NIH_PD",0.035
"NIH_PD",0.031
"NIH_PD",0.039
"NIH_PD",0.05
"NIH_PD",0.04
"NIH_PD",0.048
"NIH_PD",0.033
"NIH_PD",0.033
"NIH_PD",0.031
"NIH_PD",0.025
"NIH_PD",0.05
"NIH_PD",0.036
"NIH_PD",0.029
"NIH_PD",0.029
"NIH_PD",0.036
"NIH_PD",0.03
"NIH_PD",0.054
"NIH_PD",0.04
"NIH_PD",0.048
"NIH_PD",0.043
"NIH_PD",0.042
"NIH_PD",0.036
"NIH_PD",0.049
"NIH_PD",0.051
"NIH_PD",0.052
"NIH_PD",0.053
"NIH_PD",0.04
"NIH_PD",0.036
"NIH_PD",0.052
"NIH_PD",0.04
"NIH_PD",0.03
"NIH_PD",0.032
"NIH_PD",0.04
"NIH_PD",0.028
"NIH_PD",0.038
"NIH_PD",0.031
"NIH_PD",0.05
"NIH_PD",0.043
"NIH_PD",0.03
"NIH_PD",0.024
"NIH_PD",0.031
"NIH_PD",0.044
"NIH_PD",0.04
"NIH_PD",0.05
"NIH_PD",0.032
"NIH_PD",0.034
"NIH_PD",0.049
"NIH_PD",0.046
"NIH_PD",0.049
"NIH_PD",0.056
"NIH_PD",0.055
"NIH_PD",0.052
"NIH_PD",0.034
"NIH_PD",0.055
"NIH_PD",0.058
"NIH_PD",0.054
"NIH_PD",0.042
"NIH_PD",0.048
"NIH_PD",0.045
"NIH_PD",0.046
"NIH_PD",0.046
"NIH_PD",0.032
"NIH_PD",0.049
"NIH_PD",0.044
"NIH_PD",0.033
"NIH_PD",0.038
"NIH_PD",0.046
"NIH_PD",0.039
"NIH_PD",0.045
"NIH_PD",0.044
"NIH_PD",0.045
"NIH_PD",0.049
"NIH_PD",0.037
"NIH_PD",0.03
"NIH_PD",0.048
"NIH_PD",0.052
"NIH_PD",0.048
"NIH_PD",0.038
"NIH_PD",0.028
"NIH_PD",0.022
"NIH_PD",0.036
"NIH_PD",0.031
"NIH_PD",0.026
"NIH_PD",0.048
"NIH_PD",0.05
"NIH_PD",0.027
"NIH_PD",0.034
"NIH_PD",0.038
"NIH_PD",0.034
"NIH_PD",0.038
"NIH_PD",0.033
"NIH_PD",0.024
"NIH_PD",0.034
"NIH_PD",0.036
"NIH_PD",0.035
"NIH_PD",0.029
"NIH_PD",0.037
"NIH_PD",0.033
"NIH_PD",0.029
"NIH_PD",0.05
"NIH_PD",0.028
"NIH_PD",0.04
"NIH_PD",0.039
"NIH_PD",0.037
"NIH_PD",0.037
"NIH_PD",0.034
"NIH_PD",0.023
"NIH_PD",0.056
"NIH_PD",0.025
"NIH_PD",0.026
"NIH_PD",0.041
"NIH_PD",0.045
"NIH_PD",0.052
"NIH_PD",0.035
"NIH_PD",0.033
"NIH_PD",0.03
"NIH_PD",0.033
"NIH_PD",0.025
"NIH_PD",0.051
"NIH_PD",0.054
"NIH_PD",0.048
"NIH_PD",0.051
"NIH_PD",0.047
"NIH_PD",0.044
"NIH_PD",0.031
"NIH_PD",0.058
"NIH_PD",0.035
"NIH_PD",0.04
"NIH_PD",0.026
"NIH_PD",0.043
"NIH_PD",0.037
"NIH_PD",0.023
"NIH_PD",0.033
"NIH_PD",0.045
"NIH_PD",0.045
"NIH_PD",0.048
"NIH_PD",0.05
"NIH_PD",0.034
"NIH_PD",0.023
"NIH_PD",0.046
"NIH_PD",0.046
"NIH_PD",0.034
"NIH_PD",0.044
"NIH_PD",0.046
"NIH_PD",0.05
"NIH_PD",0.048
"NIH_PD",0.036
"NIH_PD",0.031
"NIH_PD",0.042
"NIH_PD",0.039
"NIH_PD",0.044
"NIH_PD",0.048
"NIH_PD",0.033
"NIH_PD",0.046
"NIH_PD",0.048
"NIH_PD",0.042
"NIH_PD",0.024
"NIH_PD",0.028
"NIH_PD",0.023
"NIH_PD",0.028
"NIH_PD",0.024
"NIH_PD",0.048
"NIH_PD",0.027
"NIH_PD",0.03
"NIH_PD",0.039
"NIH_PD",0.032
"NIH_PD",0.03
"NIH_PD",0.034
"NIH_PD",0.023
"NIH_PD",0.04
"NIH_PD",0.052
"NIH_PD",0.04
"NIH_PD",0.036
"NIH_PD",0.033
"NIH_PD",0.029
"NIH_PD",0.037
"NIH_PD",0.039
"NIH_PD",0.032
"NIH_PD",0.029
"NIH_PD",0.048
"NIH_PD",0.058
"NIH_PD",0.044
"NIH_PD",0.03
"NIH_PD",0.053
"NIH_PD",0.037
"NIH_PD",0.055
"NIH_PD",0.046
"NIH_PD",0.032
"NIH_PD",0.041
"NIH_PD",0.045
"NIH_PD",0.035
"NIH_PD",0.043
"NIH_PD",0.034
"NIH_PD",0.037
"NIH_PD",0.043
"NIH_PD",0.058
"NIH_PD",0.057
"NIH_PD",0.035
"NIH_PD",0.043
"NIH_PD",0.057
"NIH_PD",0.044
"NIH_PD",0.029
"NIH_PD",0.032
"NIH_PD",0.021
"NIH_PD",0.029
"NIH_PD",0.044
"NIH_PD",0.027
"NIH_PD",0.047
"NIH_PD",0.031
"NIH_PD",0.037
"NIH_PD",0.032
"NIH_PD",0.04
"NIH_PD",0.048
"NIH_PD",0.055
"NIH_PD",0.035
"NIH_PD",0.057
"NIH_PD",0.037
"NIH_PD",0.043
"NIH_PD",0.051
"NIH_PD",0.04
"NIH_PD",0.043
"NIH_PD",0.049
"NIH_PD",0.054
"NIH_PD",0.047
"NIH_PD",0.057
"NIH_PD",0.054
"NIH_PD",0.026
"NIH_PD",0.027
"NIH_PD",0.036
"NIH_PD",0.029
"NIH_PD",0.052
"NIH_PD",0.036
"NIH_PD",0.047
"NIH_PD",0.053
"NIH_PD",0.042
"NIH_PD",0.057
"NIH_PD",0.039
"NIH_PD",0.042
"NIH_PD",0.044
"NIH_PD",0.042
"NIH_PD",0.028
"NIH_PD",0.031
"NIH_PD",0.04
"NIH_PD",0.033
"NIH_PD",0.055
"NIH_PD",0.048
"NIH_PD",0.04
"NIH_PD",0.049
"NIH_PD",0.033
"NIH_PD",0.027
"NIH_PD",0.026
"NIH_PD",0.035
"NIH_PD",0.041
"NIH_PD",0.053
"NIH_PD",0.047
"NIH_PD",0.047
"NIH_PD",0.045
"NIH_PD",0.032
"NIH_PD",0.046
"NIH_PD",0.051
"NIH_PD",0.041
"NIH_PD",0.028
"NIH_PD",0.032
"NIH_PD",0.038
"NIH_PD",0.029
"NIH_PD",0.041
"NIH_PD",0.037
"NIH_PD",0.053
"NIH_PD",0.05
"NIH_PD",0.043
"NIH_PD",0.039
"NIH_PD",0.058
"NIH_PD",0.058
"NIH_PD",0.054
"NIH_PD",0.044
"NIH_PD",0.052
"NIH_PD",0.037
"NIH_PD",0.035
"NIH_PD",0.043
"NIH_PD",0.049
"NIH_PD",0.049
"NIH_PD",0.043
"NIH_PD",0.045
"NIH_PD",0.035
"NIH_PD",0.043
"NIH_PD",0.054
"NIH_PD",0.032
"NIH_PD",0.031
"NIH_PD",0.043
"NIH_PD",0.026
"NIH_PD",0.034
"NIH_PD",0.045
"NIH_PD",0.042
"NIH_PD",0.037
"NIH_PD",0.027
"NIH_PD",0.052
"NIH_PD",0.036
"NIH_PD",0.049
"NIH_PD",0.035
"NIH_PD",0.026
"NIH_PD",0.036
"NIH_PD",0.054
"NIH_PD",0.04
"NIH_PD",0.035
"NIH_PD",0.04
"NIH_PD",0.057
"NIH_PD",0.024
"NIH_PD",0.055
"NIH_PD",0.029
"NIH_PD",0.05
"NIH_PD",0.031
"NIH_PD",0.051
"NIH_PD",0.052
"NIH_PD",0.053
"NIH_PD",0.039
"NIH_PD",0.025
"NIH_PD",0.042
"NIH_PD",0.036
"NIH_PD",0.034
"NIH_PD",0.038
"NIH_PD",0.054
"NIH_PD",0.053
"NIH_PD",0.03
"NIH_PD",0.045
"NIH_PD",0.037
"NIH_PD",0.036
"NIH_PD",0.029
"NIH_PD",0.026
"NIH_PD",0.025
"NIH_PD",0.047
"NIH_PD",0.033
"NIH_PD",0.034
"NIH_PD",0.04
"NIH_PD",0.029
"NIH_PD",0.028
"NIH_PD",0.031
"NIH_PD",0.043
"NIH_PD",0.048
"NIH_PD",0.032
"NIH_PD",0.041
"NIH_PD",0.05
"NIH_PD",0.026
"NIH_PD",0.036
"NIH_PD",0.04
"NIH_PD",0.031
"NIH_PD",0.037
"NIH_PD",0.053
"NIH_PD",0.043
"NIH_PD",0.048
"NIH_PD",0.031
"NIH_PD",0.043
"NIH_PD",0.034
"NIH_PD",0.041
"NIH_PD",0.047
"NIH_PD",0.037
"NIH_PD",0.026
"NIH_PD",0.042
"NIH_PD",0.037
"NIH_PD",0.043
"NIH_PD",0.049
"NIH_PD",0.058
"NIH_PD",0.051
"NIH_PD",0.046
"NIH_PD",0.037
"NIH_PD",0.034
"NIH_PD",0.045
"NIH_PD",0.044
"NIH_PD",0.04
"NIH_PD",0.039
"NIH_PD",0.04
"NIH_PD",0.046
"NIH_PD",0.045
"NIH_PD",0.029
"NIH_PD",0.035
"NIH_PD",0.036
"NIH_PD",0.051
"NIH_PD",0.045
"NIH_PD",0.042
"NIH_PD",0.052
"NIH_PD",0.043
"NIH_PD",0.041
"NIH_PD",0.055
"NIH_PD",0.039
"NIH_PD",0.041
"NIH_PD",0.037
"NIH_PD",0.04
"NIH_PD",0.035
"NIH_PD",0.023
"NIH_PD",0.037
"NIH_PD",0.038
"NIH_PD",0.046
"NIH_PD",0.05
"NIH_PD",0.043
"NIH_PD",0.051
"NIH_PD",0.042
"NIH_PD",0.038
"NIH_PD",0.03
"NIH_PD",0.034
"NIH_PD",0.026
"NIH_PD",0.034
"NIH_PD",0.027
"NIH_PD",0.05
"NIH_PD",0.058
"NIH_PD",0.036
"NIH_PD",0.039
"NIH_PD",0.038
"NIH_PD",0.041
"NIH_PD",0.035
"NIH_PD",0.034
"NIH_PD",0.029
"NIH_PD",0.03
"NIH_PD",0.031
"NIH_PD",0.029
"NIH_PD",0.046
"NIH_PD",0.055
"NIH_PD",0.042
"NIH_PD",0.054
"NIH_PD",0.039
"NIH_PD",0.039
"NIH_PD",0.029
"NIH_PD",0.041
"NIH_PD",0.046
"NIH_PD",0.036
"NIH_PD",0.045
"NIH_PD",0.031
"NIH_PD",0.034
"NIH_PD",0.052
"NIH_PD",0.049
"NIH_PD",0.045
"NIH_PD",0.046
"NIH_PD",0.041
"NIH_PD",0.05
"NIH_PD",0.053
"NIH_PD",0.04
"NIH_PD",0.054
"NIH_PD",0.04
"NIH_PD",0.044
"NIH_PD",0.033
"NIH_PD",0.029
"NIH_PD",0.032
"NIH_PD",0.055
"NIH_PD",0.037
"NIH_PD",0.026
"NIH_PD",0.03
"NIH_PD",0.046
"NIH_PD",0.056
"NIH_PD",0.031
"NIH_PD",0.04
"NIH_PD",0.035
"NIH_PD",0.037
"NIH_PD",0.048
"NIH_PD",0.036
"NIH_PD",0.029
"NIH_PD",0.049
"NIH_PD",0.039
"NIH_PD",0.044
"NIH_PD",0.038
"NIH_PD",0.041
"NIH_PD",0.036
"NIH_PD",0.033
"NIH_PD",0.036
"NIH_PD",0.032
"NIH_PD",0.043
"NIH_PD",0.035
"NIH_PD",0.026
"NIH_PD",0.057
"NIH_PD",0.042
"NIH_PD",0.04
"NIH_PD",0.033
"NIH_PD",0.042
"NIH_PD",0.041
"NIH_PD",0.043
"NIH_PD",0.05
"NIH_PD",0.053
"NIH_PD",0.052
"NIH_PD",0.046
"NIH_PD",0.041
"NIH_PD",0.044
"NIH_PD",0.033
"NIH_PD",0.052
"NIH_PD",0.03
"NIH_PD",0.037
"NIH_PD",0.052
"NIH_PD",0.037
"NIH_PD",0.047
"NIH_PD",0.037
"NIH_PD",0.045
"NIH_PD",0.028
"NIH_PD",0.048
"NIH_PD",0.035
"NIH_PD",0.037
"NIH_PD",0.041
"NIH_PD",0.032
"NIH_PD",0.038
"NIH_PD",0.028
"NIH_PD",0.029
"NIH_PD",0.028
"NIH_PD",0.056
"NIH_PD",0.039
"NIH_PD",0.038
"NIH_PD",0.031
"NIH_PD",0.05
"NIH_PD",0.029
"NIH_PD",0.024
"NIH_PD",0.044
"NIH_PD",0.046
"NIH_PD",0.04
"NIH_PD",0.034
"NIH_PD",0.05
"NIH_PD",0.042
"NIH_PD",0.025
"NIH_PD",0.041
"NIH_PD",0.058
"NIH_PD",0.04
"NIH_PD",0.027
"NIH_PD",0.039
"NIH_PD",0.04
"NIH_PD",0.044
"NIH_PD",0.042
"NIH_PD",0.049
"NIH_PD",0.046
"NIH_PD",0.048
"NIH_PD",0.045
"NIH_PD",0.027
"NIH_PD",0.042
"NIH_PD",0.055
"NIH_PD",0.056
"NIH_PD",0.052
"NIH_PD",0.041
"NIH_PD",0.053
"NIH_PD",0.04
"NIH_PD",0.028
"NIH_PD",0.023
"NIH_PD",0.026
"NIH_PD",0.021
"NIH_PD",0.05
"NIH_PD",0.034
"NIH_PD",0.039
"NIH_PD",0.036
"NIH_PD",0.029
"NIH_PD",0.057
"NIH_PD",0.05
"NIH_PD",0.05
"NIH_PD",0.056
"NIH_PD",0.049
"NIH_PD",0.054
"NIH_PD",0.055
"NIH_PD",0.032
"NIH_PD",0.031
"NIH_PD",0.037
"NIH_PD",0.047
"NIH_PD",0.039
"NIH_PD",0.049
"NIH_PD",0.038
"NIH_PD",0.041
"NIH_PD",0.027
"NIH_PD",0.029
"NIH_PD",0.035
"NIH_PD",0.049
"NIH_PD",0.053
"NIH_PD",0.029
"NIH_PD",0.047
"NIH_PD",0.044
"NIH_PD",0.037
"NIH_PD",0.05
"NIH_PD",0.042
"NIH_PD",0.032
"NIH_PD",0.03
"NIH_PD",0.041
"NIH_PD",0.051
"NIH_PD",0.044
"NIH_PD",0.033
"NIH_PD",0.056
"NIH_PD",0.044
"NIH_PD",0.038
"NIH_PD",0.038
"NIH_PD",0.034
"NIH_PD",0.043
"NIH_PD",0.027
"NIH_PD",0.049
"NIH_PD",0.035
"NIH_PD",0.033
"NIH_PD",0.034
"NIH_PD",0.028
"NIH_PD",0.028
"NIH_PD",0.053
"NIH_PD",0.038
"NIH_PD",0.039
"NIH_PD",0.033
"NIH_PD",0.044
"NIH_PD",0.044
"NIH_PD",0.039
"NIH_PD",0.042
"NIH_PD",0.026
"NIH_PD",0.027
"NIH_PD",0.057
"NIH_PD",0.047
"NIH_PD",0.042
"NIH_PD",0.05
"NIH_PD",0.041
"NIH_PD",0.037
"NIH_PD",0.055
"NIH_PD",0.043
"NIH_PD",0.043
"NIH_PD",0.039
"NIH_PD",0.039
"NIH_PD",0.04
"NIH_PD",0.023
"NIH_PD",0.049
"NIH_PD",0.046
"NIH_PD",0.046
"NIH_PD",0.054
"NIH_PD",0.036
"NIH_PD",0.032
"NIH_PD",0.046
"NIH_PD",0.044
"NIH_PD",0.053
"NIH_PD",0.039
"NIH_PD",0.047
"NIH_PD",0.035
"NIH_PD",0.025
"NIH_PD",0.035
"NIH_PD",0.046
"NIH_PD",0.027
"NIH_PD",0.032
"NIH_PD",0.023
"NIH_PD",0.049
"NIH_PD",0.033
"NIH_PD",0.05
"NIH_PD",0.049
"NIH_PD",0.032
"NIH_PD",0.043
"NIH_PD",0.039
"NIH_PD",0.034
"NIH_PD",0.031
"NIH_PD",0.04
"NIH_PD",0.056
"NIH_PD",0.033
"NIH_PD",0.037
"NIH_PD",0.057
"NIH_PD",0.036
"NIH_PD",0.029
"NIH_PD",0.033
"NIH_PD",0.023
"NIH_PD",0.057
"NIH_PD",0.03
"NIH_PD",0.029
"NIH_PD",0.037
"NIH_PD",0.056
"NIH_PD",0.047
"NIH_PD",0.051
"NIH_PD",0.056
"NIH_PD",0.048
"NIH_PD",0.048
"NIH_PD",0.033
"NIH_PD",0.045
"NIH_PD",0.055
"NIH_PD",0.054
"NIH_PD",0.055
"NIH_PD",0.042
"NIH_PD",0.042
"NIH_PD",0.035
"NIH_PD",0.053
"NIH_PD",0.05
"NIH_PD",0.052
"NIH_PD",0.058
"NIH_PD",0.046
"NIH_PD",0.04
"NIH_PD",0.055
"NIH_PD",0.032
"NIH_PD",0.048
"NIH_PD",0.048
"NIH_PD",0.057
"NIH_PD",0.045
"NIH_PD",0.058
"NIH_PD",0.039
"NIH_PD",0.056
"NIH_PD",0.055
"NIH_PD",0.052
"NIH_PD",0.051
"OASIS_3",0.022
"OASIS_3",0.021
"OASIS_3",0.028
"OASIS_3",0.025
"OASIS_3",0.032
"OASIS_3",0.03
"OASIS_3",0.034
"OASIS_3",0.029
"OASIS_3",0.024
"OASIS_3",0.026
"OASIS_3",0.026
"OASIS_3",0.023
"OASIS_3",0.025
"OASIS_3",0.034
"OASIS_3",0.031
"OASIS_3",0.027
"OASIS_3",0.036
"OASIS_3",0.019
"OASIS_3",0.021
"OASIS_3",0.017
"OASIS_3",0.017
"OASIS_3",0.016
"OASIS_3",0.038
"OASIS_3",0.021
"OASIS_3",0.038
"OASIS_3",0.022
"OASIS_3",0.029
"OASIS_3",0.029
"OASIS_3",0.025
"OASIS_3",0.032
"OASIS_3",0.027
"OASIS_3",0.025
"OASIS_3",0.023
"OASIS_3",0.024
"OASIS_3",0.038
"OASIS_3",0.032
"OASIS_3",0.033
"OASIS_3",0.024
"OASIS_3",0.021
"OASIS_3",0.021
"OASIS_3",0.025
"OASIS_3",0.023
"OASIS_3",0.02
"OASIS_3",0.021
"OASIS_3",0.031
"OASIS_3",0.031
"OASIS_3",0.035
"OASIS_3",0.018
"OASIS_3",0.045
"OASIS_3",0.025
"OASIS_3",0.022
"OASIS_3",0.023
"OASIS_3",0.018
"OASIS_3",0.027
"OASIS_3",0.031
"OASIS_3",0.043
"OASIS_3",0.03
"OASIS_3",0.019
"OASIS_3",0.027
"OASIS_3",0.039
"OASIS_3",0.025
"OASIS_3",0.043
"OASIS_3",0.033
"OASIS_3",0.025
"OASIS_3",0.038
"OASIS_3",0.034
"OASIS_3",0.026
"OASIS_3",0.03
"OASIS_3",0.044
"OASIS_3",0.032
"OASIS_3",0.023
"OASIS_3",0.038
"OASIS_3",0.034
"OASIS_3",0.018
"OASIS_3",0.027
"OASIS_3",0.027
"OASIS_3",0.022
"OASIS_3",0.026
"OASIS_3",0.031
"OASIS_3",0.027
"OASIS_3",0.032
"OASIS_3",0.022
"OASIS_3",0.042
"OASIS_3",0.021
"OASIS_3",0.019
"OASIS_3",0.023
"OASIS_3",0.023
"OASIS_3",0.03
"OASIS_3",0.02
"OASIS_3",0.029
"OASIS_3",0.034
"OASIS_3",0.039
"OASIS_3",0.017
"OASIS_3",0.024
"OASIS_3",0.024
"OASIS_3",0.018
"OASIS_3",0.026
"OASIS_3",0.024
"OASIS_3",0.026
"OASIS_3",0.026
"OASIS_3",0.037
"OASIS_3",0.028
"OASIS_3",0.038
"OASIS_3",0.038
"OASIS_3",0.023
"OASIS_3",0.027
"OASIS_3",0.018
"OASIS_3",0.02
"OASIS_3",0.019
"OASIS_3",0.02
"OASIS_3",0.022
"OASIS_3",0.034
"OASIS_3",0.022
"OASIS_3",0.025
"OASIS_3",0.024
"OASIS_3",0.03
"OASIS_3",0.051
"OASIS_3",0.034
"OASIS_3",0.031
"OASIS_3",0.025
"OASIS_3",0.028
"OASIS_3",0.035
"OASIS_3",0.026
"OASIS_3",0.036
"OASIS_3",0.02
"OASIS_3",0.038
"OASIS_3",0.044
"OASIS_3",0.035
"OASIS_3",0.03
"OASIS_3",0.046
"OASIS_3",0.02
"OASIS_3",0.055
"OASIS_3",0.019
"OASIS_3",0.019
"OASIS_3",0.019
"OASIS_3",0.018
"OASIS_3",0.022
"OASIS_3",0.023
"OASIS_3",0.036
"OASIS_3",0.032
"OASIS_3",0.027
"OASIS_3",0.032
"OASIS_3",0.034
"OASIS_3",0.031
"OASIS_3",0.021
"OASIS_3",0.025
"OASIS_3",0.028
"OASIS_3",0.022
"OASIS_3",0.019
"OASIS_3",0.02
"OASIS_3",0.023
"OASIS_3",0.023
"OASIS_3",0.033
"OASIS_3",0.046
"OASIS_3",0.03
"OASIS_3",0.028
"OASIS_3",0.017
"OASIS_3",0.017
"OASIS_3",0.027
"OASIS_3",0.019
"OASIS_3",0.037
"OASIS_3",0.024
"OASIS_3",0.028
"OASIS_3",0.023
"OASIS_3",0.028
"OASIS_3",0.041
"OASIS_3",0.042
"OASIS_3",0.043
"OASIS_3",0.057
"OASIS_3",0.031
"OASIS_3",0.023
"OASIS_3",0.025
"OASIS_3",0.034
"OASIS_3",0.036
"OASIS_3",0.035
"OASIS_3",0.026
"OASIS_3",0.019
"OASIS_3",0.028
"OASIS_3",0.031
"OASIS_3",0.035
"OASIS_3",0.041
"OASIS_3",0.019
"OASIS_3",0.019
"OASIS_3",0.021
"OASIS_3",0.016
"OASIS_3",0.021
"OASIS_3",0.025
"OASIS_3",0.032
"OASIS_3",0.035
"OASIS_3",0.034
"OASIS_3",0.026
"OASIS_3",0.019
"OASIS_3",0.036
"OASIS_3",0.049
"OASIS_3",0.026
"OASIS_3",0.026
"OASIS_3",0.024
"OASIS_3",0.028
"OASIS_3",0.025
"OASIS_3",0.022
"OASIS_3",0.022
"OASIS_3",0.043
"OASIS_3",0.049
"OASIS_3",0.014
"OASIS_3",0.018
"OASIS_3",0.019
"OASIS_3",0.033
"OASIS_3",0.038
"OASIS_3",0.03
"OASIS_3",0.031
"OASIS_3",0.031
"OASIS_3",0.033
"OASIS_3",0.034
"OASIS_3",0.03
"OASIS_3",0.019
"OASIS_3",0.02
"OASIS_3",0.023
"OASIS_3",0.024
"OASIS_3",0.026
"OASIS_3",0.024
"OASIS_3",0.026
"OASIS_3",0.038
"OASIS_3",0.042
"OASIS_3",0.034
"OASIS_3",0.035
"OASIS_3",0.028
"OASIS_3",0.02
"OASIS_3",0.032
"OASIS_3",0.027
"OASIS_3",0.037
"OASIS_3",0.049
"OASIS_3",0.016
"OASIS_3",0.021
"OASIS_3",0.043
"OASIS_3",0.032
"OASIS_3",0.025
"OASIS_3",0.028
"OASIS_3",0.043
"OASIS_3",0.028
"OASIS_3",0.038
"OASIS_3",0.027
"OASIS_3",0.02
"OASIS_3",0.02
"OASIS_3",0.025
"OASIS_3",0.032
"OASIS_3",0.032
"OASIS_3",0.031
"OASIS_3",0.033
"OASIS_3",0.026
"OASIS_3",0.025
"OASIS_3",0.021
"OASIS_3",0.025
"OASIS_3",0.042
"OASIS_3",0.022
"OASIS_3",0.046
"OASIS_3",0.027
"OASIS_3",0.031
"OASIS_3",0.025
"OASIS_3",0.025
"OASIS_3",0.028
"OASIS_3",0.023
"OASIS_3",0.026
"OASIS_3",0.023
"OASIS_3",0.024
"OASIS_3",0.025
"OASIS_3",0.029
"OASIS_3",0.03
"OASIS_3",0.041
"OASIS_3",0.032
"OASIS_3",0.024
"OASIS_3",0.033
"OASIS_3",0.029
"OASIS_3",0.029
"OASIS_3",0.051
"OASIS_3",0.04
"OASIS_3",0.056
"OASIS_3",0.036
"OASIS_3",0.046
"OASIS_3",0.048
"OASIS_3",0.024
"OASIS_3",0.022
"OASIS_3",0.032
"OASIS_3",0.028
"OASIS_3",0.022
"OASIS_3",0.024
"OASIS_3",0.023
"OASIS_3",0.034
"OASIS_3",0.03
"OASIS_3",0.032
"OASIS_3",0.02
"OASIS_3",0.028
"OASIS_3",0.021
"OASIS_3",0.029
"OASIS_3",0.017
"OASIS_3",0.017
"OASIS_3",0.018
"OASIS_3",0.02
"OASIS_3",0.021
"OASIS_3",0.026
"OASIS_3",0.02
"OASIS_3",0.037
"OASIS_3",0.03
"OASIS_3",0.02
"OASIS_3",0.028
"OASIS_3",0.04
"OASIS_3",0.035
"OASIS_3",0.024
"OASIS_3",0.026
"OASIS_3",0.029
"OASIS_3",0.029
"OASIS_3",0.018
"OASIS_3",0.019
"OASIS_3",0.021
"OASIS_3",0.026
"OASIS_3",0.019
"OASIS_3",0.02
"OASIS_3",0.026
"OASIS_3",0.05
"OASIS_3",0.028
"OASIS_3",0.024
"OASIS_3",0.024
"OASIS_3",0.023
"OASIS_3",0.025
"OASIS_3",0.017
"OASIS_3",0.03
"OASIS_3",0.031
"OASIS_3",0.036
"OASIS_3",0.017
"OASIS_3",0.023
"OASIS_3",0.023
"OASIS_3",0.021
"OASIS_3",0.017
"OASIS_3",0.027
"OASIS_3",0.021
"OASIS_3",0.025
"OASIS_3",0.022
"OASIS_3",0.019
"OASIS_3",0.028
"OASIS_3",0.037
"OASIS_3",0.025
"OASIS_3",0.033
"OASIS_3",0.05
"OASIS_3",0.042
"OASIS_3",0.021
"OASIS_3",0.018
"OASIS_3",0.041
"OASIS_3",0.057
"OASIS_3",0.026
"OASIS_3",0.032
"OASIS_3",0.019
"OASIS_3",0.03
"OASIS_3",0.025
"OASIS_3",0.029
"OASIS_3",0.029
"OASIS_3",0.027
"OASIS_3",0.038
"OASIS_3",0.034
"OASIS_3",0.023
"OASIS_3",0.033
"OASIS_3",0.022
"OASIS_3",0.025
"OASIS_3",0.021
"OASIS_3",0.039
"OASIS_3",0.022
"OASIS_3",0.03
"OASIS_3",0.043
"OASIS_3",0.021
"OASIS_3",0.021
"OASIS_3",0.034
"OASIS_3",0.035
"OASIS_3",0.042
"OASIS_3",0.031
"OASIS_3",0.018
"OASIS_3",0.026
"OASIS_3",0.022
"OASIS_3",0.032
"OASIS_3",0.03
"OASIS_3",0.037
"OASIS_3",0.035
"OASIS_3",0.038
"OASIS_3",0.023
"OASIS_3",0.034
"OASIS_3",0.033
"OASIS_3",0.019
"OASIS_3",0.044
"OASIS_3",0.042
"OASIS_3",0.041
"OASIS_3",0.019
"OASIS_3",0.022
"OASIS_3",0.021
"OASIS_3",0.028
"OASIS_3",0.023
"OASIS_3",0.029
"OASIS_3",0.017
"OASIS_3",0.031
"OASIS_3",0.029
"OASIS_3",0.017
"OASIS_3",0.032
"OASIS_3",0.038
"OASIS_3",0.03
"OASIS_3",0.027
"OASIS_3",0.028
"OASIS_3",0.026
"OASIS_3",0.039
"OASIS_3",0.027
"OASIS_3",0.029
"OASIS_3",0.025
"OASIS_3",0.027
"OASIS_3",0.024
"OASIS_3",0.025
"OASIS_3",0.023
"OASIS_3",0.021
"OASIS_3",0.02
"OASIS_3",0.026
"OASIS_3",0.023
"OASIS_3",0.044
"OASIS_3",0.028
"OASIS_3",0.04
"OASIS_3",0.048
"OASIS_3",0.023
"OASIS_3",0.017
"OASIS_3",0.037
"OASIS_3",0.027
"OASIS_3",0.046
"OASIS_3",0.044
"OASIS_3",0.034
"OASIS_3",0.041
"OASIS_3",0.042
"OASIS_3",0.032
"OASIS_3",0.047
"OASIS_3",0.026
"OASIS_3",0.023
"OASIS_3",0.033
"OASIS_3",0.016
"OASIS_3",0.022
"OASIS_3",0.035
"OASIS_3",0.032
"OASIS_3",0.042
"OASIS_3",0.03
"OASIS_3",0.023
"OASIS_3",0.04
"OASIS_3",0.032
"OASIS_3",0.051
"OASIS_3",0.036
"OASIS_3",0.036
"OASIS_3",0.035
"OASIS_3",0.024
"OASIS_3",0.041
"OASIS_3",0.041
"OASIS_3",0.049
"OASIS_3",0.028
"OASIS_3",0.045
"OASIS_3",0.035
"OASIS_3",0.037
"OASIS_3",0.037
"OASIS_3",0.019
"OASIS_3",0.02
"OASIS_3",0.035
"OASIS_3",0.039
"OASIS_3",0.03
"OASIS_3",0.045
"OASIS_3",0.026
"OASIS_3",0.021
"OASIS_3",0.019
"OASIS_3",0.021
"OASIS_3",0.027
"OASIS_3",0.028
"OASIS_3",0.042
"OASIS_3",0.045
"OASIS_3",0.033
"OASIS_3",0.029
"OASIS_3",0.04
"OASIS_3",0.021
"OASIS_3",0.017
"OASIS_3",0.039
"OASIS_3",0.037
"OASIS_3",0.024
"OASIS_3",0.033
"OASIS_3",0.043
"OASIS_3",0.022
"OASIS_3",0.024
"OASIS_3",0.032
"OASIS_3",0.042
"OASIS_3",0.041
"OASIS_3",0.05
"OASIS_3",0.037
"OASIS_3",0.029
"OASIS_3",0.033
"OASIS_3",0.034
"OASIS_3",0.034
"OASIS_3",0.031
"OASIS_3",0.033
"OASIS_3",0.028
"OASIS_3",0.024
"OASIS_3",0.027
"OASIS_3",0.025
"OASIS_3",0.03
"OASIS_3",0.027
"OASIS_3",0.039
"OASIS_3",0.022
"OASIS_3",0.024
"OASIS_3",0.019
"OASIS_3",0.025
"OASIS_3",0.021
"OASIS_3",0.025
"OASIS_3",0.034
"OASIS_3",0.028
"OASIS_3",0.034
"OASIS_3",0.032
"OASIS_3",0.023
"OASIS_3",0.03
"OASIS_3",0.05
"OASIS_3",0.039
"OASIS_3",0.052
"OASIS_3",0.027
"OASIS_3",0.024
"OASIS_3",0.023
"OASIS_3",0.036
"OASIS_3",0.03
"OASIS_3",0.031
"OASIS_3",0.035
"OASIS_3",0.038
"OASIS_3",0.028
"OASIS_3",0.019
"OASIS_3",0.028
"OASIS_3",0.027
"OASIS_3",0.029
"OASIS_3",0.053
"OASIS_3",0.037
"OASIS_3",0.035
"OASIS_3",0.046
"OASIS_3",0.044
"OASIS_3",0.025
"OASIS_3",0.042
"OASIS_3",0.037
"OASIS_3",0.024
"OASIS_3",0.034
"OASIS_3",0.026
"OASIS_3",0.026
"OASIS_3",0.032
"OASIS_3",0.031
"OASIS_3",0.034
"OASIS_3",0.041
"OASIS_3",0.024
"OASIS_3",0.022
"OASIS_3",0.033
"OASIS_3",0.019
"OASIS_3",0.019
"OASIS_3",0.032
"OASIS_3",0.016
"OASIS_3",0.021
"OASIS_3",0.019
"OASIS_3",0.025
"OASIS_3",0.021
"OASIS_3",0.019
"OASIS_3",0.024
"OASIS_3",0.024
"OASIS_3",0.021
"OASIS_3",0.022
"OASIS_3",0.038
"OASIS_3",0.028
"OASIS_3",0.029
"OASIS_3",0.028
"OASIS_3",0.027
"OASIS_3",0.035
"OASIS_3",0.022
"OASIS_3",0.026
"OASIS_3",0.023
"OASIS_3",0.037
"OASIS_3",0.028
"OASIS_3",0.022
"OASIS_3",0.028
"OASIS_3",0.032
"OASIS_3",0.02
"OASIS_3",0.017
"OASIS_3",0.031
"OASIS_3",0.022
"OASIS_3",0.036
"OASIS_3",0.025
"OASIS_3",0.024
"OASIS_3",0.025
"OASIS_3",0.042
"OASIS_3",0.037
"OASIS_3",0.049
"OASIS_3",0.043
"OASIS_3",0.022
"OASIS_3",0.018
"OASIS_3",0.018
"OASIS_3",0.048
"OASIS_3",0.029
"OASIS_3",0.025
"OASIS_3",0.025
"OASIS_3",0.022
"OASIS_3",0.017
"OASIS_3",0.039
"OASIS_3",0.024
"OASIS_3",0.021
"OASIS_3",0.022
"OASIS_3",0.035
"OASIS_3",0.024
"OASIS_3",0.025
"OASIS_3",0.037
"OASIS_3",0.023
"OASIS_3",0.019
"OASIS_3",0.015
"OASIS_3",0.024
"OASIS_3",0.034
"OASIS_3",0.048
"OASIS_3",0.047
"OASIS_3",0.039
"OASIS_3",0.026
"OASIS_3",0.014
"OASIS_3",0.017
"OASIS_3",0.021
"OASIS_3",0.016
"OASIS_3",0.027
"OASIS_3",0.022
"OASIS_3",0.035
"OASIS_3",0.037
"OASIS_3",0.023
"OASIS_3",0.024
"OASIS_3",0.029
"OASIS_3",0.03
"OASIS_3",0.02
"OASIS_3",0.04
"OASIS_3",0.041
"OASIS_3",0.03
"OASIS_3",0.026
"OASIS_3",0.018
"OASIS_3",0.018
"OASIS_3",0.029
"OASIS_3",0.016
"OASIS_3",0.031
"OASIS_3",0.022
"OASIS_3",0.02
"OASIS_3",0.024
"OASIS_3",0.022
"OASIS_3",0.027
"OASIS_3",0.033
"OASIS_3",0.024
"OASIS_3",0.03
"OASIS_3",0.024
"OASIS_3",0.033
"OASIS_3",0.019
"OASIS_3",0.02
"OASIS_3",0.018
"OASIS_3",0.042
"OASIS_3",0.028
"OASIS_3",0.034
"OASIS_3",0.041
"OASIS_3",0.017
"OASIS_3",0.027
"OASIS_3",0.031
"OASIS_3",0.033
"OASIS_3",0.046
"OASIS_3",0.033
"OASIS_3",0.024
"OASIS_3",0.039
"OASIS_3",0.019
"OASIS_3",0.022
"OASIS_3",0.024
"OASIS_3",0.033
"OASIS_3",0.037
"OASIS_3",0.053
"OASIS_3",0.022
"OASIS_3",0.044
"OASIS_3",0.03
"OASIS_3",0.024
"OASIS_3",0.025
"OASIS_3",0.023
"OASIS_3",0.021
"OASIS_3",0.054
"OASIS_3",0.034
"OASIS_3",0.039
"OASIS_3",0.032
"OASIS_3",0.026
"OASIS_3",0.028
"OASIS_3",0.024
"OASIS_3",0.018
"OASIS_3",0.026
"OASIS_3",0.031
"OASIS_3",0.028
"OASIS_3",0.03
"OASIS_3",0.024
"OASIS_3",0.019
"OASIS_3",0.02
"OASIS_3",0.039
"OASIS_3",0.029
"OASIS_3",0.019
"OASIS_3",0.019
"OASIS_3",0.02
"OASIS_3",0.022
"OASIS_3",0.033
"OASIS_3",0.043
"OASIS_3",0.032
"OASIS_3",0.042
"OASIS_3",0.027
"OASIS_3",0.042
"OASIS_3",0.028
"OASIS_3",0.026
"OASIS_3",0.034
"OASIS_3",0.015
"OASIS_3",0.021
"OASIS_3",0.04
"OASIS_3",0.027
"OASIS_3",0.045
"OASIS_3",0.015
"OASIS_3",0.018
"OASIS_3",0.045
"OASIS_3",0.025
"OASIS_3",0.028
"OASIS_3",0.031
"OASIS_3",0.041
"OASIS_3",0.027
"OASIS_3",0.016
"OASIS_3",0.021
"OASIS_3",0.02
"OASIS_3",0.022
"OASIS_3",0.018
"OASIS_3",0.019
"OASIS_3",0.021
"OASIS_3",0.036
"OASIS_3",0.027
"OASIS_3",0.037
"OASIS_3",0.019
"OASIS_3",0.028
"OASIS_3",0.035
"OASIS_3",0.028
"OASIS_3",0.027
"OASIS_3",0.02
"OASIS_3",0.021
"OASIS_3",0.024
"OASIS_3",0.029
"OASIS_3",0.033
"OASIS_3",0.034
"OASIS_3",0.049
"OASIS_3",0.021
"OASIS_3",0.026
"OASIS_3",0.026
"OASIS_3",0.033
"OASIS_3",0.031
"OASIS_3",0.038
"OASIS_3",0.02
"OASIS_3",0.025
"OASIS_3",0.024
"OASIS_3",0.022
"OASIS_3",0.022
"OASIS_3",0.028
"OASIS_3",0.043
"OASIS_3",0.029
"OASIS_3",0.019
"OASIS_3",0.046
"OASIS_3",0.048
"OASIS_3",0.033
"OASIS_3",0.025
"OASIS_3",0.023
"OASIS_3",0.023
"OASIS_3",0.025
"OASIS_3",0.049
"OASIS_3",0.021
"OASIS_3",0.024
"OASIS_3",0.019
"OASIS_3",0.022
"OASIS_3",0.027
"OASIS_3",0.03
"OASIS_3",0.029
"OASIS_3",0.035
"OASIS_3",0.018
"OASIS_3",0.026
"OASIS_3",0.03
"OASIS_3",0.035
"OASIS_3",0.035
"OASIS_3",0.033
"OASIS_3",0.045
"OASIS_3",0.033
"OASIS_3",0.03
"OASIS_3",0.022
"OASIS_3",0.023
"OASIS_3",0.032
"OASIS_3",0.024
"OASIS_3",0.024
"OASIS_3",0.036
"OASIS_3",0.036
"OASIS_3",0.029
"OASIS_3",0.042
"OASIS_3",0.042
"OASIS_3",0.036
"OASIS_3",0.026
"OASIS_3",0.022
"OASIS_3",0.026
"OASIS_3",0.031
"OASIS_3",0.023
"OASIS_3",0.023
"OASIS_3",0.024
"OASIS_3",0.036
"OASIS_3",0.024
"OASIS_3",0.022
"OASIS_3",0.027
"OASIS_3",0.033
"OASIS_3",0.024
"OASIS_3",0.023
"OASIS_3",0.023
"OASIS_3",0.026
"OASIS_3",0.036
"OASIS_3",0.035
"OASIS_3",0.052
"OASIS_3",0.026
"OASIS_3",0.028
"OASIS_3",0.024
"OASIS_3",0.025
"OASIS_3",0.022
"OASIS_3",0.036
"OASIS_3",0.028
"OASIS_3",0.024
"OASIS_3",0.025
"OASIS_3",0.028
"OASIS_3",0.042
"OASIS_3",0.027
"OASIS_3",0.03
"OASIS_3",0.041
"OASIS_3",0.022
"OASIS_3",0.027
"OASIS_3",0.021
"OASIS_3",0.033
"OASIS_3",0.042
"OASIS_3",0.02
"OASIS_3",0.021
"OASIS_3",0.029
"OASIS_3",0.037
"OASIS_3",0.025
"OASIS_3",0.025
"OASIS_3",0.022
"OASIS_3",0.03
"OASIS_3",0.023
"OASIS_3",0.023
"OASIS_3",0.019
"OASIS_3",0.041
"OASIS_3",0.037
"OASIS_3",0.033
"OASIS_3",0.026
"OASIS_3",0.028
"OASIS_3",0.028
"OASIS_3",0.034
"OASIS_3",0.027
"OASIS_3",0.035
"OASIS_3",0.027
"OASIS_3",0.037
"OASIS_3",0.026
"OASIS_3",0.031
"OASIS_3",0.021
"OASIS_3",0.028
"OASIS_3",0.038
"OASIS_3",0.035
"OASIS_3",0.024
"OASIS_3",0.029
"OASIS_3",0.048
"OASIS_3",0.027
"OASIS_3",0.032
"OASIS_3",0.046
"OASIS_3",0.037
"OASIS_3",0.046
"OASIS_3",0.028
"OASIS_3",0.025
"OASIS_3",0.031
"OASIS_3",0.029
"OASIS_3",0.023
"OASIS_3",0.022
"OASIS_3",0.019
"OASIS_3",0.026
"OASIS_3",0.037
"OASIS_3",0.03
"OASIS_3",0.017
"OASIS_3",0.031
"OASIS_3",0.024
"OASIS_3",0.023
"OASIS_3",0.022
"OASIS_3",0.04
"OASIS_3",0.043
"OASIS_3",0.032
"OASIS_3",0.024
"OASIS_3",0.029
"OASIS_3",0.031
"OASIS_3",0.029
"OASIS_3",0.034
"OASIS_3",0.025
"OASIS_3",0.024
"OASIS_3",0.019
"OASIS_3",0.022
"OASIS_3",0.037
"OASIS_3",0.028
"OASIS_3",0.04
"OASIS_3",0.028
"OASIS_3",0.034
"OASIS_3",0.025
"OASIS_3",0.023
"OASIS_3",0.032
"OASIS_3",0.032
"OASIS_3",0.026
"OASIS_3",0.033
"OASIS_3",0.056
"OASIS_3",0.047
"OASIS_3",0.032
"OASIS_3",0.026
"OASIS_3",0.04
"OASIS_3",0.032
"OASIS_3",0.027
"OASIS_3",0.029
"OASIS_3",0.029
"OASIS_3",0.019
"OASIS_3",0.033
"OASIS_3",0.03
"OASIS_3",0.02
"OASIS_3",0.025
"OASIS_3",0.034
"OASIS_3",0.033
"OASIS_3",0.021
"OASIS_3",0.026
"OASIS_3",0.027
"OASIS_3",0.024
"OASIS_3",0.028
"OASIS_3",0.031
"OASIS_3",0.034
"OASIS_3",0.032
"OASIS_3",0.018
"OASIS_3",0.024
"OASIS_3",0.029
"OASIS_3",0.04
"OASIS_3",0.042
"OASIS_3",0.024
"OASIS_3",0.028
"OASIS_3",0.031
"OASIS_3",0.034
"OASIS_3",0.025
"OASIS_3",0.05
"OASIS_3",0.024
"OASIS_3",0.031
"OASIS_3",0.021
"OASIS_3",0.027
"OASIS_3",0.035
"OASIS_3",0.025
"OASIS_3",0.023
"OASIS_3",0.029
"OASIS_3",0.026
"OASIS_3",0.033
"OASIS_3",0.024
"OASIS_3",0.029
"OASIS_3",0.024
"OASIS_3",0.016
"OASIS_3",0.02
"OASIS_3",0.018
"OASIS_3",0.015
"OASIS_3",0.016
"OASIS_3",0.021
"OASIS_3",0.028
"OASIS_3",0.023
"OASIS_3",0.041
"OASIS_3",0.031
"OASIS_3",0.027
"OASIS_3",0.021
"OASIS_3",0.025
"OASIS_3",0.038
"OASIS_3",0.046
"OASIS_3",0.03
"OASIS_3",0.021
"OASIS_3",0.021
"OASIS_3",0.026
"OASIS_3",0.048
"OASIS_3",0.029
"OASIS_3",0.03
"OASIS_3",0.029
"OASIS_3",0.031
"OASIS_3",0.048
"OASIS_3",0.041
"OASIS_3",0.018
"OASIS_3",0.024
"OASIS_3",0.019
"OASIS_3",0.02
"OASIS_3",0.02
"OASIS_3",0.045
"OASIS_3",0.03
"OASIS_3",0.031
"OASIS_3",0.045
"OASIS_3",0.043
"OASIS_3",0.043
"OASIS_3",0.032
"OASIS_3",0.026
"OASIS_3",0.04
"OASIS_3",0.045
"OASIS_3",0.029
"OASIS_3",0.036
"OASIS_3",0.057
"OASIS_3",0.029
"OASIS_3",0.023
"OASIS_3",0.022
"OASIS_3",0.03
"OASIS_3",0.034
"OASIS_3",0.047
"OASIS_3",0.026
"OASIS_3",0.022
"OASIS_3",0.022
"OASIS_3",0.02
"OASIS_3",0.023
"OASIS_3",0.017
"OASIS_3",0.024
"OASIS_3",0.027
"OASIS_3",0.035
"OASIS_3",0.039
"OASIS_3",0.032
"OASIS_3",0.025
"OASIS_3",0.029
"OASIS_3",0.036
"OASIS_3",0.031
"OASIS_3",0.023
"OASIS_3",0.022
"OASIS_3",0.038
"OASIS_3",0.029
"OASIS_3",0.022
"OASIS_3",0.051
"OASIS_3",0.043
"OASIS_3",0.024
"OASIS_3",0.026
"OASIS_3",0.028
"OASIS_3",0.028
"OASIS_3",0.026
"OASIS_3",0.026
"OASIS_3",0.032
"OASIS_3",0.021
"OASIS_3",0.025
"OASIS_3",0.024
"OASIS_3",0.021
"OASIS_3",0.025
"OASIS_3",0.028
"OASIS_3",0.027
"OASIS_3",0.019
"OASIS_3",0.04
"OASIS_3",0.03
"OASIS_3",0.057
"OASIS_3",0.025
"OASIS_3",0.02
"OASIS_3",0.021
"OASIS_3",0.022
"OASIS_3",0.019
"OASIS_3",0.051
"OASIS_3",0.033
"OASIS_3",0.023
"OASIS_3",0.039
"OASIS_3",0.017
"OASIS_3",0.026
"OASIS_3",0.048
"OASIS_3",0.052
"OASIS_3",0.022
"OASIS_3",0.045
"OASIS_3",0.043
"OASIS_3",0.028
"OASIS_3",0.027
"OASIS_3",0.041
"OASIS_3",0.028
"OASIS_3",0.033
"OASIS_3",0.032
"OASIS_3",0.04
"OASIS_3",0.025
"OASIS_3",0.028
"OASIS_3",0.027
"OASIS_3",0.03
"OASIS_3",0.034
"OASIS_3",0.049
"OASIS_3",0.039
"OASIS_3",0.035
"OASIS_3",0.022
"OASIS_3",0.047
"OASIS_3",0.027
"OASIS_3",0.024
"OASIS_3",0.041
"OASIS_3",0.023
"OASIS_3",0.026
"OASIS_3",0.042
"OASIS_3",0.036
"OASIS_3",0.023
"OASIS_3",0.033
"OASIS_3",0.022
"OASIS_3",0.027
"OASIS_3",0.027
"OASIS_3",0.034
"OASIS_3",0.031
"OASIS_3",0.031
"OASIS_3",0.029
"OASIS_3",0.028
"OASIS_3",0.045
"OASIS_3",0.018
"OASIS_3",0.021
"OASIS_3",0.025
"OASIS_3",0.024
"OASIS_3",0.03
"OASIS_3",0.034
"OASIS_3",0.021
"OASIS_3",0.028
"OASIS_3",0.034
"OASIS_3",0.025
"OASIS_3",0.039
"OASIS_3",0.026
"OASIS_3",0.023
"OASIS_3",0.022
"OASIS_3",0.022
"OASIS_3",0.023
"OASIS_3",0.025
"OASIS_3",0.027
"OASIS_3",0.018
"OASIS_3",0.02
"OASIS_3",0.023
"OASIS_3",0.027
"OASIS_3",0.026
"OASIS_3",0.019
"OASIS_3",0.033
"OASIS_3",0.029
"OASIS_3",0.028
"OASIS_3",0.046
"OASIS_3",0.026
"OASIS_3",0.027
"OASIS_3",0.02
"OASIS_3",0.018
"OASIS_3",0.026
"OASIS_3",0.029
"OASIS_3",0.03
"OASIS_3",0.037
"OASIS_3",0.025
"OASIS_3",0.022
"OASIS_3",0.032
"OASIS_3",0.021
"OASIS_3",0.017
"OASIS_3",0.037
"OASIS_3",0.036
"OASIS_3",0.027
"OASIS_3",0.017
"OASIS_3",0.029
"OASIS_3",0.024
"OASIS_3",0.026
"OASIS_3",0.025
"OASIS_3",0.025
"OASIS_3",0.029
"OASIS_3",0.04
"OASIS_3",0.03
"OASIS_3",0.02
"beijingEn",0.023
"beijingEn",0.017
"beijingEn",0.044
"beijingEn",0.021
"beijingEn",0.025
"beijingEn",0.033
"beijingEn",0.022
"beijingEn",0.023
"beijingEn",0.028
"beijingEn",0.023
"beijingEn",0.026
"beijingEn",0.022
"beijingEn",0.03
"beijingEn",0.022
"beijingEn",0.026
"beijingEn",0.033
"beijingEn",0.022
"beijingEn",0.034
"beijingEn",0.027
"beijingEn",0.034
"beijingEn",0.025
"beijingEn",0.035
"beijingEn",0.021
"beijingEn",0.021
"beijingEn",0.033
"beijingEn",0.011
"beijingEn",0.017
"beijingEn",0.029
"beijingEn",0.03
"beijingEn",0.029
"beijingEn",0.018
"beijingEn",0.031
"beijingEn",0.021
"beijingEn",0.039
"beijingEn",0.021
"beijingEn",0.019
"beijingEn",0.017
"beijingEn",0.02
"beijingEn",0.021
"beijingEn",0.025
"beijingEn",0.03
"beijingEn",0.029
"beijingEn",0.02
"beijingEn",0.024
"beijingEn",0.028
"beijingEn",0.027
"beijingEn",0.016
"beijingEn",0.025
"beijingEn",0.021
"beijingEn",0.02
"beijingEn",0.029
"beijingEn",0.019
"beijingEn",0.016
"beijingEn",0.031
"beijingEn",0.021
"beijingEn",0.019
"beijingEn",0.015
"beijingEn",0.025
"beijingEn",0.02
"beijingEn",0.034
"beijingEn",0.03
"beijingEn",0.017
"beijingEn",0.025
"beijingEn",0.018
"beijingEn",0.024
"beijingEn",0.024
"beijingEn",0.026
"beijingEn",0.026
"beijingEn",0.029
"beijingEn",0.028
"beijingEn",0.019
"beijingEn",0.017
"beijingEn",0.023
"beijingEn",0.031
"beijingEn",0.026
"beijingEn",0.016
"beijingEn",0.032
"beijingEn",0.033
"beijingEn",0.018
"beijingEn",0.031
"beijingEn",0.049
"beijingEn",0.023
"beijingEn",0.02
"beijingEn",0.02
"beijingEn",0.027
"beijingEn",0.029
"beijingEn",0.023
"beijingEn",0.023
"beijingEn",0.016
"beijingEn",0.022
"beijingEn",0.018
"beijingEn",0.019
"beijingEn",0.043
"beijingEn",0.029
"beijingEn",0.027
"beijingEn",0.039
"beijingEn",0.019
"beijingEn",0.023
"beijingEn",0.022
"beijingEn",0.022
"beijingEn",0.015
"beijingEn",0.021
"beijingEn",0.021
"beijingEn",0.015
"beijingEn",0.031
"beijingEn",0.03
"beijingEn",0.018
"beijingEn",0.025
"beijingEn",0.024
"beijingEn",0.037
"beijingEn",0.025
"beijingEn",0.026
"beijingEn",0.035
"beijingEn",0.033
"beijingEn",0.019
"beijingEn",0.037
"beijingEn",0.025
"beijingEn",0.021
"beijingEn",0.032
"beijingEn",0.028
"beijingEn",0.02
"beijingEn",0.019
"beijingEn",0.022
"beijingEn",0.022
"beijingEn",0.015
"beijingEn",0.024
"beijingEn",0.02
"beijingEn",0.016
"beijingEn",0.029
"beijingEn",0.022
"beijingEn",0.026
"beijingEn",0.025
"beijingEn",0.034
"beijingEn",0.03
"beijingEn",0.022
"beijingEn",0.015
"beijingEn",0.025
"beijingEn",0.025
"beijingEn",0.021
"beijingEn",0.035
"beijingEn",0.027
"beijingEn",0.029
"beijingEn",0.022
"beijingEn",0.02
"beijingEn",0.022
"beijingEn",0.021
"beijingEn",0.028
"beijingEn",0.027
"beijingEn",0.024
"beijingEn",0.017
"beijingEn",0.023
"beijingEn",0.02
"beijingEn",0.02
"beijingEn",0.027
"beijingEn",0.022
"beijingEn",0.036
"beijingEn",0.023
"beijingEn",0.042
"beijingEn",0.023
"beijingEn",0.015
"beijingEn",0.033
"beijingEn",0.042
"beijingEn",0.021
"beijingEn",0.025
"beijingEn",0.036
"beijingEn",0.016
"beijingEn",0.021
"beijingEn",0.027
"beijingEn",0.017
"beijingEn",0.018
"beijingEn",0.02
"beijingEn",0.023
"beijingEn",0.024
"beijingEn",0.021
"beijingEn",0.021
"beijingEn",0.033
"beijingEn",0.024
"beijingEn",0.031
"beijingEn",0.02
