"Dataset","lh_cuneus_thickness"
"ABIDE_I",1.928
"ABIDE_I",1.95
"ABIDE_I",1.606
"ABIDE_I",2.051
"ABIDE_I",1.732
"ABIDE_I",1.946
"ABIDE_I",1.886
"ABIDE_I",1.839
"ABIDE_I",2.014
"ABIDE_I",1.866
"ABIDE_I",1.876
"ABIDE_I",1.769
"ABIDE_I",1.848
"ABIDE_I",1.844
"ABIDE_I",1.783
"ABIDE_I",2.06
"ABIDE_I",1.65
"ABIDE_I",1.888
"ABIDE_I",1.87
"ABIDE_I",2.057
"ABIDE_I",1.839
"ABIDE_I",1.764
"ABIDE_I",1.826
"ABIDE_I",2.006
"ABIDE_I",1.698
"ABIDE_I",1.608
"ABIDE_I",1.867
"ABIDE_I",2.191
"ABIDE_I",1.807
"ABIDE_I",2.003
"ABIDE_I",1.956
"ABIDE_I",1.916
"ABIDE_I",1.842
"ABIDE_I",1.817
"ABIDE_I",1.759
"ABIDE_I",2.158
"ABIDE_I",1.954
"ABIDE_I",1.602
"ABIDE_I",2.015
"ABIDE_I",2.047
"ABIDE_I",1.85
"ABIDE_I",1.793
"ABIDE_I",1.808
"ABIDE_I",1.87
"ABIDE_I",2.205
"ABIDE_I",2.09
"ABIDE_I",1.917
"ABIDE_I",2.01
"ABIDE_I",1.943
"ABIDE_I",2.167
"ABIDE_I",1.913
"ABIDE_I",2.099
"ABIDE_I",2.205
"ABIDE_I",2.163
"ABIDE_I",2.141
"ABIDE_I",2.044
"ABIDE_I",2.189
"ABIDE_I",1.894
"ABIDE_I",2.163
"ABIDE_I",2.223
"ABIDE_I",2.043
"ABIDE_I",2.256
"ABIDE_I",1.936
"ABIDE_I",2.121
"ABIDE_I",2.156
"ABIDE_I",2.157
"ABIDE_I",1.83
"ABIDE_I",2.225
"ABIDE_I",2.089
"ABIDE_I",1.823
"ABIDE_I",1.97
"ABIDE_I",2.086
"ABIDE_I",1.938
"ABIDE_I",1.928
"ABIDE_I",2.177
"ABIDE_I",2.2
"ABIDE_I",2.313
"ABIDE_I",2.105
"ABIDE_I",2.045
"ABIDE_I",1.873
"ABIDE_I",1.718
"ABIDE_I",1.802
"ABIDE_I",1.871
"ABIDE_I",2.008
"ABIDE_I",1.698
"ABIDE_I",1.763
"ABIDE_I",1.975
"ABIDE_I",1.988
"ABIDE_I",1.79
"ABIDE_I",1.995
"ABIDE_I",1.977
"ABIDE_I",1.722
"ABIDE_I",2.05
"ABIDE_I",1.911
"ABIDE_I",1.864
"ABIDE_I",1.864
"ABIDE_I",1.976
"ABIDE_I",2.24
"ABIDE_I",2.087
"ABIDE_I",1.748
"ABIDE_I",2.167
"ABIDE_I",1.818
"ABIDE_I",1.845
"ABIDE_I",1.93
"ABIDE_I",2.059
"ABIDE_I",2.112
"ABIDE_I",1.949
"ABIDE_I",1.784
"ABIDE_I",1.882
"ABIDE_I",2.05
"ABIDE_I",1.97
"ABIDE_I",1.779
"ABIDE_I",2.045
"ABIDE_I",1.933
"ABIDE_I",1.949
"ABIDE_I",1.948
"ABIDE_I",1.869
"ABIDE_I",1.933
"ABIDE_I",2.107
"ABIDE_I",2.04
"ABIDE_I",1.82
"ABIDE_I",2.009
"ABIDE_I",2.274
"ABIDE_I",1.968
"ABIDE_I",2.001
"ABIDE_I",1.68
"ABIDE_I",2.234
"ABIDE_I",1.908
"ABIDE_I",2.051
"ABIDE_I",2.134
"ABIDE_I",1.883
"ABIDE_I",1.805
"ABIDE_I",1.861
"ABIDE_I",2.189
"ABIDE_I",1.942
"ABIDE_I",2.038
"ABIDE_I",2.185
"ABIDE_I",2.115
"ABIDE_I",1.846
"ABIDE_I",1.874
"ABIDE_I",1.8
"ABIDE_I",1.953
"ABIDE_I",1.978
"ABIDE_I",1.815
"ABIDE_I",1.818
"ABIDE_I",2.078
"ABIDE_I",1.845
"ABIDE_I",2.027
"ABIDE_I",1.855
"ABIDE_I",2.003
"ABIDE_I",1.896
"ABIDE_I",1.825
"ABIDE_I",2.065
"ABIDE_I",1.786
"ABIDE_I",1.989
"ABIDE_I",1.682
"ABIDE_I",2.034
"ABIDE_I",1.914
"ABIDE_I",1.881
"ABIDE_I",2.042
"ABIDE_I",1.983
"ABIDE_I",1.995
"ABIDE_I",1.881
"ABIDE_I",1.816
"ABIDE_I",1.714
"ABIDE_I",1.973
"ABIDE_I",2.194
"ABIDE_I",1.986
"ABIDE_I",2.023
"ABIDE_I",2.035
"ABIDE_I",1.907
"ABIDE_I",2.134
"ABIDE_I",2.049
"ABIDE_I",2.14
"ABIDE_I",1.922
"ABIDE_I",2.026
"ABIDE_I",1.932
"ABIDE_I",1.978
"ABIDE_I",1.936
"ABIDE_I",1.794
"ABIDE_I",2.079
"ABIDE_I",2.163
"ABIDE_I",1.848
"ABIDE_I",1.886
"ABIDE_I",2.051
"ABIDE_I",2.161
"ABIDE_I",2.299
"ABIDE_I",2.052
"ABIDE_I",1.963
"ABIDE_I",1.962
"ABIDE_I",1.76
"ABIDE_I",1.924
"ABIDE_I",2.085
"ABIDE_I",2.112
"ABIDE_I",2.099
"ABIDE_I",1.803
"ABIDE_I",2.039
"ABIDE_I",1.858
"ABIDE_I",1.637
"ABIDE_I",1.742
"ABIDE_I",1.927
"ABIDE_I",1.807
"ABIDE_I",2.159
"ABIDE_I",1.924
"ABIDE_I",1.745
"ABIDE_I",2.012
"ABIDE_I",2.144
"ABIDE_I",2.1
"ABIDE_I",1.875
"ABIDE_I",1.952
"ABIDE_I",1.95
"ABIDE_I",2.197
"ABIDE_I",2.055
"ABIDE_I",2.052
"ABIDE_I",1.851
"ABIDE_I",1.994
"ABIDE_I",2.132
"ABIDE_I",1.917
"ABIDE_I",1.796
"ABIDE_I",1.81
"ABIDE_I",1.838
"ABIDE_I",1.941
"ABIDE_I",2.049
"ABIDE_I",1.932
"ABIDE_I",1.829
"ABIDE_I",1.854
"ABIDE_I",1.718
"ABIDE_I",1.937
"ABIDE_I",1.848
"ABIDE_I",1.948
"ABIDE_I",2.043
"ABIDE_I",1.977
"ABIDE_I",2.182
"ABIDE_I",2.05
"ABIDE_I",2.166
"ABIDE_I",1.807
"ABIDE_I",2.035
"ABIDE_I",1.863
"ABIDE_I",1.668
"ABIDE_I",2.051
"ABIDE_I",1.741
"ABIDE_I",1.794
"ABIDE_I",1.751
"ABIDE_I",1.823
"ABIDE_I",1.778
"ABIDE_I",2.077
"ABIDE_I",1.944
"ABIDE_I",1.695
"ABIDE_I",1.815
"ABIDE_I",1.917
"ABIDE_I",1.89
"ABIDE_I",1.858
"ABIDE_I",1.731
"ABIDE_I",1.989
"ABIDE_I",1.852
"ABIDE_I",1.815
"ABIDE_I",1.986
"ABIDE_I",1.888
"ABIDE_I",1.799
"ABIDE_I",1.805
"ABIDE_I",2.051
"ABIDE_I",1.972
"ABIDE_I",1.794
"ABIDE_I",2.031
"ABIDE_I",2.039
"ABIDE_I",2.134
"ABIDE_I",1.855
"ABIDE_I",1.873
"ABIDE_I",2.237
"ABIDE_I",2.031
"ABIDE_I",1.937
"ABIDE_I",1.817
"ABIDE_I",2.013
"ABIDE_I",1.977
"ABIDE_I",1.939
"ABIDE_I",2.228
"ABIDE_I",2.032
"ABIDE_I",2.07
"ABIDE_I",2.237
"ABIDE_I",2.039
"ABIDE_I",2.294
"ABIDE_I",2.155
"ABIDE_I",2.257
"ABIDE_I",2.151
"ABIDE_I",1.954
"ABIDE_I",2.226
"ABIDE_I",2.213
"ABIDE_I",2.234
"ABIDE_I",2.293
"ABIDE_I",2.15
"ABIDE_I",2.248
"ABIDE_I",2.071
"ABIDE_I",2.216
"ABIDE_I",2.279
"ABIDE_I",2.164
"ABIDE_I",2.006
"ABIDE_I",2.11
"ABIDE_I",1.942
"ABIDE_I",2.037
"ABIDE_I",2.048
"ABIDE_I",2.169
"ABIDE_I",2.305
"ABIDE_I",1.919
"ABIDE_I",2.191
"ABIDE_I",2.066
"ABIDE_I",2.163
"ABIDE_I",2.249
"ABIDE_I",2.315
"ABIDE_I",1.95
"ABIDE_I",2.065
"ABIDE_I",2.204
"ABIDE_I",2.311
"ABIDE_I",2.245
"ABIDE_I",1.883
"ABIDE_I",2.112
"ABIDE_I",1.999
"ABIDE_I",2.154
"ABIDE_I",2.125
"ABIDE_I",1.767
"ABIDE_I",1.931
"ABIDE_I",1.892
"ABIDE_I",1.898
"ABIDE_I",1.966
"ABIDE_I",1.841
"ABIDE_I",1.787
"ABIDE_I",1.886
"ABIDE_I",1.989
"ABIDE_I",1.738
"ABIDE_I",2.077
"ABIDE_I",1.899
"ABIDE_I",1.919
"ABIDE_I",1.806
"ABIDE_I",1.826
"ABIDE_I",1.741
"ABIDE_I",1.87
"ABIDE_I",1.91
"ABIDE_I",2.3
"ABIDE_I",1.954
"ABIDE_I",1.86
"ABIDE_I",1.424
"ABIDE_I",1.723
"ABIDE_I",2.259
"ABIDE_I",1.828
"ABIDE_I",1.734
"ABIDE_I",2.162
"ABIDE_I",2.079
"ABIDE_I",1.693
"ABIDE_I",1.953
"ABIDE_I",1.924
"ABIDE_I",2.202
"ABIDE_I",2.058
"ABIDE_I",1.887
"ABIDE_I",1.919
"ABIDE_I",2.112
"ABIDE_I",1.922
"ABIDE_I",2.038
"ABIDE_I",1.871
"ABIDE_I",2.154
"ABIDE_I",2.2
"ABIDE_I",1.892
"ABIDE_I",1.957
"ABIDE_I",1.999
"ABIDE_I",1.926
"ABIDE_I",2.029
"ABIDE_I",2.259
"ABIDE_I",1.884
"ABIDE_I",1.975
"ABIDE_I",1.891
"ABIDE_I",1.73
"ABIDE_I",1.86
"ABIDE_I",1.835
"ABIDE_I",2.037
"ABIDE_I",2.031
"ABIDE_I",1.908
"ABIDE_I",1.858
"ABIDE_I",1.974
"ABIDE_I",2.015
"ABIDE_I",2.017
"ABIDE_I",2.021
"ABIDE_I",1.936
"ABIDE_I",2.164
"ABIDE_I",1.711
"ABIDE_I",1.767
"ABIDE_I",2.049
"ABIDE_I",1.865
"ABIDE_I",1.875
"ABIDE_I",1.882
"ABIDE_I",1.515
"ABIDE_I",1.782
"ABIDE_I",1.921
"ABIDE_I",1.867
"ABIDE_I",2.061
"ABIDE_I",1.894
"ABIDE_I",2.034
"ABIDE_I",1.811
"ABIDE_I",1.728
"ABIDE_I",1.857
"ABIDE_I",1.974
"ABIDE_I",1.775
"ABIDE_I",1.766
"ABIDE_I",1.683
"ABIDE_I",1.751
"ABIDE_I",2.042
"ABIDE_I",2.021
"ABIDE_I",1.995
"ABIDE_I",1.939
"ABIDE_I",1.846
"ABIDE_I",2.069
"ABIDE_I",1.864
"ABIDE_I",1.87
"ABIDE_I",2.187
"ABIDE_I",1.916
"ABIDE_I",1.667
"ABIDE_I",1.688
"ABIDE_I",1.653
"ABIDE_I",2.002
"ABIDE_I",1.58
"ABIDE_I",1.568
"ABIDE_I",1.875
"ABIDE_I",1.769
"ABIDE_I",1.748
"ABIDE_I",1.822
"ABIDE_I",1.998
"ABIDE_I",1.807
"ABIDE_I",2.103
"ABIDE_I",2.271
"ABIDE_I",2.05
"ABIDE_I",2.221
"ABIDE_I",2.123
"ABIDE_I",1.999
"ABIDE_I",2.16
"ABIDE_I",2.195
"ABIDE_I",2.125
"ABIDE_I",2.305
"ABIDE_I",2.027
"ABIDE_I",2.191
"ABIDE_I",2.245
"ABIDE_I",2.193
"ABIDE_I",2.053
"ABIDE_I",2.111
"ABIDE_I",2.135
"ABIDE_I",2.297
"ABIDE_I",2.112
"ABIDE_I",2.135
"ABIDE_I",1.849
"ABIDE_I",2.093
"ABIDE_I",2.211
"ABIDE_I",1.993
"ABIDE_I",2.111
"ABIDE_I",2.075
"ABIDE_I",2.025
"ABIDE_I",1.949
"ABIDE_I",2.004
"ABIDE_I",1.987
"ABIDE_I",2.038
"ABIDE_I",1.896
"ABIDE_I",2.037
"ABIDE_I",2.17
"ABIDE_I",2.064
"ABIDE_I",2.094
"ABIDE_I",2.202
"ABIDE_I",2.137
"ABIDE_I",2.048
"ABIDE_I",2.127
"ABIDE_I",2.225
"ABIDE_I",2.228
"ABIDE_I",2.187
"ABIDE_I",1.944
"ABIDE_I",1.972
"ABIDE_I",2.246
"ABIDE_I",1.835
"ABIDE_I",2.313
"ABIDE_I",2.172
"ABIDE_I",2.048
"ABIDE_I",1.985
"ABIDE_I",2.198
"ABIDE_I",2.177
"ABIDE_I",2.178
"ABIDE_I",1.982
"ABIDE_I",2.113
"ABIDE_I",1.905
"ABIDE_I",1.801
"ABIDE_I",2.083
"ABIDE_I",2.088
"ABIDE_I",1.845
"ABIDE_I",1.881
"ABIDE_I",1.829
"ABIDE_I",1.782
"ABIDE_I",2.01
"ABIDE_I",1.972
"ABIDE_I",1.919
"ABIDE_I",1.814
"ABIDE_I",2.176
"ABIDE_I",1.926
"ABIDE_I",2.099
"ABIDE_I",2.302
"ABIDE_I",1.928
"ABIDE_I",1.941
"ABIDE_I",1.86
"ABIDE_I",1.673
"ABIDE_I",1.791
"ABIDE_I",2.019
"ABIDE_I",1.859
"ABIDE_I",2.258
"ABIDE_I",1.822
"ABIDE_I",1.996
"ABIDE_I",1.875
"ABIDE_I",1.81
"ABIDE_I",2.052
"ABIDE_I",1.904
"ABIDE_I",1.988
"ABIDE_I",2.035
"ABIDE_I",1.734
"ABIDE_I",1.665
"ABIDE_I",1.609
"ABIDE_I",1.644
"ABIDE_I",1.841
"ABIDE_I",1.759
"ABIDE_I",1.921
"ABIDE_I",1.973
"ABIDE_I",1.797
"ABIDE_I",1.855
"ABIDE_I",1.878
"ABIDE_I",1.731
"ABIDE_I",1.688
"ABIDE_I",1.59
"ABIDE_I",1.599
"ABIDE_I",1.684
"ABIDE_I",1.819
"ABIDE_I",1.521
"ABIDE_I",1.544
"ABIDE_I",1.577
"ABIDE_I",1.478
"ABIDE_I",1.604
"ABIDE_I",1.436
"ABIDE_I",1.613
"ABIDE_I",1.522
"ABIDE_I",1.487
"ABIDE_I",1.401
"BCH",1.953
"BCH",2.111
"BCH",2.157
"BCH",2.151
"BCH",1.652
"BCH",1.973
"BCH",2.101
"BCH",1.984
"BCH",2.05
"BCH",1.863
"BCH",2.163
"BCH",2.138
"BCH",2.224
"BCH",1.705
"BCH",2.266
"BCH",2.179
"BCH",2.238
"BCH",2.305
"BCH",2.114
"BCH",2.301
"BCH",2.298
"BCH",2.228
"BCH",2.12
"BCH",2.092
"BCH",2.112
"BCH",1.942
"BCH",1.756
"BCH",1.752
"BCH",2.109
"BCH",2.298
"BCH",2.171
"BCH",2.103
"BCH",2.093
"BCH",1.891
"BCH",2.153
"BCH",2.242
"BCH",1.572
"BCH",2.041
"BCH",1.887
"BCH",2.07
"BCH",2.2
"BCH",2.213
"BCH",2.021
"BCH",1.549
"BCH",2.009
"BCH",2.263
"BCH",2.297
"BCH",2.288
"BCH",1.587
"BCH",2.13
"BCH",2.27
"BCH",2.165
"BCH",2.224
"BCH",1.477
"BCH",2.015
"BGSP",1.66
"BGSP",1.653
"BGSP",1.802
"BGSP",1.863
"BGSP",1.805
"BGSP",1.959
"BGSP",1.878
"BGSP",1.945
"BGSP",1.848
"BGSP",1.68
"BGSP",1.948
"BGSP",1.701
"BGSP",1.954
"BGSP",1.833
"BGSP",1.995
"BGSP",1.691
"BGSP",1.866
"BGSP",1.788
"BGSP",1.782
"BGSP",1.685
"BGSP",1.74
"BGSP",1.916
"BGSP",2.037
"BGSP",1.828
"BGSP",1.874
"BGSP",1.827
"BGSP",1.939
"BGSP",1.647
"BGSP",1.728
"BGSP",1.753
"BGSP",1.902
"BGSP",1.827
"BGSP",1.491
"BGSP",1.794
"BGSP",1.881
"BGSP",1.763
"BGSP",1.839
"BGSP",1.755
"BGSP",1.77
"BGSP",1.825
"BGSP",1.923
"BGSP",1.729
"BGSP",1.726
"BGSP",1.632
"BGSP",1.857
"BGSP",1.831
"BGSP",1.99
"BGSP",1.757
"BGSP",1.67
"BGSP",2.016
"BGSP",1.776
"BGSP",1.811
"BGSP",1.685
"BGSP",1.75
"BGSP",1.779
"BGSP",1.832
"BGSP",1.862
"BGSP",1.817
"BGSP",1.781
"BGSP",1.905
"BGSP",1.794
"BGSP",1.774
"BGSP",1.964
"BGSP",1.715
"BGSP",1.784
"BGSP",1.668
"BGSP",1.829
"BGSP",1.965
"BGSP",1.816
"BGSP",1.784
"BGSP",1.936
"BGSP",1.766
"BGSP",1.865
"BGSP",1.809
"BGSP",1.656
"BGSP",1.957
"BGSP",1.808
"BGSP",1.873
"BGSP",1.718
"BGSP",1.873
"BGSP",1.952
"BGSP",1.933
"BGSP",1.69
"BGSP",1.755
"BGSP",1.647
"BGSP",1.859
"BGSP",1.823
"BGSP",1.797
"BGSP",1.788
"BGSP",2.148
"BGSP",1.623
"BGSP",1.754
"BGSP",1.908
"BGSP",1.816
"BGSP",1.793
"BGSP",1.805
"BGSP",1.827
"BGSP",1.797
"BGSP",1.887
"BGSP",1.646
"BGSP",1.673
"BGSP",1.858
"BGSP",1.952
"BGSP",1.708
"BGSP",1.814
"BGSP",1.799
"BGSP",1.773
"BGSP",1.824
"BGSP",1.558
"BGSP",1.734
"BGSP",1.683
"BGSP",1.647
"BGSP",1.796
"BGSP",1.853
"BGSP",1.858
"BGSP",1.699
"BGSP",1.99
"BGSP",1.982
"BGSP",1.961
"BGSP",1.701
"BGSP",1.869
"BGSP",1.591
"BGSP",1.917
"BGSP",1.617
"BGSP",1.643
"BGSP",1.914
"BGSP",1.716
"BGSP",1.573
"BGSP",1.852
"BGSP",1.785
"BGSP",1.719
"BGSP",1.849
"BGSP",1.78
"BGSP",1.786
"BGSP",1.763
"BGSP",2.045
"BGSP",1.798
"BGSP",1.623
"BGSP",1.848
"BGSP",1.961
"BGSP",1.705
"BGSP",1.683
"BGSP",1.84
"BGSP",1.695
"BGSP",1.899
"BGSP",1.755
"BGSP",1.816
"BGSP",1.72
"BGSP",1.726
"BGSP",2.007
"BGSP",2.009
"BGSP",1.486
"BGSP",1.855
"BGSP",1.874
"BGSP",1.689
"BGSP",1.931
"BGSP",1.743
"BGSP",1.833
"BGSP",1.748
"BGSP",1.798
"BGSP",1.743
"BGSP",1.673
"BGSP",1.918
"BGSP",1.847
"BGSP",1.908
"BGSP",1.957
"BGSP",1.777
"BGSP",1.665
"BGSP",1.762
"BGSP",1.708
"BGSP",1.912
"BGSP",1.755
"BGSP",1.79
"BGSP",1.816
"BGSP",1.884
"BGSP",1.74
"BGSP",1.789
"BGSP",1.792
"BGSP",1.876
"BGSP",1.897
"BGSP",1.698
"BGSP",1.764
"BGSP",2.011
"BGSP",1.861
"BGSP",1.866
"BGSP",1.724
"BGSP",1.852
"BGSP",1.888
"BGSP",1.834
"BGSP",1.808
"BGSP",1.904
"BGSP",1.92
"BGSP",1.7
"BGSP",1.762
"BGSP",1.69
"BGSP",1.737
"BGSP",1.774
"BGSP",1.851
"BGSP",1.861
"BGSP",1.696
"BGSP",1.851
"BGSP",1.836
"BGSP",1.904
"BGSP",1.777
"BGSP",1.787
"BGSP",1.716
"BGSP",1.929
"BGSP",1.814
"BGSP",1.769
"BGSP",1.727
"BGSP",1.929
"BGSP",1.828
"BGSP",1.853
"BGSP",1.974
"BGSP",1.776
"BGSP",1.854
"BGSP",1.883
"BGSP",1.792
"BGSP",1.871
"BGSP",1.817
"BGSP",1.8
"BGSP",1.895
"BGSP",1.963
"BGSP",1.866
"BGSP",1.856
"BGSP",1.913
"BGSP",1.785
"BGSP",1.819
"BGSP",1.757
"BGSP",1.932
"BGSP",1.815
"BGSP",1.714
"BGSP",1.977
"BGSP",1.757
"BGSP",1.902
"BGSP",1.782
"BGSP",1.717
"BGSP",1.693
"BGSP",1.872
"BGSP",1.774
"BGSP",1.931
"BGSP",1.926
"BGSP",1.643
"BGSP",1.828
"BGSP",1.823
"BGSP",1.824
"BGSP",1.685
"BGSP",1.86
"BGSP",1.723
"BGSP",1.831
"BGSP",1.758
"BGSP",1.685
"BGSP",1.706
"BGSP",2.154
"BGSP",1.702
"BGSP",1.866
"BGSP",1.784
"BGSP",1.992
"BGSP",1.732
"BGSP",1.738
"BGSP",1.857
"BGSP",1.732
"BGSP",2.022
"BGSP",2.017
"BGSP",1.724
"BGSP",1.834
"BGSP",1.772
"BGSP",1.781
"BGSP",1.878
"BGSP",1.78
"BGSP",1.859
"BGSP",1.823
"BGSP",1.611
"BGSP",1.782
"BGSP",1.787
"BGSP",1.856
"BGSP",1.891
"BGSP",1.743
"BGSP",1.966
"BGSP",1.761
"BGSP",1.754
"BGSP",1.997
"BGSP",2.112
"BGSP",1.966
"BGSP",1.846
"BGSP",1.824
"BGSP",1.914
"BGSP",2.006
"BGSP",1.689
"BGSP",1.915
"BGSP",1.714
"BGSP",1.894
"BGSP",1.826
"BGSP",1.66
"BGSP",1.779
"BGSP",1.859
"BGSP",1.742
"BGSP",1.745
"BGSP",1.833
"BGSP",1.864
"BGSP",1.984
"BGSP",1.839
"BGSP",1.778
"BGSP",1.794
"BGSP",1.66
"BGSP",1.86
"BGSP",1.875
"BGSP",1.757
"BGSP",1.792
"BGSP",1.813
"BGSP",1.766
"BGSP",1.846
"BGSP",1.754
"BGSP",1.799
"BGSP",1.751
"BGSP",1.816
"BGSP",1.986
"BGSP",1.898
"BGSP",1.845
"BGSP",1.937
"BGSP",2.195
"BGSP",1.621
"BGSP",1.73
"BGSP",1.627
"BGSP",1.869
"BGSP",1.726
"BGSP",1.854
"BGSP",1.755
"BGSP",1.811
"BGSP",1.754
"BGSP",1.65
"BGSP",1.648
"BGSP",1.852
"BGSP",1.992
"BGSP",1.924
"BGSP",1.813
"BGSP",1.801
"BGSP",1.828
"BGSP",1.737
"BGSP",1.758
"BGSP",1.885
"BGSP",1.701
"BGSP",1.987
"BGSP",1.819
"BGSP",2.043
"BGSP",1.715
"BGSP",1.699
"BGSP",2.062
"BGSP",1.771
"BGSP",1.821
"BGSP",2.007
"BGSP",1.639
"BGSP",1.76
"BGSP",1.707
"BGSP",1.863
"BGSP",1.739
"BGSP",1.843
"BGSP",1.645
"BGSP",1.742
"BGSP",1.879
"BGSP",1.872
"BGSP",1.706
"BGSP",1.823
"BGSP",1.65
"BGSP",1.793
"BGSP",1.81
"BGSP",1.826
"BGSP",1.77
"BGSP",1.787
"BGSP",1.811
"BGSP",1.717
"BGSP",1.728
"BGSP",1.804
"BGSP",1.709
"BGSP",2.224
"BGSP",1.772
"BGSP",1.636
"BGSP",1.943
"BGSP",1.62
"BGSP",1.817
"BGSP",1.772
"BGSP",1.818
"BGSP",1.839
"BGSP",1.934
"BGSP",1.792
"BGSP",1.81
"BGSP",2.008
"BGSP",1.722
"BGSP",1.745
"BGSP",1.871
"BGSP",1.751
"BGSP",1.812
"BGSP",1.853
"BGSP",1.658
"BGSP",1.695
"BGSP",1.699
"BGSP",1.991
"BGSP",1.835
"BGSP",2.02
"BGSP",1.871
"BGSP",1.716
"BGSP",1.81
"BGSP",1.669
"BGSP",2.045
"BGSP",1.885
"BGSP",1.725
"BGSP",1.75
"BGSP",1.717
"BGSP",1.814
"BGSP",1.647
"BGSP",1.974
"BGSP",1.738
"BGSP",1.826
"BGSP",1.765
"BGSP",1.681
"BGSP",1.786
"BGSP",2.05
"BGSP",1.711
"BGSP",1.743
"BGSP",1.691
"BGSP",2.013
"BGSP",1.681
"BGSP",1.855
"BGSP",1.92
"BGSP",1.721
"BGSP",1.815
"BGSP",1.684
"BGSP",1.583
"BGSP",1.842
"BGSP",1.788
"BGSP",1.868
"BGSP",1.905
"BGSP",1.847
"BGSP",1.677
"BGSP",1.823
"BGSP",1.746
"BGSP",1.68
"BGSP",1.75
"BGSP",1.943
"BGSP",1.765
"BGSP",1.742
"BGSP",1.826
"BGSP",1.772
"BGSP",2.059
"BGSP",1.784
"BGSP",1.722
"BGSP",1.693
"BGSP",2.132
"BGSP",2.041
"BGSP",1.761
"BGSP",1.839
"BGSP",1.943
"BGSP",1.814
"BGSP",1.921
"BGSP",1.861
"BGSP",1.822
"BGSP",1.928
"BGSP",1.749
"BGSP",1.952
"BGSP",1.945
"BGSP",1.795
"BGSP",1.702
"BGSP",1.902
"BGSP",1.997
"BGSP",1.813
"BGSP",1.666
"BGSP",1.967
"BGSP",1.785
"BGSP",1.739
"BGSP",2.027
"BGSP",1.642
"BGSP",1.848
"BGSP",1.708
"BGSP",1.696
"BGSP",1.875
"BGSP",1.811
"BGSP",1.836
"BGSP",1.776
"BGSP",1.781
"BGSP",1.983
"BGSP",1.89
"BGSP",1.637
"BGSP",1.84
"BGSP",1.791
"BGSP",1.834
"BGSP",1.917
"BGSP",1.767
"BGSP",1.808
"BGSP",1.763
"BGSP",1.771
"BGSP",1.799
"BGSP",1.975
"BGSP",1.864
"BGSP",1.901
"BGSP",1.799
"BGSP",1.69
"BGSP",1.827
"BGSP",1.783
"BGSP",1.908
"BGSP",1.781
"BGSP",1.803
"BGSP",1.821
"BGSP",1.781
"BGSP",1.73
"BGSP",1.686
"BGSP",1.698
"BGSP",1.855
"BGSP",1.814
"BGSP",1.864
"BGSP",1.778
"BGSP",1.947
"BGSP",1.815
"BGSP",1.669
"BGSP",1.748
"BGSP",1.6
"BGSP",1.962
"BGSP",1.844
"BGSP",1.883
"BGSP",1.781
"BGSP",1.662
"BGSP",1.767
"BGSP",1.776
"BGSP",1.946
"BGSP",1.769
"BGSP",1.769
"BGSP",1.799
"BGSP",1.825
"BGSP",1.818
"BGSP",1.706
"BGSP",2.024
"BGSP",1.794
"BGSP",1.855
"BGSP",1.967
"BGSP",1.793
"BGSP",1.819
"BGSP",1.848
"BGSP",1.772
"BGSP",1.863
"BGSP",1.88
"BGSP",1.922
"BGSP",1.674
"BGSP",1.888
"BGSP",1.739
"BGSP",1.715
"BGSP",1.874
"BGSP",1.732
"BGSP",1.707
"BGSP",1.724
"BGSP",1.955
"BGSP",1.797
"BGSP",1.688
"BGSP",1.952
"BGSP",1.714
"BGSP",1.882
"BGSP",1.729
"BGSP",1.851
"BGSP",1.798
"BGSP",1.92
"BGSP",2.015
"BGSP",1.564
"BGSP",1.704
"BGSP",1.822
"BGSP",1.926
"BGSP",1.802
"BGSP",1.768
"BGSP",2.027
"BGSP",1.801
"BGSP",1.715
"BGSP",1.81
"BGSP",1.822
"BGSP",1.848
"BGSP",1.711
"BGSP",1.652
"BGSP",1.72
"BGSP",1.931
"BGSP",1.833
"BGSP",1.741
"BGSP",1.675
"BGSP",1.613
"BGSP",2.139
"BGSP",1.933
"BGSP",1.851
"BGSP",1.787
"BGSP",1.821
"BGSP",1.823
"BGSP",1.824
"BGSP",1.93
"BGSP",1.89
"BGSP",2.013
"BGSP",1.766
"BGSP",1.803
"BGSP",1.664
"BGSP",1.908
"BGSP",1.919
"BGSP",1.795
"BGSP",1.845
"BGSP",1.782
"BGSP",1.772
"BGSP",1.815
"BGSP",1.781
"BGSP",1.772
"BGSP",1.759
"BGSP",1.72
"BGSP",1.783
"BGSP",1.709
"BGSP",2.226
"BGSP",1.849
"BGSP",1.743
"BGSP",1.926
"BGSP",1.754
"BGSP",1.799
"BGSP",2.078
"BGSP",1.91
"BGSP",1.863
"BGSP",2.01
"BGSP",1.948
"BGSP",1.988
"BGSP",1.722
"BGSP",1.591
"BGSP",1.73
"BGSP",2
"BGSP",1.798
"BGSP",1.983
"BGSP",1.869
"BGSP",1.841
"BGSP",1.743
"BGSP",1.691
"BGSP",1.853
"BGSP",1.949
"BGSP",1.775
"BGSP",1.832
"BGSP",1.579
"BGSP",1.691
"BGSP",1.811
"BGSP",1.708
"BGSP",1.736
"BGSP",1.77
"BGSP",1.733
"BGSP",1.904
"BGSP",1.813
"BGSP",1.616
"BGSP",1.78
"BGSP",1.785
"BGSP",1.772
"BGSP",1.779
"BGSP",1.688
"BGSP",1.789
"BGSP",1.859
"BGSP",1.869
"BGSP",1.683
"BGSP",1.822
"BGSP",1.835
"BGSP",1.847
"BGSP",1.724
"BGSP",1.822
"BGSP",1.806
"BGSP",2.108
"BGSP",1.782
"BGSP",1.789
"BGSP",1.823
"BGSP",1.546
"BGSP",1.776
"BGSP",1.972
"BGSP",1.807
"BGSP",1.938
"BGSP",1.716
"BGSP",1.85
"BGSP",2.045
"BGSP",1.821
"BGSP",1.744
"BGSP",1.7
"BGSP",1.914
"BGSP",1.911
"BGSP",1.885
"BGSP",1.736
"BGSP",1.802
"BGSP",2.087
"BGSP",1.985
"BGSP",1.831
"BGSP",1.629
"BGSP",2.054
"BGSP",1.969
"BGSP",1.818
"BGSP",1.803
"BGSP",1.935
"BGSP",1.89
"BGSP",1.703
"BGSP",1.803
"BGSP",1.712
"BGSP",2.028
"BGSP",1.727
"BGSP",1.926
"BGSP",1.983
"BGSP",1.91
"BGSP",1.863
"BGSP",1.94
"BGSP",1.919
"BGSP",1.828
"BGSP",1.695
"BGSP",1.826
"BGSP",1.785
"BGSP",1.718
"BGSP",1.996
"BGSP",1.844
"BGSP",1.909
"BGSP",1.876
"BGSP",1.726
"BGSP",1.765
"BGSP",2.04
"BGSP",1.643
"BGSP",1.805
"BGSP",1.802
"BGSP",1.928
"BGSP",1.762
"BGSP",1.734
"BGSP",1.834
"BGSP",1.733
"BGSP",1.654
"BGSP",1.899
"BGSP",1.863
"BGSP",1.798
"BGSP",1.774
"BGSP",1.869
"BGSP",1.8
"BGSP",1.78
"BGSP",1.754
"BGSP",1.859
"BGSP",1.896
"BGSP",1.845
"BGSP",1.729
"BGSP",1.878
"BGSP",1.863
"BGSP",1.804
"BGSP",1.795
"BGSP",1.898
"BGSP",1.782
"BGSP",1.853
"BGSP",1.781
"BGSP",1.717
"BGSP",1.832
"BGSP",1.964
"BGSP",2.002
"BGSP",1.856
"BGSP",1.691
"BGSP",1.898
"BGSP",1.956
"BGSP",1.81
"BGSP",1.718
"BGSP",1.712
"BGSP",1.827
"BGSP",1.878
"BGSP",1.874
"BGSP",1.7
"BGSP",1.807
"BGSP",1.777
"BGSP",1.753
"BGSP",1.818
"BGSP",1.815
"BGSP",1.74
"BGSP",1.813
"BGSP",1.749
"BGSP",1.933
"BGSP",1.879
"BGSP",1.933
"BGSP",1.819
"BGSP",1.616
"BGSP",1.845
"BGSP",1.825
"BGSP",2.007
"BGSP",1.866
"BGSP",1.741
"BGSP",1.94
"BGSP",1.699
"BGSP",1.849
"BGSP",1.843
"BGSP",1.835
"BGSP",1.927
"BGSP",1.639
"BGSP",1.854
"BGSP",1.846
"BGSP",1.876
"BGSP",1.892
"BGSP",2.028
"BGSP",1.789
"BGSP",1.728
"BGSP",1.794
"BGSP",2.097
"BGSP",1.604
"BGSP",1.937
"BGSP",1.903
"BGSP",2.008
"BGSP",1.827
"BGSP",2.031
"BGSP",1.82
"BGSP",1.851
"BGSP",1.807
"BGSP",1.932
"BGSP",2.042
"BGSP",1.807
"BGSP",1.933
"BGSP",1.886
"BGSP",1.734
"BGSP",1.833
"BGSP",1.737
"BGSP",1.859
"BGSP",1.78
"BGSP",1.824
"BGSP",1.792
"BGSP",1.759
"BGSP",1.96
"BGSP",1.8
"BGSP",1.844
"BGSP",1.861
"BGSP",1.594
"BGSP",1.842
"BGSP",1.827
"BGSP",1.775
"BGSP",1.801
"BGSP",1.909
"BGSP",1.891
"BGSP",1.911
"BGSP",1.841
"BGSP",2.067
"BGSP",2.061
"BGSP",1.778
"BGSP",1.712
"BGSP",1.897
"BGSP",1.944
"BGSP",1.742
"BGSP",1.961
"BGSP",1.721
"BGSP",2.038
"BGSP",1.771
"BGSP",1.835
"BGSP",1.876
"BGSP",1.846
"BGSP",1.689
"BGSP",1.77
"BGSP",1.975
"BGSP",1.716
"BGSP",1.857
"BGSP",1.847
"BGSP",1.934
"BGSP",1.806
"BGSP",1.681
"BGSP",2.018
"BGSP",1.753
"BGSP",1.774
"BGSP",1.811
"BGSP",1.883
"BGSP",1.96
"BGSP",1.774
"BGSP",1.862
"BGSP",1.705
"BGSP",1.727
"BGSP",1.706
"BGSP",1.716
"BGSP",1.875
"BGSP",1.672
"BGSP",1.839
"BGSP",1.815
"BGSP",1.923
"BGSP",1.78
"BGSP",1.718
"BGSP",1.857
"BGSP",1.815
"BGSP",1.601
"BGSP",1.8
"BGSP",2.005
"BGSP",1.911
"BGSP",1.75
"BGSP",1.911
"BGSP",1.811
"BGSP",1.901
"BGSP",1.882
"BGSP",1.744
"BGSP",1.728
"BGSP",1.734
"BGSP",1.748
"BGSP",1.769
"BGSP",1.777
"BGSP",1.841
"BGSP",1.817
"BGSP",1.63
"BGSP",1.815
"BGSP",2.029
"BGSP",1.748
"BGSP",1.863
"BGSP",1.852
"BGSP",2.059
"BGSP",1.808
"BGSP",1.884
"BGSP",1.719
"BGSP",1.938
"BGSP",1.815
"BGSP",1.679
"BGSP",1.765
"BGSP",1.685
"BGSP",1.862
"BGSP",1.847
"BGSP",1.717
"BGSP",1.962
"BGSP",1.862
"BGSP",1.574
"BGSP",1.799
"BGSP",1.857
"BGSP",2.002
"BGSP",1.841
"BGSP",1.677
"BGSP",1.734
"BGSP",1.609
"BGSP",1.773
"BGSP",1.702
"BGSP",1.793
"BGSP",1.949
"BGSP",1.788
"BGSP",2.085
"BGSP",1.842
"BGSP",1.788
"BGSP",1.872
"BGSP",1.867
"BGSP",1.72
"BGSP",1.993
"BGSP",1.902
"BGSP",2.001
"BGSP",1.7
"BGSP",1.667
"BGSP",1.729
"BGSP",1.901
"BGSP",1.775
"BGSP",1.687
"BGSP",1.87
"BGSP",1.904
"BGSP",1.877
"BGSP",1.978
"BGSP",1.804
"BGSP",1.864
"BGSP",1.759
"BGSP",1.826
"BGSP",1.986
"BGSP",2.044
"BGSP",1.981
"BGSP",1.842
"BGSP",1.787
"BGSP",1.768
"BGSP",1.82
"BGSP",1.689
"BGSP",1.945
"BGSP",1.953
"BGSP",1.704
"BGSP",1.802
"BGSP",1.885
"BGSP",1.731
"BGSP",1.733
"BGSP",1.813
"BGSP",1.834
"BGSP",1.909
"BGSP",1.738
"BGSP",2.067
"BGSP",1.7
"BGSP",1.848
"BGSP",1.816
"BGSP",1.833
"BGSP",1.831
"BGSP",1.939
"BGSP",1.821
"BGSP",1.929
"BGSP",2.03
"BGSP",1.856
"BGSP",1.853
"BGSP",2.014
"BGSP",1.757
"BGSP",1.854
"BGSP",1.681
"BGSP",1.784
"BGSP",2.015
"BGSP",1.875
"BGSP",1.761
"BGSP",1.747
"BGSP",1.681
"BGSP",1.827
"BGSP",1.952
"BGSP",1.649
"BGSP",1.819
"BGSP",1.692
"BGSP",1.834
"BGSP",1.696
"BGSP",1.977
"BGSP",1.786
"BGSP",1.974
"BGSP",1.782
"BGSP",1.829
"BGSP",1.85
"BGSP",1.75
"BGSP",1.805
"BGSP",1.831
"BGSP",1.823
"BGSP",1.765
"BGSP",1.787
"BGSP",1.783
"BGSP",1.739
"BGSP",1.699
"BGSP",1.679
"BGSP",1.781
"BGSP",1.674
"BGSP",1.917
"BGSP",1.943
"BGSP",1.972
"BGSP",1.661
"BGSP",1.829
"BGSP",1.761
"BGSP",1.866
"BGSP",1.779
"BGSP",1.745
"BGSP",1.724
"BGSP",1.859
"BGSP",1.897
"BGSP",1.851
"BGSP",1.906
"BGSP",1.621
"BGSP",1.636
"BGSP",1.924
"BGSP",1.721
"BGSP",1.714
"BGSP",1.871
"BGSP",1.796
"BGSP",1.728
"BGSP",1.64
"BGSP",1.567
"BGSP",1.75
"BGSP",1.996
"BGSP",1.819
"BGSP",1.867
"BGSP",1.832
"BGSP",1.862
"BGSP",1.727
"BGSP",1.861
"BGSP",1.986
"BGSP",1.794
"BGSP",1.898
"BGSP",1.864
"BGSP",1.85
"BGSP",1.975
"BGSP",1.842
"BGSP",1.863
"BGSP",1.886
"BGSP",1.671
"BGSP",1.593
"BGSP",1.861
"BGSP",1.822
"BGSP",1.856
"BGSP",1.554
"BGSP",1.639
"BGSP",1.76
"BGSP",1.873
"BGSP",2.011
"BGSP",1.759
"BGSP",1.98
"BGSP",1.867
"BGSP",1.806
"BGSP",1.869
"BGSP",1.928
"BGSP",1.835
"BGSP",1.768
"BGSP",2.049
"BGSP",1.768
"BGSP",1.848
"BGSP",1.926
"BGSP",1.79
"BGSP",1.718
"BGSP",1.864
"BGSP",1.839
"BGSP",1.897
"BGSP",1.851
"BGSP",1.882
"BGSP",1.855
"BGSP",1.897
"BGSP",1.938
"BGSP",1.918
"BGSP",1.833
"BGSP",1.818
"BGSP",1.804
"BGSP",1.707
"BGSP",1.894
"BGSP",1.703
"BGSP",1.921
"BGSP",1.857
"BGSP",1.845
"BGSP",2.07
"BGSP",1.831
"BGSP",1.796
"BGSP",1.772
"BGSP",1.899
"BGSP",1.846
"BGSP",1.821
"BGSP",1.692
"BGSP",1.909
"BGSP",1.824
"BGSP",1.728
"BGSP",1.808
"BGSP",1.881
"BGSP",1.926
"BGSP",1.806
"BGSP",1.614
"BGSP",1.933
"BGSP",1.818
"BGSP",1.785
"BGSP",1.816
"BGSP",1.813
"BGSP",1.629
"BGSP",1.631
"BGSP",1.677
"BGSP",1.827
"BGSP",1.855
"BGSP",1.822
"BGSP",1.779
"BGSP",1.779
"BGSP",1.734
"BGSP",1.78
"BGSP",1.9
"BGSP",1.997
"BGSP",1.792
"BGSP",2.081
"BGSP",1.762
"BGSP",1.801
"BGSP",1.763
"BGSP",1.812
"BGSP",1.749
"BGSP",1.879
"BGSP",1.773
"BGSP",1.852
"BGSP",1.695
"BGSP",1.781
"BGSP",1.821
"BGSP",2.074
"BGSP",1.894
"BGSP",1.772
"BGSP",1.749
"BGSP",1.827
"BGSP",2.132
"BGSP",1.85
"BGSP",1.872
"BGSP",1.761
"BGSP",1.692
"BGSP",1.734
"BGSP",1.793
"BGSP",1.642
"BGSP",1.733
"BGSP",1.886
"BGSP",1.92
"BGSP",1.811
"BGSP",1.816
"BGSP",1.963
"BGSP",1.766
"BGSP",1.72
"BGSP",1.942
"BGSP",1.724
"BGSP",2.119
"BGSP",1.921
"BGSP",1.83
"BGSP",1.702
"BGSP",1.637
"BGSP",1.837
"BGSP",1.788
"BGSP",1.816
"BGSP",1.911
"BGSP",1.788
"BGSP",1.789
"BGSP",1.983
"BGSP",1.984
"BGSP",1.737
"BGSP",1.697
"BGSP",1.967
"BGSP",1.683
"BGSP",1.778
"BGSP",1.986
"BGSP",1.859
"BGSP",1.767
"BGSP",1.995
"BGSP",1.724
"BGSP",1.762
"BGSP",1.814
"BGSP",1.658
"BGSP",1.577
"BGSP",1.858
"BGSP",1.638
"BGSP",1.773
"BGSP",1.743
"BGSP",1.891
"BGSP",1.865
"BGSP",1.814
"BGSP",1.986
"BGSP",1.972
"BGSP",1.656
"BGSP",1.805
"BGSP",1.825
"BGSP",1.765
"BGSP",1.846
"BGSP",1.76
"BGSP",1.709
"BGSP",1.757
"BGSP",1.741
"BGSP",1.872
"BGSP",1.831
"BGSP",1.831
"BGSP",1.8
"BGSP",1.842
"BGSP",1.793
"BGSP",1.927
"BGSP",1.723
"BGSP",1.905
"BGSP",1.995
"BGSP",1.932
"BGSP",1.983
"BGSP",1.764
"BGSP",1.674
"BGSP",1.769
"BGSP",1.814
"BGSP",1.909
"BGSP",1.962
"BGSP",1.904
"BGSP",1.622
"BGSP",1.731
"BGSP",1.746
"BGSP",1.703
"BGSP",1.791
"BGSP",1.957
"BGSP",2.111
"BGSP",1.945
"BGSP",1.769
"BGSP",1.806
"BGSP",1.894
"BGSP",1.626
"BGSP",1.809
"BGSP",1.7
"BGSP",1.872
"BGSP",1.872
"BGSP",1.753
"BGSP",1.829
"BGSP",2.093
"BGSP",1.707
"BGSP",1.831
"BGSP",1.971
"BGSP",1.777
"BGSP",2.013
"BGSP",1.867
"BGSP",2.067
"BGSP",1.732
"BGSP",1.737
"BGSP",2.001
"BGSP",1.685
"BGSP",1.777
"BGSP",1.976
"BGSP",1.846
"BGSP",1.726
"BGSP",1.856
"BGSP",1.739
"BGSP",1.785
"BGSP",1.805
"BGSP",1.724
"BGSP",1.822
"BGSP",1.958
"BGSP",1.725
"BGSP",1.746
"BGSP",1.912
"BGSP",1.695
"BGSP",1.782
"BGSP",1.879
"BGSP",1.897
"BGSP",1.946
"BGSP",1.767
"BGSP",1.988
"BGSP",1.679
"BGSP",1.855
"BGSP",1.724
"BGSP",1.825
"BGSP",1.729
"BGSP",1.909
"BGSP",1.643
"BGSP",1.948
"BGSP",1.962
"BGSP",1.873
"BGSP",1.678
"BGSP",1.921
"BGSP",1.88
"BGSP",1.848
"BGSP",1.842
"BGSP",1.787
"BGSP",1.816
"BGSP",1.599
"BGSP",2.066
"BGSP",1.841
"BGSP",1.783
"BGSP",1.95
"BGSP",1.747
"BGSP",1.983
"BGSP",1.817
"BGSP",1.778
"BGSP",1.717
"BGSP",1.59
"BGSP",2.021
"BGSP",1.908
"BGSP",1.947
"BGSP",1.902
"BGSP",1.807
"BGSP",1.881
"BGSP",1.956
"BGSP",1.808
"BGSP",1.748
"BGSP",1.794
"BGSP",1.715
"BGSP",1.828
"BGSP",2.004
"BGSP",1.695
"BGSP",1.792
"BGSP",1.889
"BGSP",1.659
"BGSP",1.65
"BGSP",1.898
"BGSP",1.869
"BGSP",1.904
"BGSP",1.764
"BGSP",1.799
"BGSP",1.854
"BGSP",1.932
"BGSP",2.029
"BGSP",1.955
"BGSP",1.813
"BGSP",1.691
"BGSP",1.794
"BGSP",1.678
"BGSP",1.855
"BGSP",1.839
"BGSP",1.679
"BGSP",1.921
"BGSP",1.835
"BGSP",1.861
"BGSP",1.843
"BGSP",1.847
"BGSP",1.893
"BGSP",2.038
"BGSP",1.836
"BGSP",1.869
"BGSP",1.789
"BGSP",1.854
"BGSP",1.943
"BGSP",1.898
"BGSP",1.736
"BGSP",1.866
"BGSP",1.877
"BGSP",1.914
"BGSP",1.984
"BGSP",1.996
"BGSP",1.866
"BGSP",1.737
"BGSP",1.78
"BGSP",1.819
"BGSP",1.741
"BGSP",1.729
"BGSP",1.977
"BGSP",1.767
"BGSP",1.688
"BGSP",1.852
"BGSP",1.909
"BGSP",2.016
"BGSP",1.872
"BGSP",1.814
"BGSP",1.687
"BGSP",1.723
"BGSP",1.798
"BGSP",1.66
"BGSP",1.911
"BGSP",1.945
"BGSP",1.787
"BGSP",1.88
"BGSP",1.827
"BGSP",1.672
"BGSP",1.83
"BGSP",1.885
"BGSP",1.71
"BGSP",1.662
"BGSP",1.846
"BGSP",1.866
"BGSP",1.754
"BGSP",1.93
"BGSP",1.941
"BGSP",1.77
"BGSP",2.044
"BGSP",1.801
"BGSP",1.764
"BGSP",1.877
"BGSP",1.745
"BGSP",1.799
"BGSP",1.826
"BGSP",1.932
"BGSP",1.74
"BGSP",1.577
"BGSP",1.935
"BGSP",1.66
"BGSP",1.889
"BGSP",1.865
"BGSP",1.705
"BGSP",1.8
"BGSP",1.66
"BGSP",1.61
"BGSP",1.974
"BGSP",1.887
"BGSP",1.75
"BGSP",1.811
"BGSP",1.774
"BGSP",1.703
"BGSP",1.67
"BGSP",2.059
"BGSP",1.835
"BGSP",2
"BGSP",1.728
"BGSP",1.903
"BGSP",1.78
"BGSP",1.923
"BGSP",1.758
"BGSP",1.732
"BGSP",1.73
"BGSP",1.929
"BGSP",1.87
"BGSP",1.999
"BGSP",1.622
"BGSP",2.072
"BGSP",1.85
"BGSP",1.844
"BGSP",1.871
"BGSP",1.865
"BGSP",1.634
"BGSP",2.064
"BGSP",1.826
"BGSP",1.942
"BGSP",1.873
"BGSP",1.996
"BGSP",1.686
"BGSP",2.037
"BGSP",1.908
"BGSP",2.081
"BGSP",1.7
"BGSP",1.785
"BGSP",1.709
"BGSP",1.973
"BGSP",2.009
"BGSP",1.858
"BGSP",1.687
"BGSP",1.712
"BGSP",1.771
"BGSP",2.005
"BGSP",1.929
"BGSP",1.789
"BGSP",1.773
"BGSP",1.887
"BGSP",1.65
"BGSP",1.804
"BGSP",1.82
"BGSP",1.827
"BGSP",1.774
"BGSP",1.895
"BGSP",1.664
"BGSP",1.838
"BGSP",1.775
"BGSP",1.735
"BGSP",1.907
"BGSP",1.835
"BGSP",1.951
"BGSP",1.659
"BGSP",1.738
"BGSP",1.733
"BGSP",1.834
"BGSP",1.868
"BGSP",1.731
"BGSP",1.838
"BGSP",1.842
"BGSP",1.754
"BGSP",1.928
"BGSP",1.779
"BGSP",1.933
"BGSP",1.676
"BGSP",2.12
"BGSP",1.7
"BGSP",1.766
"BGSP",1.777
"BGSP",1.79
"BGSP",1.867
"BGSP",1.836
"BGSP",1.987
"BGSP",1.929
"BGSP",1.742
"BGSP",1.931
"BGSP",1.736
"BGSP",1.638
"BGSP",1.859
"BGSP",1.692
"BGSP",1.996
"BGSP",1.959
"BGSP",1.695
"BGSP",1.762
"BGSP",2.035
"BGSP",1.732
"BGSP",1.693
"BGSP",1.842
"BGSP",1.891
"BGSP",2.008
"BGSP",1.667
"BGSP",1.883
"BGSP",1.907
"BGSP",1.743
"BGSP",1.826
"BGSP",1.715
"BGSP",1.795
"BGSP",1.75
"BGSP",1.62
"BGSP",1.791
"BGSP",1.85
"BGSP",1.964
"BGSP",1.923
"BGSP",1.785
"BGSP",1.765
"BGSP",1.756
"BGSP",1.719
"BGSP",1.841
"BGSP",1.896
"BGSP",1.897
"BGSP",1.767
"BGSP",1.75
"BGSP",1.851
"BGSP",1.929
"BGSP",1.808
"BGSP",1.94
"BGSP",1.923
"BGSP",1.975
"BGSP",1.729
"BGSP",1.846
"BGSP",1.774
"BGSP",1.585
"BGSP",1.7
"BGSP",2.022
"BGSP",1.721
"BGSP",1.77
"BGSP",1.909
"BGSP",1.804
"BGSP",1.788
"BGSP",2.015
"BGSP",1.772
"BGSP",1.803
"BGSP",1.87
"BGSP",1.677
"BGSP",1.887
"BGSP",1.893
"BGSP",1.785
"BGSP",1.704
"BGSP",1.774
"BGSP",1.86
"BGSP",1.729
"BGSP",1.815
"BGSP",1.814
"BGSP",1.719
"BGSP",1.887
"BGSP",1.825
"BGSP",1.911
"BGSP",1.919
"BGSP",1.89
"BGSP",1.761
"BGSP",1.697
"BGSP",1.804
"BGSP",1.761
"DLBS",1.712
"DLBS",1.648
"DLBS",1.554
"DLBS",1.839
"DLBS",1.769
"DLBS",1.673
"DLBS",1.786
"DLBS",1.772
"DLBS",1.577
"DLBS",1.802
"DLBS",2.093
"DLBS",1.802
"DLBS",1.746
"DLBS",1.779
"DLBS",1.931
"DLBS",1.874
"DLBS",1.627
"DLBS",1.674
"DLBS",1.743
"DLBS",1.59
"DLBS",1.631
"DLBS",1.645
"DLBS",1.647
"DLBS",1.626
"DLBS",1.708
"DLBS",1.73
"DLBS",1.726
"DLBS",1.748
"DLBS",1.682
"DLBS",1.682
"DLBS",1.647
"DLBS",2.023
"DLBS",1.62
"DLBS",1.7
"DLBS",1.566
"DLBS",1.559
"DLBS",1.625
"DLBS",1.81
"DLBS",1.767
"DLBS",1.832
"DLBS",1.878
"DLBS",1.672
"DLBS",1.774
"DLBS",1.522
"DLBS",1.78
"DLBS",1.817
"DLBS",1.71
"DLBS",1.788
"DLBS",1.635
"DLBS",1.728
"DLBS",1.77
"DLBS",1.476
"DLBS",1.607
"DLBS",1.701
"DLBS",1.547
"DLBS",1.872
"DLBS",2.072
"DLBS",1.648
"DLBS",1.748
"DLBS",1.65
"DLBS",1.828
"DLBS",1.737
"DLBS",1.874
"DLBS",1.67
"DLBS",1.707
"DLBS",1.598
"DLBS",1.664
"DLBS",1.824
"DLBS",1.783
"DLBS",1.746
"DLBS",1.657
"DLBS",1.796
"DLBS",1.488
"DLBS",1.716
"DLBS",1.663
"DLBS",1.815
"DLBS",1.723
"DLBS",1.562
"DLBS",1.469
"DLBS",1.694
"DLBS",1.559
"DLBS",1.856
"DLBS",1.851
"DLBS",1.84
"DLBS",1.757
"DLBS",1.644
"DLBS",1.742
"DLBS",1.672
"DLBS",1.794
"DLBS",1.81
"DLBS",1.748
"DLBS",1.736
"DLBS",1.572
"DLBS",1.564
"DLBS",1.644
"DLBS",1.753
"DLBS",1.773
"DLBS",1.595
"DLBS",1.634
"DLBS",1.934
"DLBS",1.628
"DLBS",1.773
"DLBS",1.89
"DLBS",1.67
"DLBS",1.948
"DLBS",1.958
"DLBS",1.45
"DLBS",1.657
"DLBS",1.494
"DLBS",1.634
"DLBS",1.656
"DLBS",1.817
"DLBS",1.714
"DLBS",1.716
"DLBS",1.744
"DLBS",1.605
"DLBS",1.619
"DLBS",1.775
"DLBS",1.575
"DLBS",1.704
"DLBS",1.682
"DLBS",1.852
"DLBS",1.609
"DLBS",1.678
"DLBS",1.568
"DLBS",1.754
"DLBS",1.699
"DLBS",1.821
"DLBS",1.821
"DLBS",1.857
"DLBS",1.688
"DLBS",1.649
"DLBS",1.961
"DLBS",1.724
"DLBS",1.686
"DLBS",1.771
"DLBS",1.699
"DLBS",1.706
"DLBS",1.729
"DLBS",1.982
"DLBS",1.549
"DLBS",1.864
"DLBS",1.831
"DLBS",1.507
"DLBS",1.917
"DLBS",1.825
"DLBS",1.708
"DLBS",1.805
"DLBS",1.984
"DLBS",1.603
"DLBS",1.576
"DLBS",1.817
"DLBS",1.752
"DLBS",1.68
"DLBS",1.815
"DLBS",1.749
"DLBS",1.658
"DLBS",1.603
"DLBS",1.597
"DLBS",1.544
"DLBS",1.619
"DLBS",1.738
"DLBS",1.806
"DLBS",1.652
"DLBS",1.827
"DLBS",1.7
"DLBS",1.778
"DLBS",1.646
"DLBS",1.759
"DLBS",1.749
"DLBS",1.845
"DLBS",1.875
"DLBS",1.607
"DLBS",1.841
"DLBS",1.679
"DLBS",1.572
"DLBS",1.825
"DLBS",1.967
"DLBS",1.767
"DLBS",1.925
"DLBS",1.682
"DLBS",1.675
"DLBS",1.593
"DLBS",1.638
"DLBS",1.702
"DLBS",1.793
"DLBS",2.007
"DLBS",1.782
"DLBS",1.658
"DLBS",1.667
"DLBS",1.75
"DLBS",1.72
"DLBS",1.828
"DLBS",1.558
"DLBS",1.608
"DLBS",1.621
"DLBS",1.622
"DLBS",1.553
"DLBS",1.559
"DLBS",1.991
"DLBS",1.575
"DLBS",2.007
"DLBS",1.764
"DLBS",1.824
"DLBS",1.738
"DLBS",1.581
"DLBS",1.854
"DLBS",1.706
"DLBS",1.543
"DLBS",1.71
"DLBS",1.849
"DLBS",1.55
"DLBS",1.549
"DLBS",1.904
"DLBS",1.578
"DLBS",1.673
"DLBS",1.592
"DLBS",1.652
"DLBS",1.923
"DLBS",1.748
"DLBS",1.647
"DLBS",1.902
"DLBS",1.732
"DLBS",1.798
"DLBS",2.007
"DLBS",1.758
"DLBS",1.794
"DLBS",1.722
"DLBS",1.755
"DLBS",1.463
"DLBS",1.819
"DLBS",1.905
"DLBS",2.1
"DLBS",1.881
"DLBS",1.679
"DLBS",1.533
"DLBS",1.637
"DLBS",1.854
"DLBS",1.913
"DLBS",1.807
"DLBS",1.832
"DLBS",1.764
"DLBS",1.713
"DLBS",2.066
"DLBS",1.623
"DLBS",1.619
"DLBS",1.889
"DLBS",1.467
"DLBS",1.591
"DLBS",1.647
"DLBS",1.703
"DLBS",1.871
"DLBS",1.719
"DLBS",1.714
"DLBS",1.722
"DLBS",1.786
"DLBS",1.872
"DLBS",1.621
"DLBS",2.031
"DLBS",1.52
"DLBS",1.634
"DLBS",1.761
"DLBS",1.904
"DLBS",1.898
"DLBS",1.644
"DLBS",1.776
"DLBS",1.743
"DLBS",1.638
"DLBS",1.522
"DLBS",1.816
"DLBS",1.704
"DLBS",1.771
"DLBS",1.684
"DLBS",1.424
"DLBS",1.719
"DLBS",1.59
"DLBS",1.699
"DLBS",1.881
"DLBS",1.811
"DLBS",1.656
"DLBS",1.808
"DLBS",1.732
"DLBS",1.638
"DLBS",1.876
"DLBS",1.762
"DLBS",1.801
"DLBS",1.78
"DLBS",1.872
"DLBS",1.734
"DLBS",1.713
"DLBS",1.884
"DLBS",1.692
"DLBS",1.688
"DLBS",1.894
"DLBS",1.846
"DLBS",1.563
"DLBS",1.682
"DLBS",1.514
"DLBS",1.981
"DLBS",1.738
"DLBS",1.609
"DLBS",1.892
"DLBS",1.63
"DLBS",1.556
"DLBS",1.737
"DLBS",1.728
"DLBS",1.563
"DLBS",1.649
"DLBS",1.878
"DLBS",1.782
"DLBS",1.953
"DLBS",1.763
"DLBS",1.716
"IXI_600",1.935
"IXI_600",1.719
"IXI_600",1.44
"IXI_600",1.546
"IXI_600",1.687
"IXI_600",1.569
"IXI_600",1.82
"IXI_600",1.786
"IXI_600",1.597
"IXI_600",1.824
"IXI_600",1.595
"IXI_600",1.541
"IXI_600",1.733
"IXI_600",1.677
"IXI_600",1.718
"IXI_600",1.775
"IXI_600",1.684
"IXI_600",1.784
"IXI_600",1.68
"IXI_600",1.578
"IXI_600",1.553
"IXI_600",1.614
"IXI_600",1.72
"IXI_600",1.74
"IXI_600",1.74
"IXI_600",1.702
"IXI_600",1.804
"IXI_600",1.726
"IXI_600",1.645
"IXI_600",1.857
"IXI_600",1.76
"IXI_600",1.698
"IXI_600",1.645
"IXI_600",1.804
"IXI_600",1.535
"IXI_600",1.59
"IXI_600",1.881
"IXI_600",1.843
"IXI_600",1.488
"IXI_600",1.748
"IXI_600",1.823
"IXI_600",1.71
"IXI_600",1.966
"IXI_600",1.741
"IXI_600",1.745
"IXI_600",1.66
"IXI_600",1.785
"IXI_600",1.662
"IXI_600",1.82
"IXI_600",1.7
"IXI_600",1.745
"IXI_600",1.928
"IXI_600",1.785
"IXI_600",1.55
"IXI_600",1.521
"IXI_600",1.74
"IXI_600",1.725
"IXI_600",1.744
"IXI_600",1.502
"IXI_600",1.817
"IXI_600",1.638
"IXI_600",1.54
"IXI_600",1.926
"IXI_600",1.673
"IXI_600",1.627
"IXI_600",1.663
"IXI_600",1.702
"IXI_600",1.789
"IXI_600",1.559
"IXI_600",1.706
"IXI_600",1.899
"IXI_600",1.556
"IXI_600",1.71
"IXI_600",1.932
"IXI_600",1.733
"IXI_600",1.715
"IXI_600",1.664
"IXI_600",1.75
"IXI_600",1.649
"IXI_600",1.496
"IXI_600",1.612
"IXI_600",1.556
"IXI_600",1.642
"IXI_600",1.703
"IXI_600",1.821
"IXI_600",1.678
"IXI_600",1.59
"IXI_600",1.844
"IXI_600",1.718
"IXI_600",1.602
"IXI_600",1.745
"IXI_600",1.635
"IXI_600",1.637
"IXI_600",1.835
"IXI_600",1.715
"IXI_600",1.883
"IXI_600",1.679
"IXI_600",1.67
"IXI_600",1.651
"IXI_600",1.616
"IXI_600",1.819
"IXI_600",1.605
"IXI_600",1.838
"IXI_600",1.958
"IXI_600",1.582
"IXI_600",1.721
"IXI_600",1.55
"IXI_600",1.772
"IXI_600",1.515
"IXI_600",1.729
"IXI_600",1.553
"IXI_600",1.627
"IXI_600",1.673
"IXI_600",1.707
"IXI_600",1.625
"IXI_600",1.744
"IXI_600",1.542
"IXI_600",1.775
"IXI_600",1.869
"IXI_600",1.844
"IXI_600",1.706
"IXI_600",1.588
"IXI_600",1.701
"IXI_600",1.644
"IXI_600",1.713
"IXI_600",1.761
"IXI_600",1.678
"IXI_600",1.462
"IXI_600",1.648
"IXI_600",1.655
"IXI_600",1.643
"IXI_600",1.869
"IXI_600",1.56
"IXI_600",1.817
"IXI_600",1.534
"IXI_600",1.617
"IXI_600",1.915
"IXI_600",1.934
"IXI_600",1.831
"IXI_600",1.823
"IXI_600",1.65
"IXI_600",1.541
"IXI_600",1.583
"IXI_600",1.541
"IXI_600",1.649
"IXI_600",1.856
"IXI_600",1.685
"IXI_600",1.732
"IXI_600",1.624
"IXI_600",1.62
"IXI_600",1.655
"IXI_600",1.699
"IXI_600",1.773
"IXI_600",1.56
"IXI_600",1.927
"IXI_600",1.755
"IXI_600",1.629
"IXI_600",1.886
"IXI_600",1.534
"IXI_600",1.571
"IXI_600",1.687
"IXI_600",1.66
"IXI_600",1.761
"IXI_600",1.602
"IXI_600",1.648
"IXI_600",1.588
"IXI_600",1.814
"IXI_600",1.623
"IXI_600",1.563
"IXI_600",1.544
"IXI_600",1.852
"IXI_600",1.967
"IXI_600",1.44
"IXI_600",1.56
"IXI_600",1.94
"IXI_600",1.615
"IXI_600",1.881
"IXI_600",1.89
"IXI_600",1.523
"IXI_600",1.481
"IXI_600",1.462
"IXI_600",1.476
"IXI_600",1.609
"IXI_600",1.574
"IXI_600",1.698
"IXI_600",1.459
"IXI_600",1.792
"IXI_600",1.802
"IXI_600",1.893
"IXI_600",1.588
"IXI_600",1.644
"IXI_600",1.723
"IXI_600",1.576
"IXI_600",1.677
"IXI_600",1.884
"IXI_600",1.735
"IXI_600",1.96
"IXI_600",1.982
"IXI_600",1.96
"IXI_600",1.996
"IXI_600",1.682
"IXI_600",1.502
"IXI_600",2.177
"IXI_600",1.58
"IXI_600",1.73
"IXI_600",1.875
"IXI_600",1.495
"IXI_600",1.789
"IXI_600",1.786
"IXI_600",1.684
"IXI_600",1.465
"IXI_600",1.52
"IXI_600",1.622
"IXI_600",1.708
"IXI_600",1.672
"IXI_600",1.832
"IXI_600",1.798
"IXI_600",1.75
"IXI_600",1.769
"IXI_600",1.662
"IXI_600",1.811
"IXI_600",1.592
"IXI_600",1.686
"IXI_600",1.831
"IXI_600",1.586
"IXI_600",1.483
"IXI_600",1.565
"IXI_600",1.713
"IXI_600",1.55
"IXI_600",1.873
"IXI_600",1.798
"IXI_600",1.754
"IXI_600",1.708
"IXI_600",1.608
"IXI_600",1.559
"IXI_600",1.708
"IXI_600",1.682
"IXI_600",1.81
"IXI_600",1.677
"IXI_600",1.511
"IXI_600",1.884
"IXI_600",1.576
"IXI_600",1.864
"IXI_600",1.528
"IXI_600",1.571
"IXI_600",1.635
"IXI_600",1.947
"IXI_600",1.701
"IXI_600",1.803
"IXI_600",1.935
"IXI_600",1.504
"IXI_600",1.653
"IXI_600",1.693
"IXI_600",1.769
"IXI_600",1.677
"IXI_600",1.649
"IXI_600",1.479
"IXI_600",1.814
"IXI_600",1.554
"IXI_600",1.812
"IXI_600",2.162
"IXI_600",1.764
"IXI_600",1.548
"IXI_600",1.814
"IXI_600",1.735
"IXI_600",1.838
"IXI_600",1.865
"IXI_600",1.507
"IXI_600",2.079
"IXI_600",1.958
"IXI_600",1.671
"IXI_600",1.656
"IXI_600",1.536
"IXI_600",1.493
"IXI_600",1.829
"IXI_600",1.786
"IXI_600",1.967
"IXI_600",1.761
"IXI_600",1.515
"IXI_600",1.846
"IXI_600",1.725
"IXI_600",1.679
"IXI_600",1.647
"IXI_600",1.731
"IXI_600",1.798
"IXI_600",1.709
"IXI_600",1.645
"IXI_600",1.75
"IXI_600",1.968
"IXI_600",1.695
"IXI_600",1.524
"IXI_600",1.865
"IXI_600",1.501
"IXI_600",1.688
"IXI_600",1.672
"IXI_600",1.808
"IXI_600",1.637
"IXI_600",1.829
"IXI_600",1.765
"IXI_600",1.653
"IXI_600",1.696
"IXI_600",1.661
"IXI_600",1.527
"IXI_600",1.575
"IXI_600",1.528
"IXI_600",1.789
"IXI_600",1.804
"IXI_600",1.782
"IXI_600",1.537
"IXI_600",1.811
"IXI_600",1.742
"IXI_600",1.962
"IXI_600",1.962
"IXI_600",2.075
"IXI_600",1.723
"IXI_600",1.589
"IXI_600",1.475
"IXI_600",1.726
"IXI_600",1.633
"IXI_600",1.839
"IXI_600",1.705
"IXI_600",1.861
"IXI_600",1.815
"IXI_600",1.535
"IXI_600",1.686
"IXI_600",1.892
"IXI_600",1.712
"IXI_600",1.634
"IXI_600",1.742
"IXI_600",1.675
"IXI_600",1.808
"IXI_600",1.716
"IXI_600",1.934
"IXI_600",1.825
"IXI_600",1.826
"IXI_600",1.846
"IXI_600",1.875
"IXI_600",1.568
"IXI_600",1.572
"IXI_600",1.641
"IXI_600",1.553
"IXI_600",1.598
"IXI_600",1.738
"IXI_600",1.917
"IXI_600",1.839
"IXI_600",1.694
"IXI_600",1.662
"IXI_600",1.901
"IXI_600",2.02
"IXI_600",1.75
"IXI_600",1.59
"IXI_600",1.721
"IXI_600",1.751
"IXI_600",1.578
"IXI_600",1.92
"IXI_600",1.554
"IXI_600",1.835
"IXI_600",1.942
"IXI_600",1.548
"IXI_600",1.55
"IXI_600",1.805
"IXI_600",2.183
"IXI_600",1.877
"IXI_600",1.508
"IXI_600",1.468
"IXI_600",1.719
"IXI_600",1.693
"IXI_600",1.795
"IXI_600",1.776
"IXI_600",1.824
"IXI_600",1.825
"IXI_600",1.5
"IXI_600",1.726
"IXI_600",1.679
"IXI_600",1.628
"IXI_600",1.605
"IXI_600",1.512
"IXI_600",1.567
"IXI_600",1.497
"IXI_600",1.523
"IXI_600",1.522
"IXI_600",1.841
"IXI_600",1.538
"IXI_600",1.567
"IXI_600",1.633
"IXI_600",1.854
"IXI_600",1.548
"IXI_600",1.834
"IXI_600",1.646
"IXI_600",1.636
"IXI_600",1.798
"IXI_600",1.644
"IXI_600",1.761
"IXI_600",1.795
"IXI_600",1.625
"IXI_600",1.717
"IXI_600",1.851
"IXI_600",1.885
"IXI_600",1.934
"IXI_600",1.924
"IXI_600",1.496
"IXI_600",2.056
"IXI_600",1.988
"IXI_600",1.777
"IXI_600",1.686
"IXI_600",1.862
"IXI_600",1.631
"IXI_600",1.8
"IXI_600",1.89
"IXI_600",1.608
"IXI_600",1.659
"IXI_600",1.707
"IXI_600",2.042
"IXI_600",1.906
"IXI_600",1.736
"IXI_600",1.679
"IXI_600",1.721
"IXI_600",1.817
"IXI_600",1.925
"IXI_600",1.818
"IXI_600",1.723
"IXI_600",1.645
"IXI_600",1.576
"IXI_600",1.491
"IXI_600",1.807
"IXI_600",1.802
"IXI_600",1.72
"IXI_600",1.542
"IXI_600",1.62
"IXI_600",1.859
"IXI_600",1.785
"IXI_600",1.654
"IXI_600",1.733
"IXI_600",1.959
"IXI_600",1.707
"IXI_600",1.788
"IXI_600",1.575
"IXI_600",1.659
"IXI_600",1.723
"IXI_600",1.514
"IXI_600",1.924
"IXI_600",1.655
"IXI_600",1.711
"IXI_600",1.692
"IXI_600",1.877
"IXI_600",1.61
"IXI_600",1.552
"IXI_600",1.727
"IXI_600",1.807
"IXI_600",1.764
"IXI_600",1.706
"IXI_600",1.757
"IXI_600",1.79
"IXI_600",1.901
"IXI_600",1.737
"IXI_600",1.594
"IXI_600",1.528
"IXI_600",1.648
"IXI_600",2.162
"IXI_600",1.82
"IXI_600",1.741
"IXI_600",1.497
"IXI_600",1.643
"IXI_600",1.681
"IXI_600",2.093
"IXI_600",1.817
"IXI_600",1.814
"IXI_600",1.783
"IXI_600",1.851
"IXI_600",1.74
"IXI_600",1.617
"IXI_600",1.539
"IXI_600",1.561
"IXI_600",1.643
"IXI_600",1.754
"IXI_600",1.819
"IXI_600",1.584
"IXI_600",2.041
"IXI_600",1.794
"IXI_600",1.84
"IXI_600",1.618
"IXI_600",1.746
"IXI_600",1.904
"IXI_600",1.857
"IXI_600",1.517
"IXI_600",1.725
"IXI_600",1.907
"IXI_600",1.741
"IXI_600",1.611
"IXI_600",1.598
"IXI_600",1.621
"IXI_600",1.552
"IXI_600",1.637
"IXI_600",1.662
"IXI_600",1.734
"IXI_600",1.699
"IXI_600",1.542
"IXI_600",1.876
"IXI_600",1.524
"IXI_600",1.563
"IXI_600",1.554
"IXI_600",1.577
"IXI_600",1.693
"IXI_600",1.662
"IXI_600",2.005
"IXI_600",1.822
"IXI_600",1.695
"IXI_600",1.816
"IXI_600",1.746
"IXI_600",1.701
"IXI_600",1.689
"IXI_600",1.763
"IXI_600",1.891
"IXI_600",1.755
"IXI_600",1.764
"IXI_600",1.62
"IXI_600",1.584
"IXI_600",1.86
"IXI_600",1.57
"IXI_600",1.633
"IXI_600",1.694
"IXI_600",1.68
"IXI_600",1.603
"IXI_600",1.9
"IXI_600",1.727
"IXI_600",1.709
"IXI_600",1.587
"IXI_600",1.639
"IXI_600",1.982
"IXI_600",1.671
"IXI_600",1.738
"IXI_600",1.528
"IXI_600",1.946
"IXI_600",1.631
"IXI_600",1.644
"IXI_600",1.71
"IXI_600",1.822
"IXI_600",1.698
"IXI_600",1.716
"IXI_600",1.647
"IXI_600",1.444
"IXI_600",1.545
"IXI_600",1.397
"IXI_600",1.581
"IXI_600",1.855
"IXI_600",1.674
"IXI_600",1.943
"IXI_600",1.709
"MGH",2.275
"MGH",2.095
"MGH",2.127
"MGH",2.2
"MGH",2.298
"MGH",2.092
"MGH",2.239
"MGH",1.97
"MGH",2.011
"MGH",2.018
"MGH",2.3
"MGH",2.206
"MGH",2.023
"MGH",1.867
"MGH",2.184
"MGH",1.973
"MGH",1.978
"MGH",2.184
"MGH",1.986
"MGH",2.172
"MGH",2.246
"MGH",2.031
"MGH",2.012
"MGH",2.191
"MGH",2.221
"MGH",2.315
"MGH",2.272
"MGH",2.115
"MGH",2.285
"MGH",2.129
"MGH",2.177
"MGH",2.035
"MGH",2.18
"MGH",1.718
"MGH",2.218
"MGH",2.135
"MGH",2.18
"MGH",2.264
"MGH",1.717
"MGH",2.203
"MGH",2.134
"MGH",2.097
"MGH",2.193
"MGH",1.86
"MGH",2.109
"MGH",2.293
"MGH",1.547
"MGH",2.207
"MGH",2.1
"MGH",2.163
"MGH",2.102
"MGH",1.634
"MGH",2.255
"MGH",2.243
"MGH",1.781
"MGH",1.954
"MGH",2.209
"MGH",2.221
"MGH",2.169
"MGH",2.171
"NIH_PD",1.973
"NIH_PD",1.821
"NIH_PD",2.16
"NIH_PD",2.078
"NIH_PD",2.301
"NIH_PD",2.159
"NIH_PD",2.078
"NIH_PD",2.014
"NIH_PD",2.039
"NIH_PD",1.918
"NIH_PD",2.28
"NIH_PD",2.151
"NIH_PD",2.065
"NIH_PD",1.899
"NIH_PD",1.897
"NIH_PD",2.129
"NIH_PD",1.878
"NIH_PD",1.752
"NIH_PD",1.706
"NIH_PD",2.028
"NIH_PD",1.921
"NIH_PD",1.848
"NIH_PD",1.999
"NIH_PD",1.834
"NIH_PD",2.275
"NIH_PD",2.016
"NIH_PD",2.104
"NIH_PD",1.888
"NIH_PD",1.853
"NIH_PD",1.783
"NIH_PD",1.82
"NIH_PD",2.12
"NIH_PD",1.924
"NIH_PD",2.035
"NIH_PD",1.877
"NIH_PD",2.198
"NIH_PD",2.109
"NIH_PD",1.974
"NIH_PD",2.225
"NIH_PD",1.901
"NIH_PD",2.011
"NIH_PD",1.876
"NIH_PD",1.915
"NIH_PD",2.103
"NIH_PD",1.957
"NIH_PD",1.976
"NIH_PD",2.161
"NIH_PD",2.046
"NIH_PD",1.91
"NIH_PD",1.873
"NIH_PD",1.84
"NIH_PD",1.734
"NIH_PD",1.767
"NIH_PD",1.802
"NIH_PD",1.737
"NIH_PD",1.882
"NIH_PD",1.871
"NIH_PD",1.967
"NIH_PD",2.219
"NIH_PD",2.225
"NIH_PD",2.006
"NIH_PD",1.863
"NIH_PD",1.937
"NIH_PD",1.978
"NIH_PD",1.773
"NIH_PD",1.676
"NIH_PD",1.659
"NIH_PD",1.964
"NIH_PD",1.976
"NIH_PD",2.129
"NIH_PD",2.169
"NIH_PD",2.095
"NIH_PD",1.95
"NIH_PD",1.923
"NIH_PD",1.763
"NIH_PD",1.974
"NIH_PD",1.889
"NIH_PD",2.035
"NIH_PD",2.153
"NIH_PD",2.058
"NIH_PD",1.743
"NIH_PD",1.647
"NIH_PD",1.865
"NIH_PD",2.101
"NIH_PD",1.996
"NIH_PD",1.956
"NIH_PD",1.908
"NIH_PD",1.783
"NIH_PD",1.849
"NIH_PD",1.777
"NIH_PD",1.795
"NIH_PD",1.719
"NIH_PD",2.147
"NIH_PD",1.863
"NIH_PD",1.87
"NIH_PD",1.939
"NIH_PD",1.855
"NIH_PD",1.889
"NIH_PD",1.873
"NIH_PD",1.835
"NIH_PD",2.072
"NIH_PD",1.929
"NIH_PD",1.8
"NIH_PD",2.087
"NIH_PD",1.695
"NIH_PD",1.69
"NIH_PD",1.632
"NIH_PD",1.921
"NIH_PD",1.928
"NIH_PD",1.913
"NIH_PD",2.083
"NIH_PD",2.062
"NIH_PD",1.927
"NIH_PD",1.925
"NIH_PD",1.789
"NIH_PD",1.699
"NIH_PD",1.917
"NIH_PD",1.731
"NIH_PD",1.871
"NIH_PD",1.864
"NIH_PD",1.745
"NIH_PD",1.68
"NIH_PD",1.721
"NIH_PD",2.03
"NIH_PD",1.945
"NIH_PD",1.713
"NIH_PD",1.686
"NIH_PD",2.26
"NIH_PD",2.215
"NIH_PD",2.046
"NIH_PD",1.953
"NIH_PD",1.986
"NIH_PD",1.94
"NIH_PD",1.86
"NIH_PD",1.706
"NIH_PD",1.707
"NIH_PD",2.002
"NIH_PD",1.898
"NIH_PD",2.017
"NIH_PD",2.181
"NIH_PD",1.775
"NIH_PD",2.11
"NIH_PD",2.066
"NIH_PD",2.272
"NIH_PD",2.183
"NIH_PD",2.207
"NIH_PD",1.896
"NIH_PD",1.745
"NIH_PD",2.298
"NIH_PD",2.058
"NIH_PD",1.976
"NIH_PD",2.168
"NIH_PD",2.104
"NIH_PD",2.115
"NIH_PD",1.804
"NIH_PD",1.787
"NIH_PD",1.925
"NIH_PD",2.19
"NIH_PD",2.017
"NIH_PD",2.075
"NIH_PD",1.925
"NIH_PD",1.944
"NIH_PD",1.916
"NIH_PD",2.009
"NIH_PD",2.056
"NIH_PD",1.794
"NIH_PD",1.969
"NIH_PD",2.004
"NIH_PD",2.245
"NIH_PD",2.122
"NIH_PD",1.862
"NIH_PD",1.956
"NIH_PD",2.077
"NIH_PD",2.146
"NIH_PD",2.027
"NIH_PD",2.067
"NIH_PD",1.983
"NIH_PD",2.12
"NIH_PD",2.142
"NIH_PD",1.844
"NIH_PD",1.795
"NIH_PD",1.82
"NIH_PD",2.224
"NIH_PD",2.119
"NIH_PD",2.103
"NIH_PD",2.188
"NIH_PD",2.023
"NIH_PD",2.25
"NIH_PD",2.162
"NIH_PD",2.044
"NIH_PD",1.939
"NIH_PD",1.947
"NIH_PD",1.979
"NIH_PD",2.033
"NIH_PD",1.994
"NIH_PD",2.011
"NIH_PD",1.863
"NIH_PD",1.856
"NIH_PD",1.959
"NIH_PD",1.682
"NIH_PD",1.768
"NIH_PD",1.73
"NIH_PD",2.039
"NIH_PD",1.999
"NIH_PD",1.824
"NIH_PD",2.305
"NIH_PD",1.826
"NIH_PD",1.794
"NIH_PD",2.146
"NIH_PD",2.057
"NIH_PD",2.125
"NIH_PD",2.133
"NIH_PD",2.032
"NIH_PD",1.867
"NIH_PD",1.959
"NIH_PD",1.963
"NIH_PD",2.141
"NIH_PD",1.901
"NIH_PD",1.758
"NIH_PD",1.79
"NIH_PD",1.852
"NIH_PD",2.034
"NIH_PD",2.134
"NIH_PD",1.985
"NIH_PD",2.013
"NIH_PD",2.242
"NIH_PD",2.151
"NIH_PD",2.061
"NIH_PD",2.255
"NIH_PD",2.25
"NIH_PD",2.002
"NIH_PD",2.153
"NIH_PD",2.17
"NIH_PD",2.121
"NIH_PD",1.879
"NIH_PD",2.127
"NIH_PD",2.133
"NIH_PD",2.048
"NIH_PD",1.852
"NIH_PD",2.304
"NIH_PD",2.109
"NIH_PD",1.956
"NIH_PD",2.068
"NIH_PD",1.988
"NIH_PD",1.869
"NIH_PD",1.808
"NIH_PD",1.787
"NIH_PD",2.014
"NIH_PD",1.864
"NIH_PD",1.919
"NIH_PD",2.265
"NIH_PD",1.881
"NIH_PD",2.067
"NIH_PD",1.727
"NIH_PD",1.757
"NIH_PD",1.91
"NIH_PD",1.998
"NIH_PD",2.192
"NIH_PD",2.031
"NIH_PD",2.116
"NIH_PD",1.972
"NIH_PD",1.793
"NIH_PD",2.083
"NIH_PD",2.053
"NIH_PD",1.919
"NIH_PD",1.998
"NIH_PD",2.108
"NIH_PD",1.972
"NIH_PD",1.737
"NIH_PD",1.906
"NIH_PD",2.152
"NIH_PD",2.032
"NIH_PD",1.814
"NIH_PD",1.934
"NIH_PD",1.979
"NIH_PD",1.966
"NIH_PD",1.934
"NIH_PD",1.865
"NIH_PD",1.82
"NIH_PD",1.738
"NIH_PD",1.635
"NIH_PD",1.911
"NIH_PD",1.785
"NIH_PD",1.848
"NIH_PD",1.806
"NIH_PD",2.136
"NIH_PD",2.13
"NIH_PD",2.022
"NIH_PD",1.773
"NIH_PD",1.722
"NIH_PD",2.19
"NIH_PD",1.97
"NIH_PD",1.669
"NIH_PD",1.78
"NIH_PD",2.055
"NIH_PD",1.809
"NIH_PD",2.179
"NIH_PD",2.29
"NIH_PD",2.141
"NIH_PD",1.999
"NIH_PD",1.877
"NIH_PD",1.959
"NIH_PD",1.914
"NIH_PD",2.256
"NIH_PD",1.839
"NIH_PD",1.831
"NIH_PD",1.873
"NIH_PD",2.146
"NIH_PD",2.257
"NIH_PD",2.215
"NIH_PD",1.857
"NIH_PD",1.887
"NIH_PD",1.833
"NIH_PD",1.898
"NIH_PD",1.962
"NIH_PD",1.91
"NIH_PD",1.954
"NIH_PD",1.968
"NIH_PD",1.742
"NIH_PD",1.726
"NIH_PD",1.951
"NIH_PD",1.964
"NIH_PD",1.876
"NIH_PD",1.892
"NIH_PD",2.006
"NIH_PD",1.891
"NIH_PD",2.153
"NIH_PD",1.885
"NIH_PD",1.962
"NIH_PD",1.83
"NIH_PD",1.858
"NIH_PD",1.854
"NIH_PD",2.115
"NIH_PD",1.693
"NIH_PD",2.014
"NIH_PD",1.83
"NIH_PD",1.912
"NIH_PD",1.902
"NIH_PD",1.608
"NIH_PD",1.846
"NIH_PD",1.867
"NIH_PD",1.721
"NIH_PD",1.77
"NIH_PD",1.679
"NIH_PD",1.943
"NIH_PD",1.799
"NIH_PD",2.005
"NIH_PD",1.941
"NIH_PD",1.818
"NIH_PD",2.236
"NIH_PD",2.312
"NIH_PD",2.068
"NIH_PD",2.249
"NIH_PD",2.096
"NIH_PD",2.162
"NIH_PD",1.982
"NIH_PD",1.64
"NIH_PD",1.626
"NIH_PD",1.472
"NIH_PD",1.944
"NIH_PD",1.839
"NIH_PD",1.88
"NIH_PD",2.256
"NIH_PD",2.223
"NIH_PD",2.286
"NIH_PD",1.987
"NIH_PD",1.906
"NIH_PD",1.73
"NIH_PD",1.864
"NIH_PD",1.825
"NIH_PD",1.883
"NIH_PD",1.851
"NIH_PD",1.721
"NIH_PD",1.972
"NIH_PD",1.883
"NIH_PD",1.858
"NIH_PD",1.644
"NIH_PD",1.702
"NIH_PD",1.673
"NIH_PD",1.676
"NIH_PD",1.866
"NIH_PD",1.692
"NIH_PD",1.706
"NIH_PD",1.609
"NIH_PD",2.163
"NIH_PD",2.102
"NIH_PD",2.12
"NIH_PD",1.951
"NIH_PD",1.81
"NIH_PD",1.871
"NIH_PD",2.241
"NIH_PD",2.015
"NIH_PD",2.043
"NIH_PD",1.832
"NIH_PD",2.084
"NIH_PD",1.98
"NIH_PD",1.8
"NIH_PD",1.84
"NIH_PD",1.761
"NIH_PD",1.839
"NIH_PD",1.823
"NIH_PD",1.719
"NIH_PD",1.662
"NIH_PD",2.246
"NIH_PD",2.153
"NIH_PD",1.987
"NIH_PD",1.99
"NIH_PD",2.165
"NIH_PD",2.064
"NIH_PD",1.853
"NIH_PD",1.813
"NIH_PD",2.154
"NIH_PD",1.934
"NIH_PD",1.969
"NIH_PD",1.867
"NIH_PD",2.124
"NIH_PD",1.972
"NIH_PD",2.04
"NIH_PD",1.959
"NIH_PD",2.004
"NIH_PD",1.968
"NIH_PD",1.615
"NIH_PD",1.547
"NIH_PD",1.844
"NIH_PD",1.882
"NIH_PD",1.819
"NIH_PD",1.633
"NIH_PD",1.875
"NIH_PD",1.86
"NIH_PD",1.729
"NIH_PD",1.979
"NIH_PD",1.96
"NIH_PD",2.106
"NIH_PD",1.91
"NIH_PD",1.841
"NIH_PD",1.792
"NIH_PD",2.106
"NIH_PD",2.04
"NIH_PD",1.642
"NIH_PD",1.706
"NIH_PD",2.083
"NIH_PD",1.89
"NIH_PD",1.791
"NIH_PD",2.02
"NIH_PD",1.896
"NIH_PD",1.891
"NIH_PD",1.863
"NIH_PD",1.795
"NIH_PD",2.246
"NIH_PD",1.945
"NIH_PD",1.858
"NIH_PD",2.28
"NIH_PD",1.941
"NIH_PD",2.035
"NIH_PD",1.934
"NIH_PD",1.94
"NIH_PD",1.81
"NIH_PD",1.703
"NIH_PD",1.997
"NIH_PD",1.933
"NIH_PD",1.867
"NIH_PD",2.11
"NIH_PD",2.006
"NIH_PD",2.178
"NIH_PD",2.048
"NIH_PD",2.252
"NIH_PD",1.945
"NIH_PD",2.191
"NIH_PD",1.95
"NIH_PD",2.006
"NIH_PD",1.959
"NIH_PD",2.141
"NIH_PD",1.807
"NIH_PD",1.974
"NIH_PD",1.864
"NIH_PD",2.02
"NIH_PD",1.898
"NIH_PD",2.032
"NIH_PD",1.965
"NIH_PD",2.054
"NIH_PD",2.05
"NIH_PD",1.999
"NIH_PD",1.771
"NIH_PD",1.945
"NIH_PD",2.146
"NIH_PD",2.004
"NIH_PD",1.803
"NIH_PD",2.225
"NIH_PD",2.08
"NIH_PD",1.943
"NIH_PD",2.109
"NIH_PD",1.881
"NIH_PD",1.685
"NIH_PD",2.137
"NIH_PD",1.976
"NIH_PD",1.642
"NIH_PD",1.868
"NIH_PD",1.89
"NIH_PD",1.921
"NIH_PD",1.802
"NIH_PD",1.972
"NIH_PD",1.939
"NIH_PD",2.035
"NIH_PD",1.854
"NIH_PD",1.868
"NIH_PD",1.921
"NIH_PD",2.286
"NIH_PD",2.12
"NIH_PD",1.938
"NIH_PD",2.108
"NIH_PD",2.158
"NIH_PD",2.095
"NIH_PD",2.034
"NIH_PD",2.107
"NIH_PD",1.954
"NIH_PD",1.785
"NIH_PD",1.679
"NIH_PD",2.036
"NIH_PD",1.805
"NIH_PD",1.964
"NIH_PD",1.904
"NIH_PD",1.801
"NIH_PD",1.723
"NIH_PD",2.075
"NIH_PD",1.971
"NIH_PD",1.864
"NIH_PD",1.909
"NIH_PD",1.786
"NIH_PD",2.106
"NIH_PD",2.129
"NIH_PD",1.694
"NIH_PD",2.104
"NIH_PD",1.804
"NIH_PD",1.794
"NIH_PD",1.956
"NIH_PD",2.222
"NIH_PD",2.296
"NIH_PD",2.293
"NIH_PD",2.21
"NIH_PD",1.908
"NIH_PD",1.794
"NIH_PD",2.063
"NIH_PD",1.852
"NIH_PD",1.774
"NIH_PD",1.797
"NIH_PD",2.179
"NIH_PD",1.977
"NIH_PD",1.935
"NIH_PD",1.899
"NIH_PD",2.078
"NIH_PD",1.96
"NIH_PD",1.79
"NIH_PD",1.992
"NIH_PD",1.466
"NIH_PD",1.839
"NIH_PD",2.314
"NIH_PD",1.926
"NIH_PD",1.848
"NIH_PD",2.265
"NIH_PD",1.788
"NIH_PD",1.915
"NIH_PD",1.935
"NIH_PD",2.09
"NIH_PD",2.078
"NIH_PD",1.996
"NIH_PD",1.873
"NIH_PD",2.257
"NIH_PD",2.069
"NIH_PD",1.953
"NIH_PD",1.878
"NIH_PD",1.889
"NIH_PD",2.05
"NIH_PD",1.975
"NIH_PD",1.702
"NIH_PD",1.671
"NIH_PD",1.889
"NIH_PD",1.738
"NIH_PD",2.044
"NIH_PD",2.088
"NIH_PD",1.798
"NIH_PD",1.583
"NIH_PD",1.809
"NIH_PD",1.855
"NIH_PD",2.042
"NIH_PD",1.995
"NIH_PD",1.866
"NIH_PD",2.271
"NIH_PD",2.019
"NIH_PD",1.86
"NIH_PD",1.726
"NIH_PD",1.578
"NIH_PD",1.905
"NIH_PD",1.995
"NIH_PD",1.932
"NIH_PD",1.773
"NIH_PD",1.707
"NIH_PD",1.802
"NIH_PD",2.256
"NIH_PD",2.219
"NIH_PD",2.12
"NIH_PD",1.867
"NIH_PD",1.848
"NIH_PD",1.753
"NIH_PD",2.25
"NIH_PD",2.149
"NIH_PD",2.128
"NIH_PD",2.087
"NIH_PD",1.891
"NIH_PD",1.982
"NIH_PD",2.102
"NIH_PD",1.948
"NIH_PD",1.806
"NIH_PD",2.063
"NIH_PD",1.857
"NIH_PD",2.215
"NIH_PD",2.038
"NIH_PD",2.084
"NIH_PD",1.981
"NIH_PD",2.005
"NIH_PD",2.02
"NIH_PD",1.779
"NIH_PD",1.837
"NIH_PD",1.96
"NIH_PD",1.866
"NIH_PD",1.805
"NIH_PD",1.826
"NIH_PD",1.804
"NIH_PD",1.852
"NIH_PD",1.843
"NIH_PD",1.729
"NIH_PD",1.86
"NIH_PD",1.967
"NIH_PD",1.732
"NIH_PD",1.95
"NIH_PD",1.771
"NIH_PD",1.766
"NIH_PD",1.937
"NIH_PD",1.902
"NIH_PD",1.852
"NIH_PD",2.096
"NIH_PD",1.951
"NIH_PD",1.707
"NIH_PD",1.993
"NIH_PD",1.837
"NIH_PD",1.8
"NIH_PD",2.242
"NIH_PD",1.845
"NIH_PD",2.079
"NIH_PD",2.152
"NIH_PD",2.049
"NIH_PD",1.755
"NIH_PD",2.158
"NIH_PD",2.177
"NIH_PD",2.054
"NIH_PD",2.113
"NIH_PD",1.734
"NIH_PD",1.812
"NIH_PD",1.979
"NIH_PD",1.746
"NIH_PD",1.686
"NIH_PD",1.732
"NIH_PD",2.005
"NIH_PD",1.948
"NIH_PD",1.888
"NIH_PD",1.886
"NIH_PD",1.983
"NIH_PD",1.69
"NIH_PD",2.083
"NIH_PD",2.022
"NIH_PD",2.227
"NIH_PD",1.989
"NIH_PD",1.728
"NIH_PD",1.798
"NIH_PD",2.053
"NIH_PD",2.1
"NIH_PD",2.025
"NIH_PD",2.052
"NIH_PD",1.829
"NIH_PD",1.884
"NIH_PD",1.899
"NIH_PD",2.229
"NIH_PD",2.194
"NIH_PD",2.097
"NIH_PD",1.957
"NIH_PD",2.005
"NIH_PD",2.128
"NIH_PD",1.909
"NIH_PD",1.94
"NIH_PD",1.773
"NIH_PD",2.252
"NIH_PD",2.216
"NIH_PD",2.094
"NIH_PD",1.835
"NIH_PD",1.811
"NIH_PD",1.686
"NIH_PD",1.71
"NIH_PD",2.077
"NIH_PD",2.101
"NIH_PD",2.236
"NIH_PD",2.313
"NIH_PD",1.881
"NIH_PD",1.793
"NIH_PD",1.89
"NIH_PD",1.718
"NIH_PD",1.748
"NIH_PD",2.089
"NIH_PD",1.982
"NIH_PD",1.987
"NIH_PD",1.905
"NIH_PD",1.91
"NIH_PD",1.967
"NIH_PD",1.796
"NIH_PD",2.07
"NIH_PD",2.18
"NIH_PD",2.026
"NIH_PD",2.138
"NIH_PD",1.783
"NIH_PD",2.034
"NIH_PD",1.832
"NIH_PD",1.971
"NIH_PD",2.023
"NIH_PD",1.994
"NIH_PD",1.858
"NIH_PD",1.882
"NIH_PD",1.863
"NIH_PD",1.941
"NIH_PD",1.882
"NIH_PD",1.786
"NIH_PD",2.013
"NIH_PD",1.985
"NIH_PD",1.985
"NIH_PD",2.104
"NIH_PD",2.169
"NIH_PD",1.978
"NIH_PD",2.112
"NIH_PD",2.227
"NIH_PD",2.04
"NIH_PD",1.821
"NIH_PD",1.896
"NIH_PD",1.866
"NIH_PD",2.137
"NIH_PD",1.89
"NIH_PD",1.811
"NIH_PD",1.998
"NIH_PD",1.819
"NIH_PD",1.758
"NIH_PD",2.053
"NIH_PD",2.034
"NIH_PD",1.99
"NIH_PD",1.835
"NIH_PD",1.867
"NIH_PD",1.887
"NIH_PD",2.013
"NIH_PD",2.071
"NIH_PD",2.248
"NIH_PD",1.841
"NIH_PD",1.866
"NIH_PD",1.733
"NIH_PD",2.008
"NIH_PD",2.08
"NIH_PD",2.037
"NIH_PD",2.137
"NIH_PD",1.8
"NIH_PD",1.745
"NIH_PD",1.808
"NIH_PD",2.219
"NIH_PD",1.899
"NIH_PD",2.296
"NIH_PD",2.302
"NIH_PD",1.88
"NIH_PD",1.855
"NIH_PD",1.871
"NIH_PD",2.008
"NIH_PD",1.914
"NIH_PD",1.926
"NIH_PD",1.76
"NIH_PD",1.78
"NIH_PD",1.715
"NIH_PD",2.056
"NIH_PD",1.969
"NIH_PD",2.164
"NIH_PD",1.91
"NIH_PD",1.821
"NIH_PD",1.909
"NIH_PD",1.687
"NIH_PD",1.743
"NIH_PD",1.861
"NIH_PD",1.615
"NIH_PD",2.008
"NIH_PD",1.941
"NIH_PD",1.546
"NIH_PD",2.03
"NIH_PD",2.001
"NIH_PD",1.822
"NIH_PD",2.084
"NIH_PD",1.876
"NIH_PD",1.6
"NIH_PD",1.639
"NIH_PD",2.145
"NIH_PD",2.192
"NIH_PD",1.785
"NIH_PD",1.875
"NIH_PD",1.919
"NIH_PD",1.847
"NIH_PD",1.815
"NIH_PD",1.769
"NIH_PD",2.25
"NIH_PD",2.082
"NIH_PD",2.274
"NIH_PD",1.914
"NIH_PD",1.931
"NIH_PD",1.855
"NIH_PD",2.11
"NIH_PD",2.04
"NIH_PD",2.22
"NIH_PD",1.747
"NIH_PD",1.691
"NIH_PD",1.652
"NIH_PD",1.783
"NIH_PD",1.818
"NIH_PD",1.881
"NIH_PD",1.805
"NIH_PD",1.776
"NIH_PD",1.693
"NIH_PD",2.093
"NIH_PD",1.892
"NIH_PD",1.87
"NIH_PD",1.944
"NIH_PD",1.887
"NIH_PD",1.994
"NIH_PD",1.778
"NIH_PD",1.717
"NIH_PD",1.871
"NIH_PD",1.966
"NIH_PD",1.824
"NIH_PD",1.6
"NIH_PD",1.664
"NIH_PD",1.823
"NIH_PD",1.741
"NIH_PD",2.144
"NIH_PD",1.808
"NIH_PD",1.973
"NIH_PD",2.233
"NIH_PD",2.071
"NIH_PD",2.212
"NIH_PD",2.159
"NIH_PD",2.313
"NIH_PD",2.286
"NIH_PD",1.791
"NIH_PD",2.171
"NIH_PD",2.297
"NIH_PD",2.207
"NIH_PD",1.708
"NIH_PD",2.217
"NIH_PD",2.195
"NIH_PD",1.533
"NIH_PD",1.943
"NIH_PD",2.239
"NIH_PD",1.514
"NIH_PD",2.039
"NIH_PD",2.184
"NIH_PD",2.178
"NIH_PD",2.053
"NIH_PD",2.243
"NIH_PD",2.281
"NIH_PD",1.793
"NIH_PD",1.519
"NIH_PD",2.185
"NIH_PD",2.09
"NIH_PD",2.295
"NIH_PD",2.287
"NIH_PD",2.192
"NIH_PD",2.192
"NIH_PD",1.993
"NIH_PD",2.137
"NIH_PD",2.18
"NIH_PD",2.29
"NIH_PD",1.89
"NIH_PD",1.708
"OASIS_3",1.815
"OASIS_3",1.916
"OASIS_3",1.886
"OASIS_3",1.998
"OASIS_3",1.672
"OASIS_3",1.974
"OASIS_3",1.884
"OASIS_3",1.922
"OASIS_3",1.864
"OASIS_3",1.834
"OASIS_3",1.837
"OASIS_3",1.886
"OASIS_3",1.866
"OASIS_3",1.76
"OASIS_3",1.929
"OASIS_3",1.803
"OASIS_3",1.797
"OASIS_3",1.775
"OASIS_3",1.753
"OASIS_3",1.658
"OASIS_3",1.711
"OASIS_3",1.654
"OASIS_3",1.574
"OASIS_3",1.73
"OASIS_3",1.608
"OASIS_3",1.674
"OASIS_3",1.669
"OASIS_3",1.666
"OASIS_3",1.745
"OASIS_3",1.697
"OASIS_3",1.688
"OASIS_3",1.987
"OASIS_3",1.904
"OASIS_3",1.914
"OASIS_3",1.771
"OASIS_3",1.745
"OASIS_3",1.684
"OASIS_3",1.809
"OASIS_3",1.747
"OASIS_3",1.825
"OASIS_3",1.815
"OASIS_3",1.737
"OASIS_3",1.708
"OASIS_3",1.713
"OASIS_3",1.771
"OASIS_3",1.826
"OASIS_3",1.671
"OASIS_3",1.678
"OASIS_3",1.659
"OASIS_3",1.812
"OASIS_3",1.794
"OASIS_3",1.85
"OASIS_3",1.861
"OASIS_3",1.865
"OASIS_3",1.872
"OASIS_3",1.776
"OASIS_3",2.036
"OASIS_3",1.833
"OASIS_3",1.741
"OASIS_3",1.848
"OASIS_3",1.889
"OASIS_3",1.845
"OASIS_3",1.716
"OASIS_3",1.863
"OASIS_3",1.851
"OASIS_3",1.953
"OASIS_3",1.914
"OASIS_3",1.843
"OASIS_3",1.863
"OASIS_3",1.857
"OASIS_3",1.883
"OASIS_3",1.888
"OASIS_3",1.687
"OASIS_3",1.73
"OASIS_3",1.896
"OASIS_3",1.874
"OASIS_3",1.895
"OASIS_3",1.913
"OASIS_3",1.863
"OASIS_3",2.001
"OASIS_3",2.008
"OASIS_3",1.54
"OASIS_3",1.858
"OASIS_3",1.923
"OASIS_3",1.889
"OASIS_3",1.862
"OASIS_3",1.607
"OASIS_3",1.727
"OASIS_3",1.686
"OASIS_3",1.622
"OASIS_3",1.625
"OASIS_3",1.576
"OASIS_3",1.828
"OASIS_3",1.699
"OASIS_3",1.848
"OASIS_3",1.85
"OASIS_3",1.879
"OASIS_3",1.736
"OASIS_3",1.691
"OASIS_3",1.7
"OASIS_3",1.715
"OASIS_3",1.611
"OASIS_3",1.734
"OASIS_3",1.655
"OASIS_3",1.733
"OASIS_3",1.717
"OASIS_3",1.79
"OASIS_3",1.619
"OASIS_3",1.65
"OASIS_3",1.718
"OASIS_3",1.707
"OASIS_3",1.669
"OASIS_3",1.612
"OASIS_3",1.925
"OASIS_3",2.114
"OASIS_3",2.157
"OASIS_3",1.652
"OASIS_3",1.663
"OASIS_3",1.717
"OASIS_3",1.802
"OASIS_3",1.755
"OASIS_3",1.974
"OASIS_3",1.66
"OASIS_3",1.69
"OASIS_3",1.84
"OASIS_3",1.853
"OASIS_3",1.795
"OASIS_3",1.694
"OASIS_3",1.659
"OASIS_3",1.682
"OASIS_3",1.763
"OASIS_3",1.954
"OASIS_3",1.736
"OASIS_3",1.818
"OASIS_3",1.82
"OASIS_3",1.808
"OASIS_3",1.778
"OASIS_3",1.757
"OASIS_3",1.778
"OASIS_3",1.498
"OASIS_3",1.642
"OASIS_3",1.608
"OASIS_3",1.557
"OASIS_3",2.019
"OASIS_3",1.907
"OASIS_3",1.885
"OASIS_3",1.767
"OASIS_3",1.747
"OASIS_3",1.838
"OASIS_3",1.74
"OASIS_3",1.817
"OASIS_3",1.837
"OASIS_3",2.274
"OASIS_3",1.599
"OASIS_3",1.734
"OASIS_3",1.81
"OASIS_3",1.687
"OASIS_3",1.845
"OASIS_3",1.933
"OASIS_3",1.914
"OASIS_3",1.939
"OASIS_3",1.943
"OASIS_3",1.855
"OASIS_3",1.881
"OASIS_3",1.994
"OASIS_3",1.92
"OASIS_3",1.935
"OASIS_3",1.931
"OASIS_3",1.737
"OASIS_3",1.759
"OASIS_3",1.699
"OASIS_3",1.83
"OASIS_3",1.879
"OASIS_3",1.857
"OASIS_3",1.848
"OASIS_3",1.813
"OASIS_3",1.755
"OASIS_3",1.761
"OASIS_3",1.686
"OASIS_3",1.687
"OASIS_3",1.833
"OASIS_3",1.911
"OASIS_3",1.844
"OASIS_3",1.909
"OASIS_3",1.917
"OASIS_3",1.625
"OASIS_3",1.644
"OASIS_3",1.623
"OASIS_3",1.884
"OASIS_3",1.827
"OASIS_3",1.917
"OASIS_3",1.838
"OASIS_3",1.99
"OASIS_3",1.986
"OASIS_3",1.767
"OASIS_3",1.67
"OASIS_3",1.659
"OASIS_3",1.684
"OASIS_3",1.782
"OASIS_3",1.853
"OASIS_3",1.842
"OASIS_3",1.811
"OASIS_3",1.734
"OASIS_3",1.616
"OASIS_3",1.601
"OASIS_3",1.727
"OASIS_3",1.899
"OASIS_3",1.9
"OASIS_3",1.855
"OASIS_3",1.854
"OASIS_3",1.722
"OASIS_3",1.923
"OASIS_3",1.934
"OASIS_3",1.835
"OASIS_3",1.628
"OASIS_3",1.639
"OASIS_3",1.75
"OASIS_3",1.715
"OASIS_3",1.719
"OASIS_3",1.675
"OASIS_3",1.79
"OASIS_3",1.787
"OASIS_3",1.985
"OASIS_3",1.903
"OASIS_3",1.929
"OASIS_3",1.667
"OASIS_3",1.843
"OASIS_3",1.897
"OASIS_3",1.876
"OASIS_3",1.917
"OASIS_3",1.843
"OASIS_3",1.747
"OASIS_3",1.852
"OASIS_3",1.793
"OASIS_3",1.841
"OASIS_3",1.851
"OASIS_3",1.764
"OASIS_3",1.7
"OASIS_3",1.58
"OASIS_3",1.901
"OASIS_3",1.648
"OASIS_3",1.736
"OASIS_3",1.756
"OASIS_3",1.918
"OASIS_3",1.909
"OASIS_3",2.094
"OASIS_3",1.875
"OASIS_3",1.86
"OASIS_3",1.899
"OASIS_3",1.829
"OASIS_3",1.534
"OASIS_3",1.571
"OASIS_3",1.745
"OASIS_3",1.716
"OASIS_3",1.844
"OASIS_3",1.88
"OASIS_3",2.126
"OASIS_3",1.672
"OASIS_3",1.717
"OASIS_3",1.669
"OASIS_3",1.73
"OASIS_3",1.674
"OASIS_3",1.668
"OASIS_3",1.704
"OASIS_3",1.567
"OASIS_3",1.644
"OASIS_3",1.816
"OASIS_3",1.936
"OASIS_3",1.939
"OASIS_3",1.994
"OASIS_3",1.738
"OASIS_3",1.711
"OASIS_3",1.723
"OASIS_3",1.828
"OASIS_3",1.886
"OASIS_3",1.918
"OASIS_3",1.918
"OASIS_3",1.532
"OASIS_3",1.603
"OASIS_3",1.501
"OASIS_3",1.88
"OASIS_3",1.935
"OASIS_3",2.004
"OASIS_3",2.032
"OASIS_3",1.995
"OASIS_3",1.915
"OASIS_3",1.941
"OASIS_3",1.81
"OASIS_3",1.838
"OASIS_3",1.803
"OASIS_3",1.746
"OASIS_3",1.668
"OASIS_3",1.756
"OASIS_3",1.893
"OASIS_3",1.873
"OASIS_3",1.816
"OASIS_3",1.888
"OASIS_3",1.852
"OASIS_3",1.817
"OASIS_3",1.783
"OASIS_3",1.724
"OASIS_3",1.83
"OASIS_3",1.911
"OASIS_3",1.81
"OASIS_3",1.831
"OASIS_3",1.711
"OASIS_3",1.713
"OASIS_3",1.746
"OASIS_3",1.676
"OASIS_3",1.693
"OASIS_3",1.78
"OASIS_3",1.895
"OASIS_3",1.923
"OASIS_3",1.927
"OASIS_3",1.786
"OASIS_3",1.77
"OASIS_3",1.822
"OASIS_3",1.815
"OASIS_3",1.85
"OASIS_3",1.916
"OASIS_3",1.913
"OASIS_3",1.942
"OASIS_3",1.942
"OASIS_3",1.769
"OASIS_3",1.695
"OASIS_3",1.829
"OASIS_3",1.854
"OASIS_3",1.894
"OASIS_3",1.828
"OASIS_3",1.804
"OASIS_3",2.031
"OASIS_3",2.061
"OASIS_3",1.733
"OASIS_3",2.014
"OASIS_3",1.788
"OASIS_3",1.663
"OASIS_3",1.795
"OASIS_3",2.231
"OASIS_3",2.192
"OASIS_3",1.693
"OASIS_3",1.791
"OASIS_3",1.743
"OASIS_3",1.522
"OASIS_3",1.75
"OASIS_3",1.676
"OASIS_3",1.696
"OASIS_3",1.873
"OASIS_3",1.908
"OASIS_3",1.889
"OASIS_3",1.829
"OASIS_3",1.759
"OASIS_3",1.813
"OASIS_3",1.764
"OASIS_3",1.764
"OASIS_3",1.792
"OASIS_3",1.848
"OASIS_3",1.775
"OASIS_3",1.708
"OASIS_3",1.836
"OASIS_3",2.116
"OASIS_3",2.062
"OASIS_3",1.643
"OASIS_3",1.692
"OASIS_3",1.834
"OASIS_3",1.968
"OASIS_3",2.014
"OASIS_3",1.865
"OASIS_3",1.865
"OASIS_3",1.609
"OASIS_3",1.874
"OASIS_3",1.933
"OASIS_3",1.974
"OASIS_3",1.862
"OASIS_3",1.892
"OASIS_3",1.938
"OASIS_3",1.956
"OASIS_3",1.416
"OASIS_3",1.699
"OASIS_3",1.669
"OASIS_3",1.708
"OASIS_3",1.647
"OASIS_3",1.663
"OASIS_3",1.562
"OASIS_3",1.893
"OASIS_3",1.792
"OASIS_3",1.599
"OASIS_3",2.3
"OASIS_3",1.744
"OASIS_3",2.002
"OASIS_3",1.714
"OASIS_3",1.778
"OASIS_3",1.786
"OASIS_3",1.724
"OASIS_3",1.853
"OASIS_3",1.786
"OASIS_3",1.787
"OASIS_3",1.766
"OASIS_3",1.618
"OASIS_3",1.615
"OASIS_3",1.621
"OASIS_3",2.053
"OASIS_3",1.626
"OASIS_3",1.593
"OASIS_3",1.678
"OASIS_3",1.785
"OASIS_3",1.864
"OASIS_3",1.815
"OASIS_3",1.795
"OASIS_3",1.572
"OASIS_3",1.529
"OASIS_3",1.583
"OASIS_3",1.522
"OASIS_3",1.545
"OASIS_3",1.73
"OASIS_3",1.782
"OASIS_3",1.787
"OASIS_3",1.915
"OASIS_3",1.968
"OASIS_3",1.967
"OASIS_3",1.624
"OASIS_3",1.603
"OASIS_3",1.774
"OASIS_3",2.008
"OASIS_3",1.7
"OASIS_3",2.179
"OASIS_3",1.957
"OASIS_3",1.886
"OASIS_3",1.778
"OASIS_3",1.815
"OASIS_3",1.773
"OASIS_3",1.77
"OASIS_3",1.67
"OASIS_3",1.749
"OASIS_3",1.878
"OASIS_3",1.879
"OASIS_3",1.813
"OASIS_3",1.809
"OASIS_3",1.785
"OASIS_3",1.817
"OASIS_3",1.702
"OASIS_3",1.688
"OASIS_3",1.757
"OASIS_3",1.847
"OASIS_3",1.878
"OASIS_3",1.933
"OASIS_3",1.948
"OASIS_3",1.675
"OASIS_3",2.005
"OASIS_3",2.013
"OASIS_3",1.954
"OASIS_3",1.829
"OASIS_3",1.8
"OASIS_3",1.768
"OASIS_3",1.845
"OASIS_3",1.911
"OASIS_3",1.857
"OASIS_3",1.853
"OASIS_3",1.859
"OASIS_3",1.917
"OASIS_3",1.879
"OASIS_3",1.79
"OASIS_3",1.898
"OASIS_3",1.869
"OASIS_3",1.904
"OASIS_3",1.9
"OASIS_3",1.916
"OASIS_3",2.156
"OASIS_3",1.717
"OASIS_3",1.504
"OASIS_3",1.518
"OASIS_3",1.552
"OASIS_3",1.666
"OASIS_3",1.683
"OASIS_3",1.676
"OASIS_3",1.751
"OASIS_3",2.045
"OASIS_3",1.832
"OASIS_3",1.704
"OASIS_3",1.994
"OASIS_3",2
"OASIS_3",2.062
"OASIS_3",1.818
"OASIS_3",1.595
"OASIS_3",1.688
"OASIS_3",1.674
"OASIS_3",1.864
"OASIS_3",1.798
"OASIS_3",1.767
"OASIS_3",1.698
"OASIS_3",1.731
"OASIS_3",1.804
"OASIS_3",1.783
"OASIS_3",1.732
"OASIS_3",1.757
"OASIS_3",1.754
"OASIS_3",1.831
"OASIS_3",1.768
"OASIS_3",1.841
"OASIS_3",1.787
"OASIS_3",2.038
"OASIS_3",2.108
"OASIS_3",2.001
"OASIS_3",2.029
"OASIS_3",1.774
"OASIS_3",1.759
"OASIS_3",1.892
"OASIS_3",1.816
"OASIS_3",1.605
"OASIS_3",1.759
"OASIS_3",1.601
"OASIS_3",1.56
"OASIS_3",1.981
"OASIS_3",1.908
"OASIS_3",1.749
"OASIS_3",1.753
"OASIS_3",1.751
"OASIS_3",1.748
"OASIS_3",1.658
"OASIS_3",1.627
"OASIS_3",1.708
"OASIS_3",1.731
"OASIS_3",1.739
"OASIS_3",1.752
"OASIS_3",1.807
"OASIS_3",1.726
"OASIS_3",1.833
"OASIS_3",1.695
"OASIS_3",1.696
"OASIS_3",1.696
"OASIS_3",1.757
"OASIS_3",1.897
"OASIS_3",1.766
"OASIS_3",1.791
"OASIS_3",1.756
"OASIS_3",1.711
"OASIS_3",1.75
"OASIS_3",1.551
"OASIS_3",1.671
"OASIS_3",1.759
"OASIS_3",1.804
"OASIS_3",1.867
"OASIS_3",1.891
"OASIS_3",1.908
"OASIS_3",1.837
"OASIS_3",1.947
"OASIS_3",2.135
"OASIS_3",1.992
"OASIS_3",1.779
"OASIS_3",1.872
"OASIS_3",1.891
"OASIS_3",1.964
"OASIS_3",1.662
"OASIS_3",1.988
"OASIS_3",1.938
"OASIS_3",1.913
"OASIS_3",1.836
"OASIS_3",1.875
"OASIS_3",1.843
"OASIS_3",1.69
"OASIS_3",1.639
"OASIS_3",1.972
"OASIS_3",1.934
"OASIS_3",1.912
"OASIS_3",1.894
"OASIS_3",1.782
"OASIS_3",2.038
"OASIS_3",2.134
"OASIS_3",2.05
"OASIS_3",2.106
"OASIS_3",2.059
"OASIS_3",1.877
"OASIS_3",1.695
"OASIS_3",1.673
"OASIS_3",1.713
"OASIS_3",1.606
"OASIS_3",1.742
"OASIS_3",1.618
"OASIS_3",1.646
"OASIS_3",1.67
"OASIS_3",1.778
"OASIS_3",1.798
"OASIS_3",1.875
"OASIS_3",1.837
"OASIS_3",1.799
"OASIS_3",1.843
"OASIS_3",1.755
"OASIS_3",1.919
"OASIS_3",2.029
"OASIS_3",1.749
"OASIS_3",1.772
"OASIS_3",1.788
"OASIS_3",1.795
"OASIS_3",1.809
"OASIS_3",1.787
"OASIS_3",1.667
"OASIS_3",1.644
"OASIS_3",1.571
"OASIS_3",1.631
"OASIS_3",1.545
"OASIS_3",1.583
"OASIS_3",1.633
"OASIS_3",1.66
"OASIS_3",1.534
"OASIS_3",1.708
"OASIS_3",1.844
"OASIS_3",1.876
"OASIS_3",1.929
"OASIS_3",1.82
"OASIS_3",1.71
"OASIS_3",1.623
"OASIS_3",1.758
"OASIS_3",1.875
"OASIS_3",1.648
"OASIS_3",1.606
"OASIS_3",1.651
"OASIS_3",1.628
"OASIS_3",1.537
"OASIS_3",1.79
"OASIS_3",1.808
"OASIS_3",1.752
"OASIS_3",1.718
"OASIS_3",1.696
"OASIS_3",1.694
"OASIS_3",1.742
"OASIS_3",1.661
"OASIS_3",1.876
"OASIS_3",1.814
"OASIS_3",1.759
"OASIS_3",1.714
"OASIS_3",1.886
"OASIS_3",2.006
"OASIS_3",2.165
"OASIS_3",1.749
"OASIS_3",1.726
"OASIS_3",1.697
"OASIS_3",2.019
"OASIS_3",2.002
"OASIS_3",2.091
"OASIS_3",2.104
"OASIS_3",2.115
"OASIS_3",2.01
"OASIS_3",1.615
"OASIS_3",1.718
"OASIS_3",1.664
"OASIS_3",1.655
"OASIS_3",1.774
"OASIS_3",1.888
"OASIS_3",1.959
"OASIS_3",2.007
"OASIS_3",1.917
"OASIS_3",1.692
"OASIS_3",1.896
"OASIS_3",1.77
"OASIS_3",1.73
"OASIS_3",1.685
"OASIS_3",2.022
"OASIS_3",1.676
"OASIS_3",1.732
"OASIS_3",1.755
"OASIS_3",1.943
"OASIS_3",1.981
"OASIS_3",1.914
"OASIS_3",1.696
"OASIS_3",1.578
"OASIS_3",1.612
"OASIS_3",1.586
"OASIS_3",1.913
"OASIS_3",1.799
"OASIS_3",1.765
"OASIS_3",1.737
"OASIS_3",1.601
"OASIS_3",1.646
"OASIS_3",1.691
"OASIS_3",1.746
"OASIS_3",1.718
"OASIS_3",1.589
"OASIS_3",1.603
"OASIS_3",1.959
"OASIS_3",1.944
"OASIS_3",1.797
"OASIS_3",1.874
"OASIS_3",1.98
"OASIS_3",1.945
"OASIS_3",2.004
"OASIS_3",1.983
"OASIS_3",2.033
"OASIS_3",2.036
"OASIS_3",2.023
"OASIS_3",1.901
"OASIS_3",1.614
"OASIS_3",1.641
"OASIS_3",1.691
"OASIS_3",1.656
"OASIS_3",1.824
"OASIS_3",1.791
"OASIS_3",1.599
"OASIS_3",1.648
"OASIS_3",1.585
"OASIS_3",1.572
"OASIS_3",1.945
"OASIS_3",1.922
"OASIS_3",1.796
"OASIS_3",1.804
"OASIS_3",2.069
"OASIS_3",1.824
"OASIS_3",1.677
"OASIS_3",1.811
"OASIS_3",1.805
"OASIS_3",2.004
"OASIS_3",1.624
"OASIS_3",1.582
"OASIS_3",1.68
"OASIS_3",1.579
"OASIS_3",1.787
"OASIS_3",1.905
"OASIS_3",1.851
"OASIS_3",1.884
"OASIS_3",1.906
"OASIS_3",1.792
"OASIS_3",1.781
"OASIS_3",1.944
"OASIS_3",1.869
"OASIS_3",1.921
"OASIS_3",1.823
"OASIS_3",1.678
"OASIS_3",1.697
"OASIS_3",1.832
"OASIS_3",1.726
"OASIS_3",1.761
"OASIS_3",1.785
"OASIS_3",1.72
"OASIS_3",1.773
"OASIS_3",1.744
"OASIS_3",1.889
"OASIS_3",1.93
"OASIS_3",1.942
"OASIS_3",1.915
"OASIS_3",1.572
"OASIS_3",1.668
"OASIS_3",1.856
"OASIS_3",2.122
"OASIS_3",1.85
"OASIS_3",1.851
"OASIS_3",1.761
"OASIS_3",1.833
"OASIS_3",1.87
"OASIS_3",1.705
"OASIS_3",1.649
"OASIS_3",1.744
"OASIS_3",1.834
"OASIS_3",1.728
"OASIS_3",1.682
"OASIS_3",1.768
"OASIS_3",1.699
"OASIS_3",1.805
"OASIS_3",1.722
"OASIS_3",1.758
"OASIS_3",1.677
"OASIS_3",1.777
"OASIS_3",1.812
"OASIS_3",1.795
"OASIS_3",1.79
"OASIS_3",2.047
"OASIS_3",1.969
"OASIS_3",2.004
"OASIS_3",1.807
"OASIS_3",1.643
"OASIS_3",1.846
"OASIS_3",1.763
"OASIS_3",1.641
"OASIS_3",1.752
"OASIS_3",1.678
"OASIS_3",1.684
"OASIS_3",1.706
"OASIS_3",1.934
"OASIS_3",1.857
"OASIS_3",1.887
"OASIS_3",1.869
"OASIS_3",1.916
"OASIS_3",1.829
"OASIS_3",1.78
"OASIS_3",1.785
"OASIS_3",1.793
"OASIS_3",1.891
"OASIS_3",1.903
"OASIS_3",1.874
"OASIS_3",1.691
"OASIS_3",1.742
"OASIS_3",1.739
"OASIS_3",1.81
"OASIS_3",1.844
"OASIS_3",1.931
"OASIS_3",1.958
"OASIS_3",1.858
"OASIS_3",1.695
"OASIS_3",1.779
"OASIS_3",1.958
"OASIS_3",1.966
"OASIS_3",1.946
"OASIS_3",1.953
"OASIS_3",1.881
"OASIS_3",1.883
"OASIS_3",1.662
"OASIS_3",1.771
"OASIS_3",1.694
"OASIS_3",1.782
"OASIS_3",1.605
"OASIS_3",1.607
"OASIS_3",1.649
"OASIS_3",1.747
"OASIS_3",1.779
"OASIS_3",1.841
"OASIS_3",1.819
"OASIS_3",1.777
"OASIS_3",1.82
"OASIS_3",1.843
"OASIS_3",1.801
"OASIS_3",1.803
"OASIS_3",1.913
"OASIS_3",1.879
"OASIS_3",1.74
"OASIS_3",1.711
"OASIS_3",1.706
"OASIS_3",1.653
"OASIS_3",1.675
"OASIS_3",1.9
"OASIS_3",2.056
"OASIS_3",2.063
"OASIS_3",1.75
"OASIS_3",1.759
"OASIS_3",1.723
"OASIS_3",1.788
"OASIS_3",1.672
"OASIS_3",1.737
"OASIS_3",1.785
"OASIS_3",1.778
"OASIS_3",1.951
"OASIS_3",1.921
"OASIS_3",1.905
"OASIS_3",1.764
"OASIS_3",1.838
"OASIS_3",1.691
"OASIS_3",1.776
"OASIS_3",1.83
"OASIS_3",1.874
"OASIS_3",1.985
"OASIS_3",1.961
"OASIS_3",1.812
"OASIS_3",1.765
"OASIS_3",1.64
"OASIS_3",1.745
"OASIS_3",1.716
"OASIS_3",1.667
"OASIS_3",1.872
"OASIS_3",1.809
"OASIS_3",1.914
"OASIS_3",1.834
"OASIS_3",1.756
"OASIS_3",1.841
"OASIS_3",1.828
"OASIS_3",1.684
"OASIS_3",1.889
"OASIS_3",1.688
"OASIS_3",1.9
"OASIS_3",1.879
"OASIS_3",1.889
"OASIS_3",1.835
"OASIS_3",1.926
"OASIS_3",1.922
"OASIS_3",1.802
"OASIS_3",1.972
"OASIS_3",1.731
"OASIS_3",1.828
"OASIS_3",1.895
"OASIS_3",1.836
"OASIS_3",1.791
"OASIS_3",1.825
"OASIS_3",1.756
"OASIS_3",1.77
"OASIS_3",1.868
"OASIS_3",1.872
"OASIS_3",1.806
"OASIS_3",1.653
"OASIS_3",1.759
"OASIS_3",1.753
"OASIS_3",1.691
"OASIS_3",1.665
"OASIS_3",1.677
"OASIS_3",1.674
"OASIS_3",1.536
"OASIS_3",1.722
"OASIS_3",1.706
"OASIS_3",1.946
"OASIS_3",1.903
"OASIS_3",1.808
"OASIS_3",1.891
"OASIS_3",1.892
"OASIS_3",1.861
"OASIS_3",1.833
"OASIS_3",1.853
"OASIS_3",1.677
"OASIS_3",1.605
"OASIS_3",1.646
"OASIS_3",1.854
"OASIS_3",1.654
"OASIS_3",1.869
"OASIS_3",1.88
"OASIS_3",1.7
"OASIS_3",1.757
"OASIS_3",1.639
"OASIS_3",1.635
"OASIS_3",1.66
"OASIS_3",1.809
"OASIS_3",1.762
"OASIS_3",1.835
"OASIS_3",1.817
"OASIS_3",1.838
"OASIS_3",1.874
"OASIS_3",1.877
"OASIS_3",1.827
"OASIS_3",1.887
"OASIS_3",1.862
"OASIS_3",1.903
"OASIS_3",1.935
"OASIS_3",1.859
"OASIS_3",1.746
"OASIS_3",1.845
"OASIS_3",1.756
"OASIS_3",1.761
"OASIS_3",1.622
"OASIS_3",1.643
"OASIS_3",1.799
"OASIS_3",1.734
"OASIS_3",1.781
"OASIS_3",1.756
"OASIS_3",1.874
"OASIS_3",1.759
"OASIS_3",1.763
"OASIS_3",1.964
"OASIS_3",1.714
"OASIS_3",1.838
"OASIS_3",1.825
"OASIS_3",1.771
"OASIS_3",1.837
"OASIS_3",1.893
"OASIS_3",1.831
"OASIS_3",1.849
"OASIS_3",1.823
"OASIS_3",1.692
"OASIS_3",1.968
"OASIS_3",1.978
"OASIS_3",1.686
"OASIS_3",1.917
"OASIS_3",1.919
"OASIS_3",1.845
"OASIS_3",1.617
"OASIS_3",1.633
"OASIS_3",1.681
"OASIS_3",1.904
"OASIS_3",1.838
"OASIS_3",1.671
"OASIS_3",1.757
"OASIS_3",1.551
"OASIS_3",1.716
"OASIS_3",1.628
"OASIS_3",1.823
"OASIS_3",1.956
"OASIS_3",1.825
"OASIS_3",1.802
"OASIS_3",1.836
"OASIS_3",1.744
"OASIS_3",1.7
"OASIS_3",1.671
"OASIS_3",1.844
"OASIS_3",1.796
"OASIS_3",1.784
"OASIS_3",1.867
"OASIS_3",1.797
"OASIS_3",1.884
"OASIS_3",1.792
"OASIS_3",1.91
"OASIS_3",1.658
"OASIS_3",1.702
"OASIS_3",1.622
"OASIS_3",1.975
"OASIS_3",1.916
"OASIS_3",1.908
"OASIS_3",1.855
"OASIS_3",2.035
"OASIS_3",2.043
"OASIS_3",1.891
"OASIS_3",1.809
"OASIS_3",1.793
"OASIS_3",1.788
"OASIS_3",1.808
"OASIS_3",1.913
"OASIS_3",1.943
"OASIS_3",1.635
"OASIS_3",1.652
"OASIS_3",1.737
"OASIS_3",1.737
"OASIS_3",1.746
"OASIS_3",1.809
"OASIS_3",1.765
"OASIS_3",1.685
"OASIS_3",1.786
"OASIS_3",1.723
"OASIS_3",1.714
"OASIS_3",1.71
"OASIS_3",1.706
"OASIS_3",1.677
"OASIS_3",1.665
"OASIS_3",1.681
"OASIS_3",1.782
"OASIS_3",1.832
"OASIS_3",1.846
"OASIS_3",1.808
"OASIS_3",1.59
"OASIS_3",1.673
"OASIS_3",1.633
"OASIS_3",1.923
"OASIS_3",1.952
"OASIS_3",1.938
"OASIS_3",1.885
"OASIS_3",1.861
"OASIS_3",1.878
"OASIS_3",1.917
"OASIS_3",1.839
"OASIS_3",1.912
"OASIS_3",1.877
"OASIS_3",1.749
"OASIS_3",1.953
"OASIS_3",1.858
"OASIS_3",1.896
"OASIS_3",1.845
"OASIS_3",1.706
"OASIS_3",2.291
"OASIS_3",1.799
"OASIS_3",1.78
"OASIS_3",1.816
"OASIS_3",1.771
"OASIS_3",1.764
"OASIS_3",1.715
"OASIS_3",1.798
"OASIS_3",1.743
"OASIS_3",1.752
"OASIS_3",1.908
"OASIS_3",1.932
"OASIS_3",1.741
"OASIS_3",1.751
"OASIS_3",1.919
"OASIS_3",1.957
"OASIS_3",2.059
"OASIS_3",1.897
"OASIS_3",1.95
"OASIS_3",2.093
"OASIS_3",2.147
"OASIS_3",2.07
"OASIS_3",1.892
"OASIS_3",1.778
"OASIS_3",1.777
"OASIS_3",1.898
"OASIS_3",1.727
"OASIS_3",1.642
"OASIS_3",1.634
"OASIS_3",1.626
"OASIS_3",1.686
"OASIS_3",1.799
"OASIS_3",1.863
"OASIS_3",1.653
"OASIS_3",1.701
"OASIS_3",1.675
"OASIS_3",1.96
"OASIS_3",1.75
"OASIS_3",1.769
"OASIS_3",1.835
"OASIS_3",1.805
"OASIS_3",1.871
"OASIS_3",1.879
"OASIS_3",1.844
"OASIS_3",1.698
"OASIS_3",1.78
"OASIS_3",1.782
"OASIS_3",1.807
"OASIS_3",1.864
"OASIS_3",1.826
"OASIS_3",1.612
"OASIS_3",2.019
"OASIS_3",1.902
"OASIS_3",1.971
"OASIS_3",1.856
"OASIS_3",1.906
"OASIS_3",2.045
"OASIS_3",1.85
"OASIS_3",1.851
"OASIS_3",1.803
"OASIS_3",1.748
"OASIS_3",1.715
"OASIS_3",1.912
"OASIS_3",2.01
"OASIS_3",1.654
"OASIS_3",1.645
"OASIS_3",1.88
"OASIS_3",1.702
"OASIS_3",1.7
"OASIS_3",1.785
"OASIS_3",1.705
"OASIS_3",1.751
"OASIS_3",1.822
"OASIS_3",1.838
"OASIS_3",1.848
"OASIS_3",1.779
"OASIS_3",1.921
"OASIS_3",1.817
"OASIS_3",1.761
"OASIS_3",1.725
"OASIS_3",1.686
"OASIS_3",1.744
"OASIS_3",1.811
"OASIS_3",1.811
"OASIS_3",1.845
"OASIS_3",1.785
"OASIS_3",1.782
"OASIS_3",1.713
"OASIS_3",1.828
"OASIS_3",1.814
"OASIS_3",1.815
"OASIS_3",1.719
"OASIS_3",1.662
"OASIS_3",1.607
"OASIS_3",1.626
"OASIS_3",1.888
"OASIS_3",1.854
"OASIS_3",1.932
"OASIS_3",1.948
"OASIS_3",2.017
"OASIS_3",1.968
"OASIS_3",1.761
"OASIS_3",1.841
"OASIS_3",1.757
"OASIS_3",1.89
"OASIS_3",1.89
"beijingEn",1.881
"beijingEn",1.673
"beijingEn",1.697
"beijingEn",1.862
"beijingEn",1.743
"beijingEn",1.751
"beijingEn",1.847
"beijingEn",1.693
"beijingEn",1.705
"beijingEn",1.898
"beijingEn",1.892
"beijingEn",1.947
"beijingEn",1.866
"beijingEn",1.708
"beijingEn",1.75
"beijingEn",1.697
"beijingEn",1.865
"beijingEn",1.687
"beijingEn",1.966
"beijingEn",1.959
"beijingEn",1.794
"beijingEn",1.723
"beijingEn",1.773
"beijingEn",1.714
"beijingEn",1.826
"beijingEn",1.777
"beijingEn",1.656
"beijingEn",1.788
"beijingEn",1.741
"beijingEn",1.827
"beijingEn",1.922
"beijingEn",1.601
"beijingEn",1.772
"beijingEn",1.776
"beijingEn",1.845
"beijingEn",1.788
"beijingEn",1.882
"beijingEn",1.824
"beijingEn",1.738
"beijingEn",1.774
"beijingEn",1.694
"beijingEn",1.903
"beijingEn",1.939
"beijingEn",1.825
"beijingEn",1.824
"beijingEn",1.804
"beijingEn",1.827
"beijingEn",1.851
"beijingEn",1.583
"beijingEn",1.787
"beijingEn",1.747
"beijingEn",1.842
"beijingEn",1.753
"beijingEn",1.864
"beijingEn",1.955
"beijingEn",2.162
"beijingEn",1.966
"beijingEn",1.848
"beijingEn",1.69
"beijingEn",1.754
"beijingEn",2.069
"beijingEn",1.759
"beijingEn",1.646
"beijingEn",1.797
"beijingEn",1.719
"beijingEn",1.829
"beijingEn",1.883
"beijingEn",1.817
"beijingEn",1.672
"beijingEn",1.768
"beijingEn",1.663
"beijingEn",1.779
"beijingEn",1.812
"beijingEn",1.741
"beijingEn",1.821
"beijingEn",1.904
"beijingEn",1.84
"beijingEn",1.774
"beijingEn",1.731
"beijingEn",1.754
"beijingEn",1.819
"beijingEn",1.903
"beijingEn",1.974
"beijingEn",2.069
"beijingEn",1.644
"beijingEn",1.815
"beijingEn",1.862
"beijingEn",1.737
"beijingEn",1.701
"beijingEn",1.77
"beijingEn",1.936
"beijingEn",1.631
"beijingEn",1.914
"beijingEn",1.872
"beijingEn",1.785
"beijingEn",1.887
"beijingEn",1.866
"beijingEn",1.769
"beijingEn",1.768
"beijingEn",1.793
"beijingEn",1.834
"beijingEn",1.87
"beijingEn",1.765
"beijingEn",1.807
"beijingEn",1.719
"beijingEn",1.947
"beijingEn",1.859
"beijingEn",1.623
"beijingEn",1.731
"beijingEn",1.9
"beijingEn",1.969
"beijingEn",1.869
"beijingEn",1.688
"beijingEn",1.829
"beijingEn",1.804
"beijingEn",1.898
"beijingEn",1.626
"beijingEn",1.678
"beijingEn",1.533
"beijingEn",1.735
"beijingEn",1.892
"beijingEn",1.787
"beijingEn",1.769
"beijingEn",1.854
"beijingEn",1.941
"beijingEn",1.657
"beijingEn",1.855
"beijingEn",1.799
"beijingEn",1.721
"beijingEn",1.82
"beijingEn",1.825
"beijingEn",1.808
"beijingEn",2.114
"beijingEn",2.003
"beijingEn",1.709
"beijingEn",1.733
"beijingEn",1.723
"beijingEn",1.72
"beijingEn",1.858
"beijingEn",1.72
"beijingEn",1.793
"beijingEn",1.866
"beijingEn",1.838
"beijingEn",1.676
"beijingEn",1.849
"beijingEn",1.705
"beijingEn",1.685
"beijingEn",1.946
"beijingEn",1.821
"beijingEn",1.851
"beijingEn",1.871
"beijingEn",1.845
"beijingEn",1.85
"beijingEn",1.739
"beijingEn",1.843
"beijingEn",1.762
"beijingEn",1.719
"beijingEn",1.696
"beijingEn",1.846
"beijingEn",1.777
"beijingEn",1.687
"beijingEn",1.603
"beijingEn",1.711
"beijingEn",1.81
"beijingEn",1.691
"beijingEn",1.833
"beijingEn",1.774
"beijingEn",1.859
"beijingEn",1.914
"beijingEn",1.928
"beijingEn",2.001
"beijingEn",1.854
"beijingEn",1.726
"beijingEn",1.915
"beijingEn",2.026
"beijingEn",1.781
"beijingEn",1.683
"beijingEn",1.702
"beijingEn",1.969
